[DEBUG] 2025-09-08 21:36:10.092 - >>> ENTERING ChangeMapService.changeMap()
[DEBUG] 2025-09-08 21:36:10.094 - Player: null
[DEBUG] 2025-09-08 21:36:10.095 - Target MapId: -1, ZoneId: -1
[DEBUG] 2025-09-08 21:36:10.096 - >>> ENTERING ChangeMapService.changeMap()
[DEBUG] 2025-09-08 21:36:10.096 - Player: null
[DEBUG] 2025-09-08 21:36:10.097 - Target MapId: -1, ZoneId: -1
[DEBUG] 2025-09-08 21:36:10.097 - >>> ENTERING ChangeMapService.changeMap()
[DEBUG] 2025-09-08 21:36:10.097 - Player: null
[DEBUG] 2025-09-08 21:36:10.097 - Target MapId: -1, ZoneId: -1
[DEBUG] 2025-09-08 21:36:10.099 - >>> ENTERING ChangeMapService.changeMap()
[DEBUG] 2025-09-08 21:36:10.100 - Player: null
[DEBUG] 2025-09-08 21:36:10.101 - Target MapId: -1, ZoneId: -1
[DEBUG] 2025-09-08 21:36:10.102 - >>> ENTERING ChangeMapService.changeMap()
[DEBUG] 2025-09-08 21:36:10.102 - Player: null
[DEBUG] 2025-09-08 21:36:10.103 - Target MapId: -1, ZoneId: -1
[DEBUG] 2025-09-08 21:36:10.104 - >>> ENTERING ChangeMapService.changeMap()
[DEBUG] 2025-09-08 21:36:10.104 - Player: null
[DEBUG] 2025-09-08 21:36:10.105 - Target MapId: -1, ZoneId: -1
[DEBUG] 2025-09-08 21:36:10.106 - >>> ENTERING ChangeMapService.changeMap()
[DEBUG] 2025-09-08 21:36:10.107 - Player: null
[DEBUG] 2025-09-08 21:36:10.107 - Target MapId: -1, ZoneId: -1
[DEBUG] 2025-09-08 21:36:10.107 - >>> ENTERING ChangeMapService.changeMap()
[DEBUG] 2025-09-08 21:36:10.107 - Player: null
[DEBUG] 2025-09-08 21:36:10.108 - Target MapId: -1, ZoneId: -1
[DEBUG] 2025-09-08 21:36:10.108 - >>> ENTERING ChangeMapService.changeMap()
[DEBUG] 2025-09-08 21:36:10.109 - Player: null
[DEBUG] 2025-09-08 21:36:10.109 - Target MapId: -1, ZoneId: -1
[DEBUG] 2025-09-08 21:36:10.110 - >>> ENTERING ChangeMapService.changeMap()
[DEBUG] 2025-09-08 21:36:10.110 - Player: null
[DEBUG] 2025-09-08 21:36:10.110 - Target MapId: -1, ZoneId: -1
[DEBUG] 2025-09-08 21:36:10.111 - >>> ENTERING ChangeMapService.changeMap()
[DEBUG] 2025-09-08 21:36:10.111 - Player: null
[DEBUG] 2025-09-08 21:36:10.111 - Target MapId: -1, ZoneId: -1
[DEBUG] 2025-09-08 21:36:10.112 - >>> ENTERING ChangeMapService.changeMap()
[DEBUG] 2025-09-08 21:36:10.113 - Player: null
[DEBUG] 2025-09-08 21:36:10.113 - Target MapId: -1, ZoneId: -1
[DEBUG] 2025-09-08 21:36:10.114 - >>> ENTERING ChangeMapService.changeMap()
[DEBUG] 2025-09-08 21:36:10.114 - Player: null
[DEBUG] 2025-09-08 21:36:10.114 - Target MapId: -1, ZoneId: -1
[DEBUG] 2025-09-08 21:36:10.115 - >>> ENTERING ChangeMapService.changeMap()
[DEBUG] 2025-09-08 21:36:10.116 - Player: null
[DEBUG] 2025-09-08 21:36:10.117 - Target MapId: -1, ZoneId: -1
[DEBUG] 2025-09-08 21:36:10.117 - >>> ENTERING ChangeMapService.changeMap()
[DEBUG] 2025-09-08 21:36:10.119 - Player: null
[DEBUG] 2025-09-08 21:36:10.119 - Target MapId: -1, ZoneId: -1
[DEBUG] 2025-09-08 21:36:10.120 - >>> ENTERING ChangeMapService.changeMap()
[DEBUG] 2025-09-08 21:36:10.121 - Player: null
[DEBUG] 2025-09-08 21:36:10.121 - Target MapId: -1, ZoneId: -1
[DEBUG] 2025-09-08 21:36:10.122 - >>> ENTERING ChangeMapService.changeMap()
[DEBUG] 2025-09-08 21:36:10.123 - Player: null
[DEBUG] 2025-09-08 21:36:10.124 - Target MapId: -1, ZoneId: -1
[DEBUG] 2025-09-08 21:36:10.124 - >>> ENTERING ChangeMapService.changeMap()
[DEBUG] 2025-09-08 21:36:10.125 - Player: null
[DEBUG] 2025-09-08 21:36:10.125 - Target MapId: -1, ZoneId: -1
[DEBUG] 2025-09-08 21:36:10.125 - >>> ENTERING ChangeMapService.changeMap()
[DEBUG] 2025-09-08 21:36:10.126 - Player: null
[DEBUG] 2025-09-08 21:36:10.126 - Target MapId: -1, ZoneId: -1
[DEBUG] 2025-09-08 21:36:10.127 - >>> ENTERING ChangeMapService.changeMap()
[DEBUG] 2025-09-08 21:36:10.127 - Player: null
[DEBUG] 2025-09-08 21:36:10.127 - Target MapId: -1, ZoneId: -1
[DEBUG] 2025-09-08 21:36:10.128 - >>> ENTERING ChangeMapService.changeMap()
[DEBUG] 2025-09-08 21:36:10.128 - Player: null
[DEBUG] 2025-09-08 21:36:10.128 - Target MapId: -1, ZoneId: -1
[DEBUG] 2025-09-08 21:36:10.129 - >>> ENTERING ChangeMapService.changeMap()
[DEBUG] 2025-09-08 21:36:10.129 - Player: null
[DEBUG] 2025-09-08 21:36:10.129 - Target MapId: -1, ZoneId: -1
[DEBUG] 2025-09-08 21:36:10.131 - >>> ENTERING ChangeMapService.changeMap()
[DEBUG] 2025-09-08 21:36:10.132 - Player: null
[DEBUG] 2025-09-08 21:36:10.132 - Target MapId: -1, ZoneId: -1
[DEBUG] 2025-09-08 21:36:10.133 - >>> ENTERING ChangeMapService.changeMap()
[DEBUG] 2025-09-08 21:36:10.133 - Player: null
[DEBUG] 2025-09-08 21:36:10.133 - Target MapId: -1, ZoneId: -1
[DEBUG] 2025-09-08 21:36:10.134 - >>> ENTERING ChangeMapService.changeMap()
[DEBUG] 2025-09-08 21:36:10.134 - Player: null
[DEBUG] 2025-09-08 21:36:10.134 - Target MapId: -1, ZoneId: -1
[DEBUG] 2025-09-08 21:36:10.135 - >>> ENTERING ChangeMapService.changeMap()
[DEBUG] 2025-09-08 21:36:10.135 - Player: null
[DEBUG] 2025-09-08 21:36:10.135 - Target MapId: -1, ZoneId: -1
[DEBUG] 2025-09-08 21:36:10.136 - >>> ENTERING ChangeMapService.changeMap()
[DEBUG] 2025-09-08 21:36:10.136 - Player: null
[DEBUG] 2025-09-08 21:36:10.136 - Target MapId: -1, ZoneId: -1
[DEBUG] 2025-09-08 21:36:10.137 - >>> ENTERING ChangeMapService.changeMap()
[DEBUG] 2025-09-08 21:36:10.137 - Player: null
[DEBUG] 2025-09-08 21:36:10.137 - Target MapId: -1, ZoneId: -1
[DEBUG] 2025-09-08 21:36:10.138 - >>> ENTERING ChangeMapService.changeMap()
[DEBUG] 2025-09-08 21:36:10.138 - Player: null
[DEBUG] 2025-09-08 21:36:10.138 - Target MapId: -1, ZoneId: -1
[DEBUG] 2025-09-08 21:36:10.139 - >>> ENTERING ChangeMapService.changeMap()
[DEBUG] 2025-09-08 21:36:10.139 - Player: null
[DEBUG] 2025-09-08 21:36:10.139 - Target MapId: -1, ZoneId: -1
[DEBUG] 2025-09-08 21:36:10.139 - >>> ENTERING ChangeMapService.changeMap()
[DEBUG] 2025-09-08 21:36:10.139 - Player: null
[DEBUG] 2025-09-08 21:36:10.140 - Target MapId: -1, ZoneId: -1
[DEBUG] 2025-09-08 21:36:10.140 - >>> ENTERING ChangeMapService.changeMap()
[DEBUG] 2025-09-08 21:36:10.140 - Player: null
[DEBUG] 2025-09-08 21:36:10.140 - Target MapId: -1, ZoneId: -1
[DEBUG] 2025-09-08 21:36:10.140 - >>> ENTERING ChangeMapService.changeMap()
[DEBUG] 2025-09-08 21:36:10.141 - Player: null
[DEBUG] 2025-09-08 21:36:10.142 - Target MapId: -1, ZoneId: -1
[DEBUG] 2025-09-08 21:36:10.143 - >>> ENTERING ChangeMapService.changeMap()
[DEBUG] 2025-09-08 21:36:10.143 - Player: null
[DEBUG] 2025-09-08 21:36:10.144 - Target MapId: -1, ZoneId: -1
[DEBUG] 2025-09-08 21:36:10.144 - >>> ENTERING ChangeMapService.changeMap()
[DEBUG] 2025-09-08 21:36:10.145 - Player: null
[DEBUG] 2025-09-08 21:36:10.145 - Target MapId: -1, ZoneId: -1
[DEBUG] 2025-09-08 21:36:10.145 - >>> ENTERING ChangeMapService.changeMap()
[DEBUG] 2025-09-08 21:36:10.146 - Player: null
[DEBUG] 2025-09-08 21:36:10.147 - Target MapId: -1, ZoneId: -1
[DEBUG] 2025-09-08 21:36:10.147 - >>> ENTERING ChangeMapService.changeMap()
[DEBUG] 2025-09-08 21:36:10.149 - Player: null
[DEBUG] 2025-09-08 21:36:10.150 - Target MapId: -1, ZoneId: -1
[DEBUG] 2025-09-08 21:36:10.151 - >>> ENTERING ChangeMapService.changeMap()
[DEBUG] 2025-09-08 21:36:10.152 - Player: null
[DEBUG] 2025-09-08 21:36:10.152 - Target MapId: -1, ZoneId: -1
[DEBUG] 2025-09-08 21:36:10.153 - >>> ENTERING ChangeMapService.changeMap()
[DEBUG] 2025-09-08 21:36:10.153 - Player: null
[DEBUG] 2025-09-08 21:36:10.154 - Target MapId: -1, ZoneId: -1
[DEBUG] 2025-09-08 21:36:10.155 - >>> ENTERING ChangeMapService.changeMap()
[DEBUG] 2025-09-08 21:36:10.155 - Player: null
[DEBUG] 2025-09-08 21:36:10.155 - Target MapId: -1, ZoneId: -1
[DEBUG] 2025-09-08 21:36:10.156 - >>> ENTERING ChangeMapService.changeMap()
[DEBUG] 2025-09-08 21:36:10.156 - Player: null
[DEBUG] 2025-09-08 21:36:10.156 - Target MapId: -1, ZoneId: -1
[DEBUG] 2025-09-08 21:36:10.157 - >>> ENTERING ChangeMapService.changeMap()
[DEBUG] 2025-09-08 21:36:10.157 - Player: null
[DEBUG] 2025-09-08 21:36:10.158 - Target MapId: -1, ZoneId: -1
[DEBUG] 2025-09-08 21:36:10.159 - >>> ENTERING ChangeMapService.changeMap()
[DEBUG] 2025-09-08 21:36:10.160 - Player: null
[DEBUG] 2025-09-08 21:36:10.161 - Target MapId: -1, ZoneId: -1
[DEBUG] 2025-09-08 21:36:10.162 - >>> ENTERING ChangeMapService.changeMap()
[DEBUG] 2025-09-08 21:36:10.162 - Player: null
[DEBUG] 2025-09-08 21:36:10.163 - Target MapId: -1, ZoneId: -1
[DEBUG] 2025-09-08 21:36:10.164 - >>> ENTERING ChangeMapService.changeMap()
[DEBUG] 2025-09-08 21:36:10.164 - Player: null
[DEBUG] 2025-09-08 21:36:10.165 - Target MapId: -1, ZoneId: -1
[DEBUG] 2025-09-08 21:36:10.166 - >>> ENTERING ChangeMapService.changeMap()
[DEBUG] 2025-09-08 21:36:10.167 - Player: null
[DEBUG] 2025-09-08 21:36:10.167 - Target MapId: -1, ZoneId: -1
[DEBUG] 2025-09-08 21:36:10.168 - >>> ENTERING ChangeMapService.changeMap()
[DEBUG] 2025-09-08 21:36:10.169 - Player: null
[DEBUG] 2025-09-08 21:36:10.169 - Target MapId: -1, ZoneId: -1
[DEBUG] 2025-09-08 21:36:10.169 - >>> ENTERING ChangeMapService.changeMap()
[DEBUG] 2025-09-08 21:36:10.169 - Player: null
[DEBUG] 2025-09-08 21:36:10.170 - Target MapId: -1, ZoneId: -1
[DEBUG] 2025-09-08 21:36:10.170 - >>> ENTERING ChangeMapService.changeMap()
[DEBUG] 2025-09-08 21:36:10.170 - Player: null
[DEBUG] 2025-09-08 21:36:10.170 - Target MapId: -1, ZoneId: -1
[DEBUG] 2025-09-08 21:36:10.171 - >>> ENTERING ChangeMapService.changeMap()
[DEBUG] 2025-09-08 21:36:10.171 - Player: null
[DEBUG] 2025-09-08 21:36:10.171 - Target MapId: -1, ZoneId: -1
[DEBUG] 2025-09-08 21:36:10.171 - >>> ENTERING ChangeMapService.changeMap()
[DEBUG] 2025-09-08 21:36:10.171 - Player: null
[DEBUG] 2025-09-08 21:36:10.172 - Target MapId: -1, ZoneId: -1
[DEBUG] 2025-09-08 21:36:10.172 - >>> ENTERING ChangeMapService.changeMap()
[DEBUG] 2025-09-08 21:36:10.173 - Player: null
[DEBUG] 2025-09-08 21:36:10.173 - Target MapId: -1, ZoneId: -1
[DEBUG] 2025-09-08 21:36:10.174 - >>> ENTERING ChangeMapService.changeMap()
[DEBUG] 2025-09-08 21:36:10.174 - Player: null
[DEBUG] 2025-09-08 21:36:10.175 - Target MapId: -1, ZoneId: -1
[DEBUG] 2025-09-08 21:36:10.175 - >>> ENTERING ChangeMapService.changeMap()
[DEBUG] 2025-09-08 21:36:10.176 - Player: null
[DEBUG] 2025-09-08 21:36:10.176 - Target MapId: -1, ZoneId: -1
[DEBUG] 2025-09-08 21:36:10.176 - >>> ENTERING ChangeMapService.changeMap()
[DEBUG] 2025-09-08 21:36:10.176 - Player: null
[DEBUG] 2025-09-08 21:36:10.177 - Target MapId: -1, ZoneId: -1
[DEBUG] 2025-09-08 21:36:10.177 - >>> ENTERING ChangeMapService.changeMap()
[DEBUG] 2025-09-08 21:36:10.177 - Player: null
[DEBUG] 2025-09-08 21:36:10.177 - Target MapId: -1, ZoneId: -1
[DEBUG] 2025-09-08 21:36:10.178 - >>> ENTERING ChangeMapService.changeMap()
[DEBUG] 2025-09-08 21:36:10.178 - Player: null
[DEBUG] 2025-09-08 21:36:10.178 - Target MapId: -1, ZoneId: -1
[DEBUG] 2025-09-08 21:36:10.178 - >>> ENTERING ChangeMapService.changeMap()
[DEBUG] 2025-09-08 21:36:10.179 - Player: null
[DEBUG] 2025-09-08 21:36:10.179 - Target MapId: -1, ZoneId: -1
[DEBUG] 2025-09-08 21:36:10.179 - >>> ENTERING ChangeMapService.changeMap()
[DEBUG] 2025-09-08 21:36:10.179 - Player: null
[DEBUG] 2025-09-08 21:36:10.179 - Target MapId: -1, ZoneId: -1
[DEBUG] 2025-09-08 21:36:10.181 - >>> ENTERING ChangeMapService.changeMap()
[DEBUG] 2025-09-08 21:36:10.183 - Player: null
[DEBUG] 2025-09-08 21:36:10.184 - Target MapId: -1, ZoneId: -1
[DEBUG] 2025-09-08 21:36:10.184 - >>> ENTERING ChangeMapService.changeMap()
[DEBUG] 2025-09-08 21:36:10.185 - Player: null
[DEBUG] 2025-09-08 21:36:10.185 - Target MapId: -1, ZoneId: -1
[DEBUG] 2025-09-08 21:36:10.185 - >>> ENTERING ChangeMapService.changeMap()
[DEBUG] 2025-09-08 21:36:10.185 - Player: null
[DEBUG] 2025-09-08 21:36:10.186 - Target MapId: -1, ZoneId: -1
[DEBUG] 2025-09-08 21:36:10.186 - >>> ENTERING ChangeMapService.changeMap()
[DEBUG] 2025-09-08 21:36:10.186 - Player: null
[DEBUG] 2025-09-08 21:36:10.187 - Target MapId: -1, ZoneId: -1
[DEBUG] 2025-09-08 21:36:10.188 - >>> ENTERING ChangeMapService.changeMap()
[DEBUG] 2025-09-08 21:36:10.188 - Player: null
[DEBUG] 2025-09-08 21:36:10.188 - Target MapId: -1, ZoneId: -1
[DEBUG] 2025-09-08 21:36:10.189 - >>> ENTERING ChangeMapService.changeMap()
[DEBUG] 2025-09-08 21:36:10.190 - Player: null
[DEBUG] 2025-09-08 21:36:10.190 - Target MapId: -1, ZoneId: -1
[DEBUG] 2025-09-08 21:36:10.191 - >>> ENTERING ChangeMapService.changeMap()
[DEBUG] 2025-09-08 21:36:10.191 - Player: null
[DEBUG] 2025-09-08 21:36:10.192 - Target MapId: -1, ZoneId: -1
[DEBUG] 2025-09-08 21:36:10.194 - >>> ENTERING ChangeMapService.changeMap()
[DEBUG] 2025-09-08 21:36:10.195 - Player: null
[DEBUG] 2025-09-08 21:36:10.195 - Target MapId: -1, ZoneId: -1
[DEBUG] 2025-09-08 21:36:10.196 - >>> ENTERING ChangeMapService.changeMap()
[DEBUG] 2025-09-08 21:36:10.196 - Player: null
[DEBUG] 2025-09-08 21:36:10.197 - Target MapId: -1, ZoneId: -1
[DEBUG] 2025-09-08 21:36:10.198 - >>> ENTERING ChangeMapService.changeMap()
[DEBUG] 2025-09-08 21:36:10.199 - Player: null
[DEBUG] 2025-09-08 21:36:10.199 - Target MapId: -1, ZoneId: -1
[DEBUG] 2025-09-08 21:36:10.200 - >>> ENTERING ChangeMapService.changeMap()
[DEBUG] 2025-09-08 21:36:10.200 - Player: null
[DEBUG] 2025-09-08 21:36:10.200 - Target MapId: -1, ZoneId: -1
[DEBUG] 2025-09-08 21:36:10.201 - >>> ENTERING ChangeMapService.changeMap()
[DEBUG] 2025-09-08 21:36:10.201 - Player: null
[DEBUG] 2025-09-08 21:36:10.201 - Target MapId: -1, ZoneId: -1
[DEBUG] 2025-09-08 21:36:10.202 - >>> ENTERING ChangeMapService.changeMap()
[DEBUG] 2025-09-08 21:36:10.202 - Player: null
[DEBUG] 2025-09-08 21:36:10.203 - Target MapId: -1, ZoneId: -1
[DEBUG] 2025-09-08 21:36:10.203 - >>> ENTERING ChangeMapService.changeMap()
[DEBUG] 2025-09-08 21:36:10.204 - Player: null
[DEBUG] 2025-09-08 21:36:10.204 - Target MapId: -1, ZoneId: -1
[DEBUG] 2025-09-08 21:36:10.204 - >>> ENTERING ChangeMapService.changeMap()
[DEBUG] 2025-09-08 21:36:10.205 - Player: null
[DEBUG] 2025-09-08 21:36:10.205 - Target MapId: -1, ZoneId: -1
[DEBUG] 2025-09-08 21:36:10.206 - >>> ENTERING ChangeMapService.changeMap()
[DEBUG] 2025-09-08 21:36:10.206 - Player: null
[DEBUG] 2025-09-08 21:36:10.206 - Target MapId: -1, ZoneId: -1
[DEBUG] 2025-09-08 21:36:10.207 - >>> ENTERING ChangeMapService.changeMap()
[DEBUG] 2025-09-08 21:36:10.208 - Player: null
[DEBUG] 2025-09-08 21:36:10.208 - Target MapId: -1, ZoneId: -1
[DEBUG] 2025-09-08 21:36:10.209 - >>> ENTERING ChangeMapService.changeMap()
[DEBUG] 2025-09-08 21:36:10.210 - Player: null
[DEBUG] 2025-09-08 21:36:10.210 - Target MapId: -1, ZoneId: -1
[DEBUG] 2025-09-08 21:36:10.211 - >>> ENTERING ChangeMapService.changeMap()
[DEBUG] 2025-09-08 21:36:10.211 - Player: null
[DEBUG] 2025-09-08 21:36:10.212 - Target MapId: -1, ZoneId: -1
[DEBUG] 2025-09-08 21:36:10.212 - >>> ENTERING ChangeMapService.changeMap()
[DEBUG] 2025-09-08 21:36:10.212 - Player: null
[DEBUG] 2025-09-08 21:36:10.214 - Target MapId: -1, ZoneId: -1
[DEBUG] 2025-09-08 21:36:10.214 - >>> ENTERING ChangeMapService.changeMap()
[DEBUG] 2025-09-08 21:36:10.216 - Player: null
[DEBUG] 2025-09-08 21:36:10.217 - Target MapId: -1, ZoneId: -1
[DEBUG] 2025-09-08 21:36:10.218 - >>> ENTERING ChangeMapService.changeMap()
[DEBUG] 2025-09-08 21:36:10.219 - Player: null
[DEBUG] 2025-09-08 21:36:10.220 - Target MapId: -1, ZoneId: -1
[DEBUG] 2025-09-08 21:36:10.220 - >>> ENTERING ChangeMapService.changeMap()
[DEBUG] 2025-09-08 21:36:10.221 - Player: null
[DEBUG] 2025-09-08 21:36:10.221 - Target MapId: -1, ZoneId: -1
[DEBUG] 2025-09-08 21:36:10.222 - >>> ENTERING ChangeMapService.changeMap()
[DEBUG] 2025-09-08 21:36:10.222 - Player: null
[DEBUG] 2025-09-08 21:36:10.223 - Target MapId: -1, ZoneId: -1
[DEBUG] 2025-09-08 21:36:10.224 - >>> ENTERING ChangeMapService.changeMap()
[DEBUG] 2025-09-08 21:36:10.224 - Player: null
[DEBUG] 2025-09-08 21:36:10.225 - Target MapId: -1, ZoneId: -1
[DEBUG] 2025-09-08 21:36:10.225 - >>> ENTERING ChangeMapService.changeMap()
[DEBUG] 2025-09-08 21:36:10.225 - Player: null
[DEBUG] 2025-09-08 21:36:10.226 - Target MapId: -1, ZoneId: -1
[DEBUG] 2025-09-08 21:36:10.227 - >>> ENTERING ChangeMapService.changeMap()
[DEBUG] 2025-09-08 21:36:10.227 - Player: null
[DEBUG] 2025-09-08 21:36:10.227 - Target MapId: -1, ZoneId: -1
[DEBUG] 2025-09-08 21:36:10.228 - >>> ENTERING ChangeMapService.changeMap()
[DEBUG] 2025-09-08 21:36:10.228 - Player: null
[DEBUG] 2025-09-08 21:36:10.228 - Target MapId: -1, ZoneId: -1
[DEBUG] 2025-09-08 21:36:10.228 - >>> ENTERING ChangeMapService.changeMap()
[DEBUG] 2025-09-08 21:36:10.228 - Player: null
[DEBUG] 2025-09-08 21:36:10.229 - Target MapId: -1, ZoneId: -1
[DEBUG] 2025-09-08 21:36:10.229 - >>> ENTERING ChangeMapService.changeMap()
[DEBUG] 2025-09-08 21:36:10.231 - Player: null
[DEBUG] 2025-09-08 21:36:10.231 - Target MapId: -1, ZoneId: -1
[DEBUG] 2025-09-08 21:36:10.232 - >>> ENTERING ChangeMapService.changeMap()
[DEBUG] 2025-09-08 21:36:10.233 - Player: null
[DEBUG] 2025-09-08 21:36:10.234 - Target MapId: -1, ZoneId: -1
[DEBUG] 2025-09-08 21:36:10.234 - >>> ENTERING ChangeMapService.changeMap()
[DEBUG] 2025-09-08 21:36:10.235 - Player: null
[DEBUG] 2025-09-08 21:36:10.236 - Target MapId: -1, ZoneId: -1
[DEBUG] 2025-09-08 21:36:10.236 - >>> ENTERING ChangeMapService.changeMap()
[DEBUG] 2025-09-08 21:36:10.237 - Player: null
[DEBUG] 2025-09-08 21:36:10.237 - Target MapId: -1, ZoneId: -1
[DEBUG] 2025-09-08 21:36:10.238 - >>> ENTERING ChangeMapService.changeMap()
[DEBUG] 2025-09-08 21:36:10.238 - Player: null
[DEBUG] 2025-09-08 21:36:10.239 - Target MapId: -1, ZoneId: -1
[DEBUG] 2025-09-08 21:36:10.239 - >>> ENTERING ChangeMapService.changeMap()
[DEBUG] 2025-09-08 21:36:10.240 - Player: null
[DEBUG] 2025-09-08 21:36:10.241 - Target MapId: -1, ZoneId: -1
[DEBUG] 2025-09-08 21:36:10.241 - >>> ENTERING ChangeMapService.changeMap()
[DEBUG] 2025-09-08 21:36:10.242 - Player: null
[DEBUG] 2025-09-08 21:36:10.242 - Target MapId: -1, ZoneId: -1
[DEBUG] 2025-09-08 21:36:10.243 - >>> ENTERING ChangeMapService.changeMap()
[DEBUG] 2025-09-08 21:36:10.244 - Player: null
[DEBUG] 2025-09-08 21:36:10.244 - Target MapId: -1, ZoneId: -1
[DEBUG] 2025-09-08 21:36:10.245 - >>> ENTERING ChangeMapService.changeMap()
[DEBUG] 2025-09-08 21:36:10.245 - Player: null
[DEBUG] 2025-09-08 21:36:10.245 - Target MapId: -1, ZoneId: -1
[DEBUG] 2025-09-08 21:36:10.245 - >>> ENTERING ChangeMapService.changeMap()
[DEBUG] 2025-09-08 21:36:10.245 - Player: null
[DEBUG] 2025-09-08 21:36:10.246 - Target MapId: -1, ZoneId: -1
[DEBUG] 2025-09-08 21:36:10.246 - >>> ENTERING ChangeMapService.changeMap()
[DEBUG] 2025-09-08 21:36:10.246 - Player: null
[DEBUG] 2025-09-08 21:36:10.246 - Target MapId: -1, ZoneId: -1
[DEBUG] 2025-09-08 21:36:10.246 - >>> ENTERING ChangeMapService.changeMap()
[DEBUG] 2025-09-08 21:36:10.248 - Player: null
[DEBUG] 2025-09-08 21:36:10.248 - Target MapId: -1, ZoneId: -1
[DEBUG] 2025-09-08 21:36:10.250 - >>> ENTERING ChangeMapService.changeMap()
[DEBUG] 2025-09-08 21:36:10.251 - Player: null
[DEBUG] 2025-09-08 21:36:10.251 - Target MapId: -1, ZoneId: -1
[DEBUG] 2025-09-08 21:36:10.252 - >>> ENTERING ChangeMapService.changeMap()
[DEBUG] 2025-09-08 21:36:10.252 - Player: null
[DEBUG] 2025-09-08 21:36:10.252 - Target MapId: -1, ZoneId: -1
[DEBUG] 2025-09-08 21:36:10.253 - >>> ENTERING ChangeMapService.changeMap()
[DEBUG] 2025-09-08 21:36:10.253 - Player: null
[DEBUG] 2025-09-08 21:36:10.253 - Target MapId: -1, ZoneId: -1
[DEBUG] 2025-09-08 21:36:10.253 - >>> ENTERING ChangeMapService.changeMap()
[DEBUG] 2025-09-08 21:36:10.253 - Player: null
[DEBUG] 2025-09-08 21:36:10.253 - Target MapId: -1, ZoneId: -1
[DEBUG] 2025-09-08 21:36:10.254 - >>> ENTERING ChangeMapService.changeMap()
[DEBUG] 2025-09-08 21:36:10.254 - Player: null
[DEBUG] 2025-09-08 21:36:10.255 - Target MapId: -1, ZoneId: -1
[DEBUG] 2025-09-08 21:36:10.255 - >>> ENTERING ChangeMapService.changeMap()
[DEBUG] 2025-09-08 21:36:10.256 - Player: null
[DEBUG] 2025-09-08 21:36:10.256 - Target MapId: -1, ZoneId: -1
[DEBUG] 2025-09-08 21:36:10.256 - >>> ENTERING ChangeMapService.changeMap()
[DEBUG] 2025-09-08 21:36:10.256 - Player: null
[DEBUG] 2025-09-08 21:36:10.256 - Target MapId: -1, ZoneId: -1
[DEBUG] 2025-09-08 21:36:10.257 - >>> ENTERING ChangeMapService.changeMap()
[DEBUG] 2025-09-08 21:36:10.257 - Player: null
[DEBUG] 2025-09-08 21:36:10.257 - Target MapId: -1, ZoneId: -1
[DEBUG] 2025-09-08 21:36:10.257 - >>> ENTERING ChangeMapService.changeMap()
[DEBUG] 2025-09-08 21:36:10.258 - Player: null
[DEBUG] 2025-09-08 21:36:10.258 - Target MapId: -1, ZoneId: -1
[DEBUG] 2025-09-08 21:36:10.258 - >>> ENTERING ChangeMapService.changeMap()
[DEBUG] 2025-09-08 21:36:10.258 - Player: null
[DEBUG] 2025-09-08 21:36:10.258 - Target MapId: -1, ZoneId: -1
[DEBUG] 2025-09-08 21:36:10.259 - >>> ENTERING ChangeMapService.changeMap()
[DEBUG] 2025-09-08 21:36:10.259 - Player: null
[DEBUG] 2025-09-08 21:36:10.259 - Target MapId: -1, ZoneId: -1
[DEBUG] 2025-09-08 21:36:10.259 - >>> ENTERING ChangeMapService.changeMap()
[DEBUG] 2025-09-08 21:36:10.259 - Player: null
[DEBUG] 2025-09-08 21:36:10.261 - Target MapId: -1, ZoneId: -1
[DEBUG] 2025-09-08 21:36:10.261 - >>> ENTERING ChangeMapService.changeMap()
[DEBUG] 2025-09-08 21:36:10.261 - Player: null
[DEBUG] 2025-09-08 21:36:10.261 - Target MapId: -1, ZoneId: -1
[DEBUG] 2025-09-08 21:36:10.261 - >>> ENTERING ChangeMapService.changeMap()
[DEBUG] 2025-09-08 21:36:10.261 - Player: null
[DEBUG] 2025-09-08 21:36:10.261 - Target MapId: -1, ZoneId: -1
[DEBUG] 2025-09-08 21:36:10.262 - >>> ENTERING ChangeMapService.changeMap()
[DEBUG] 2025-09-08 21:36:10.262 - Player: null
[DEBUG] 2025-09-08 21:36:10.262 - Target MapId: -1, ZoneId: -1
[DEBUG] 2025-09-08 21:36:10.263 - >>> ENTERING ChangeMapService.changeMap()
[DEBUG] 2025-09-08 21:36:10.264 - Player: null
[DEBUG] 2025-09-08 21:36:10.264 - Target MapId: -1, ZoneId: -1
[DEBUG] 2025-09-08 21:36:10.265 - >>> ENTERING ChangeMapService.changeMap()
[DEBUG] 2025-09-08 21:36:10.266 - Player: null
[DEBUG] 2025-09-08 21:36:10.266 - Target MapId: -1, ZoneId: -1
[DEBUG] 2025-09-08 21:36:10.266 - >>> ENTERING ChangeMapService.changeMap()
[DEBUG] 2025-09-08 21:36:10.267 - Player: null
[DEBUG] 2025-09-08 21:36:10.268 - Target MapId: -1, ZoneId: -1
[DEBUG] 2025-09-08 21:36:10.269 - >>> ENTERING ChangeMapService.changeMap()
[DEBUG] 2025-09-08 21:36:10.270 - Player: null
[DEBUG] 2025-09-08 21:36:10.271 - Target MapId: -1, ZoneId: -1
[DEBUG] 2025-09-08 21:36:10.272 - >>> ENTERING ChangeMapService.changeMap()
[DEBUG] 2025-09-08 21:36:10.273 - Player: null
[DEBUG] 2025-09-08 21:36:10.273 - Target MapId: -1, ZoneId: -1
[DEBUG] 2025-09-08 21:36:10.274 - >>> ENTERING ChangeMapService.changeMap()
[DEBUG] 2025-09-08 21:36:10.274 - Player: null
[DEBUG] 2025-09-08 21:36:10.275 - Target MapId: -1, ZoneId: -1
[DEBUG] 2025-09-08 21:36:10.275 - >>> ENTERING ChangeMapService.changeMap()
[DEBUG] 2025-09-08 21:36:10.276 - Player: null
[DEBUG] 2025-09-08 21:36:10.276 - Target MapId: -1, ZoneId: -1
[DEBUG] 2025-09-08 21:36:10.277 - >>> ENTERING ChangeMapService.changeMap()
[DEBUG] 2025-09-08 21:36:10.278 - Player: null
[DEBUG] 2025-09-08 21:36:10.279 - Target MapId: -1, ZoneId: -1
[DEBUG] 2025-09-08 21:36:10.279 - >>> ENTERING ChangeMapService.changeMap()
[DEBUG] 2025-09-08 21:36:10.279 - Player: null
[DEBUG] 2025-09-08 21:36:10.281 - Target MapId: -1, ZoneId: -1
[DEBUG] 2025-09-08 21:36:10.282 - >>> ENTERING ChangeMapService.changeMap()
[DEBUG] 2025-09-08 21:36:10.282 - Player: null
[DEBUG] 2025-09-08 21:36:10.284 - Target MapId: -1, ZoneId: -1
[DEBUG] 2025-09-08 21:36:10.285 - >>> ENTERING ChangeMapService.changeMap()
[DEBUG] 2025-09-08 21:36:10.286 - Player: null
[DEBUG] 2025-09-08 21:36:10.287 - Target MapId: -1, ZoneId: -1
[DEBUG] 2025-09-08 21:36:10.288 - >>> ENTERING ChangeMapService.changeMap()
[DEBUG] 2025-09-08 21:36:10.288 - Player: null
[DEBUG] 2025-09-08 21:36:10.289 - Target MapId: -1, ZoneId: -1
[DEBUG] 2025-09-08 21:36:10.290 - >>> ENTERING ChangeMapService.changeMap()
[DEBUG] 2025-09-08 21:36:10.290 - Player: null
[DEBUG] 2025-09-08 21:36:10.291 - Target MapId: -1, ZoneId: -1
[DEBUG] 2025-09-08 21:36:10.291 - >>> ENTERING ChangeMapService.changeMap()
[DEBUG] 2025-09-08 21:36:10.291 - Player: null
[DEBUG] 2025-09-08 21:36:10.292 - Target MapId: -1, ZoneId: -1
[DEBUG] 2025-09-08 21:36:10.292 - >>> ENTERING ChangeMapService.changeMap()
[DEBUG] 2025-09-08 21:36:10.292 - Player: null
[DEBUG] 2025-09-08 21:36:10.292 - Target MapId: -1, ZoneId: -1
[DEBUG] 2025-09-08 21:36:10.293 - >>> ENTERING ChangeMapService.changeMap()
[DEBUG] 2025-09-08 21:36:10.293 - Player: null
[DEBUG] 2025-09-08 21:36:10.293 - Target MapId: -1, ZoneId: -1
[DEBUG] 2025-09-08 21:36:10.293 - >>> ENTERING ChangeMapService.changeMap()
[DEBUG] 2025-09-08 21:36:10.293 - Player: null
[DEBUG] 2025-09-08 21:36:10.294 - Target MapId: -1, ZoneId: -1
[DEBUG] 2025-09-08 21:36:10.294 - >>> ENTERING ChangeMapService.changeMap()
[DEBUG] 2025-09-08 21:36:10.294 - Player: null
[DEBUG] 2025-09-08 21:36:10.294 - Target MapId: -1, ZoneId: -1
[DEBUG] 2025-09-08 21:36:10.294 - >>> ENTERING ChangeMapService.changeMap()
[DEBUG] 2025-09-08 21:36:10.294 - Player: null
[DEBUG] 2025-09-08 21:36:10.295 - Target MapId: -1, ZoneId: -1
[DEBUG] 2025-09-08 21:36:10.295 - >>> ENTERING ChangeMapService.changeMap()
[DEBUG] 2025-09-08 21:36:10.295 - Player: null
[DEBUG] 2025-09-08 21:36:10.295 - Target MapId: -1, ZoneId: -1
[DEBUG] 2025-09-08 21:36:10.295 - >>> ENTERING ChangeMapService.changeMap()
[DEBUG] 2025-09-08 21:36:10.295 - Player: null
[DEBUG] 2025-09-08 21:36:10.296 - Target MapId: -1, ZoneId: -1
[DEBUG] 2025-09-08 21:36:10.296 - >>> ENTERING ChangeMapService.changeMap()
[DEBUG] 2025-09-08 21:36:10.296 - Player: null
[DEBUG] 2025-09-08 21:36:10.296 - Target MapId: -1, ZoneId: -1
[DEBUG] 2025-09-08 21:36:10.296 - >>> ENTERING ChangeMapService.changeMap()
[DEBUG] 2025-09-08 21:36:10.296 - Player: null
[DEBUG] 2025-09-08 21:36:10.296 - Target MapId: -1, ZoneId: -1
[DEBUG] 2025-09-08 21:36:10.297 - >>> ENTERING ChangeMapService.changeMap()
[DEBUG] 2025-09-08 21:36:10.297 - Player: null
[DEBUG] 2025-09-08 21:36:10.297 - Target MapId: -1, ZoneId: -1
[DEBUG] 2025-09-08 21:36:10.297 - >>> ENTERING ChangeMapService.changeMap()
[DEBUG] 2025-09-08 21:36:10.297 - Player: null
[DEBUG] 2025-09-08 21:36:10.297 - Target MapId: -1, ZoneId: -1
[DEBUG] 2025-09-08 21:36:10.298 - >>> ENTERING ChangeMapService.changeMap()
[DEBUG] 2025-09-08 21:36:10.298 - Player: null
[DEBUG] 2025-09-08 21:36:10.298 - Target MapId: -1, ZoneId: -1
[DEBUG] 2025-09-08 21:36:10.298 - >>> ENTERING ChangeMapService.changeMap()
[DEBUG] 2025-09-08 21:36:10.299 - Player: null
[DEBUG] 2025-09-08 21:36:10.300 - Target MapId: -1, ZoneId: -1
[DEBUG] 2025-09-08 21:36:10.300 - >>> ENTERING ChangeMapService.changeMap()
[DEBUG] 2025-09-08 21:36:10.301 - Player: null
[DEBUG] 2025-09-08 21:36:10.301 - Target MapId: -1, ZoneId: -1
[DEBUG] 2025-09-08 21:36:10.301 - >>> ENTERING ChangeMapService.changeMap()
[DEBUG] 2025-09-08 21:36:10.301 - Player: null
[DEBUG] 2025-09-08 21:36:10.301 - Target MapId: -1, ZoneId: -1
[DEBUG] 2025-09-08 21:36:10.302 - >>> ENTERING ChangeMapService.changeMap()
[DEBUG] 2025-09-08 21:36:10.302 - Player: null
[DEBUG] 2025-09-08 21:36:10.302 - Target MapId: -1, ZoneId: -1
[DEBUG] 2025-09-08 21:36:10.605 - >>> ENTERING ChangeMapService.changeMap()
[DEBUG] 2025-09-08 21:36:10.605 - >>> ENTERING ChangeMapService.changeMap()
[DEBUG] 2025-09-08 21:36:10.605 - Player: Ở dơ
[DEBUG] 2025-09-08 21:36:10.606 - Target MapId: -1, ZoneId: -1
[DEBUG] 2025-09-08 21:36:10.606 - Player: Super Bư
[DEBUG] 2025-09-08 21:36:10.606 - Target MapId: -1, ZoneId: -1
[DEBUG] 2025-09-08 21:36:10.606 - >>> ENTERING ChangeMapService.changeMap()
[DEBUG] 2025-09-08 21:36:10.607 - Player: Xinbatô
[DEBUG] 2025-09-08 21:36:10.607 - >>> ENTERING ChangeMapService.changeMap()
[DEBUG] 2025-09-08 21:36:10.607 - >>> ENTERING ChangeMapService.changeMap()
[DEBUG] 2025-09-08 21:36:10.608 - Target MapId: -1, ZoneId: -1
[DEBUG] 2025-09-08 21:36:10.608 - Player: Đội trưởng-5
[DEBUG] 2025-09-08 21:36:10.608 - Player: Super Bư
[DEBUG] 2025-09-08 21:36:10.609 - >>> ENTERING ChangeMapService.changeMap()
[DEBUG] 2025-09-08 21:36:10.609 - Target MapId: -1, ZoneId: -1
[DEBUG] 2025-09-08 21:36:10.609 - Target MapId: -1, ZoneId: -1
[DEBUG] 2025-09-08 21:36:10.610 - Player: Raiti
[DEBUG] 2025-09-08 21:36:10.610 - >>> ENTERING ChangeMapService.changeMap()
[DEBUG] 2025-09-08 21:36:10.610 - Target MapId: -1, ZoneId: -1
[DEBUG] 2025-09-08 21:36:10.610 - >>> ENTERING ChangeMapService.changeMap()
[DEBUG] 2025-09-08 21:36:10.610 - >>> ENTERING ChangeMapService.changeMap()
[DEBUG] 2025-09-08 21:36:10.611 - Player: Super Bư
[DEBUG] 2025-09-08 21:36:10.611 - >>> ENTERING ChangeMapService.changeMap()
[DEBUG] 2025-09-08 21:36:10.611 - Player: Broly 83
[DEBUG] 2025-09-08 21:36:10.611 - Player: Đội trưởng-5
[DEBUG] 2025-09-08 21:36:10.612 - Target MapId: -1, ZoneId: -1
[DEBUG] 2025-09-08 21:36:10.612 - Target MapId: -1, ZoneId: -1
[DEBUG] 2025-09-08 21:36:10.612 - Player: Sói hẹc quyn
[DEBUG] 2025-09-08 21:36:10.612 - Target MapId: -1, ZoneId: -1
[DEBUG] 2025-09-08 21:36:10.612 - >>> ENTERING ChangeMapService.changeMap()
[DEBUG] 2025-09-08 21:36:10.613 - >>> ENTERING ChangeMapService.changeMap()
[DEBUG] 2025-09-08 21:36:10.613 - Target MapId: -1, ZoneId: -1
[DEBUG] 2025-09-08 21:36:10.613 - >>> ENTERING ChangeMapService.changeMap()
[DEBUG] 2025-09-08 21:36:10.613 - Player: Broly 82
[DEBUG] 2025-09-08 21:36:10.613 - Player: Super Bư
[DEBUG] 2025-09-08 21:36:10.613 - >>> ENTERING ChangeMapService.changeMap()
[DEBUG] 2025-09-08 21:36:10.613 - Player: Dơi 42
[DEBUG] 2025-09-08 21:36:10.613 - >>> ENTERING ChangeMapService.changeMap()
[DEBUG] 2025-09-08 21:36:10.614 - Target MapId: -1, ZoneId: -1
[DEBUG] 2025-09-08 21:36:10.614 - Target MapId: -1, ZoneId: -1
[DEBUG] 2025-09-08 21:36:10.615 - Player: Đội trưởng-5
[DEBUG] 2025-09-08 21:36:10.615 - Target MapId: -1, ZoneId: -1
[DEBUG] 2025-09-08 21:36:10.615 - >>> ENTERING ChangeMapService.changeMap()
[DEBUG] 2025-09-08 21:36:10.615 - Player: Ở dơ
[DEBUG] 2025-09-08 21:36:10.615 - >>> ENTERING ChangeMapService.changeMap()
[DEBUG] 2025-09-08 21:36:10.616 - Target MapId: -1, ZoneId: -1
[DEBUG] 2025-09-08 21:36:10.616 - >>> ENTERING ChangeMapService.changeMap()
[DEBUG] 2025-09-08 21:36:10.616 - Player: Super Bư
[DEBUG] 2025-09-08 21:36:10.616 - Player: Broly 30
[DEBUG] 2025-09-08 21:36:10.616 - Target MapId: -1, ZoneId: -1
[DEBUG] 2025-09-08 21:36:10.616 - >>> ENTERING ChangeMapService.changeMap()
[DEBUG] 2025-09-08 21:36:10.617 - Player: Dơi 99
[DEBUG] 2025-09-08 21:36:10.617 - Target MapId: -1, ZoneId: -1
[DEBUG] 2025-09-08 21:36:10.617 - Target MapId: -1, ZoneId: -1
[DEBUG] 2025-09-08 21:36:10.617 - >>> ENTERING ChangeMapService.changeMap()
[DEBUG] 2025-09-08 21:36:10.618 - Player: Đội trưởng-5
[DEBUG] 2025-09-08 21:36:10.618 - Target MapId: -1, ZoneId: -1
[DEBUG] 2025-09-08 21:36:10.618 - >>> ENTERING ChangeMapService.changeMap()
[DEBUG] 2025-09-08 21:36:10.618 - Player: Xinbatô
[DEBUG] 2025-09-08 21:36:10.618 - >>> ENTERING ChangeMapService.changeMap()
[DEBUG] 2025-09-08 21:36:10.619 - Target MapId: -1, ZoneId: -1
[DEBUG] 2025-09-08 21:36:10.619 - >>> ENTERING ChangeMapService.changeMap()
[DEBUG] 2025-09-08 21:36:10.620 - Player: Super Bư
[DEBUG] 2025-09-08 21:36:10.620 - Player: Broly 49
[DEBUG] 2025-09-08 21:36:10.620 - Player: Dơi 37
[DEBUG] 2025-09-08 21:36:10.620 - Target MapId: -1, ZoneId: -1
[DEBUG] 2025-09-08 21:36:10.620 - >>> ENTERING ChangeMapService.changeMap()
[DEBUG] 2025-09-08 21:36:10.621 - Target MapId: -1, ZoneId: -1
[DEBUG] 2025-09-08 21:36:10.621 - Target MapId: -1, ZoneId: -1
[DEBUG] 2025-09-08 21:36:10.621 - Target MapId: -1, ZoneId: -1
[DEBUG] 2025-09-08 21:36:10.621 - Player: Đội trưởng-5
[DEBUG] 2025-09-08 21:36:10.621 - >>> ENTERING ChangeMapService.changeMap()
[DEBUG] 2025-09-08 21:36:10.621 - >>> ENTERING ChangeMapService.changeMap()
[DEBUG] 2025-09-08 21:36:10.621 - >>> ENTERING ChangeMapService.changeMap()
[DEBUG] 2025-09-08 21:36:10.622 - Target MapId: -1, ZoneId: -1
[DEBUG] 2025-09-08 21:36:10.622 - Player: Raiti
[DEBUG] 2025-09-08 21:36:10.622 - >>> ENTERING ChangeMapService.changeMap()
[DEBUG] 2025-09-08 21:36:10.622 - Player: Super Bư
[DEBUG] 2025-09-08 21:36:10.622 - Player: Broly 89
[DEBUG] 2025-09-08 21:36:10.623 - Player: Dơi 63
[DEBUG] 2025-09-08 21:36:10.623 - Target MapId: -1, ZoneId: -1
[DEBUG] 2025-09-08 21:36:10.623 - Target MapId: -1, ZoneId: -1
[DEBUG] 2025-09-08 21:36:10.623 - >>> ENTERING ChangeMapService.changeMap()
[DEBUG] 2025-09-08 21:36:10.623 - Target MapId: -1, ZoneId: -1
[DEBUG] 2025-09-08 21:36:10.623 - Target MapId: -1, ZoneId: -1
[DEBUG] 2025-09-08 21:36:10.624 - >>> ENTERING ChangeMapService.changeMap()
[DEBUG] 2025-09-08 21:36:10.624 - Player: Đội trưởng-5
[DEBUG] 2025-09-08 21:36:10.624 - >>> ENTERING ChangeMapService.changeMap()
[DEBUG] 2025-09-08 21:36:10.624 - >>> ENTERING ChangeMapService.changeMap()
[DEBUG] 2025-09-08 21:36:10.624 - >>> ENTERING ChangeMapService.changeMap()
[DEBUG] 2025-09-08 21:36:10.624 - Player: Sói hẹc quyn
[DEBUG] 2025-09-08 21:36:10.625 - Target MapId: -1, ZoneId: -1
[DEBUG] 2025-09-08 21:36:10.625 - Player: Mabư mập
[DEBUG] 2025-09-08 21:36:10.625 - Player: Dơi 40
[DEBUG] 2025-09-08 21:36:10.625 - Player: Broly 75
[DEBUG] 2025-09-08 21:36:10.626 - Target MapId: -1, ZoneId: -1
[DEBUG] 2025-09-08 21:36:10.626 - Target MapId: -1, ZoneId: -1
[DEBUG] 2025-09-08 21:36:10.626 - >>> ENTERING ChangeMapService.changeMap()
[DEBUG] 2025-09-08 21:36:10.626 - Target MapId: -1, ZoneId: -1
[DEBUG] 2025-09-08 21:36:10.627 - Target MapId: -1, ZoneId: -1
[DEBUG] 2025-09-08 21:36:10.627 - >>> ENTERING ChangeMapService.changeMap()
[DEBUG] 2025-09-08 21:36:10.627 - >>> ENTERING ChangeMapService.changeMap()
[DEBUG] 2025-09-08 21:36:10.627 - Player: Đội trưởng-5
[DEBUG] 2025-09-08 21:36:10.627 - >>> ENTERING ChangeMapService.changeMap()
[DEBUG] 2025-09-08 21:36:10.627 - >>> ENTERING ChangeMapService.changeMap()
[DEBUG] 2025-09-08 21:36:10.629 - Target MapId: -1, ZoneId: -1
[DEBUG] 2025-09-08 21:36:10.627 - Player: Mabư mập
[DEBUG] 2025-09-08 21:36:10.629 - Player: Ở dơ
[DEBUG] 2025-09-08 21:36:10.629 - Player: Dơi 33
[DEBUG] 2025-09-08 21:36:10.629 - Target MapId: -1, ZoneId: -1
[DEBUG] 2025-09-08 21:36:10.629 - >>> ENTERING ChangeMapService.changeMap()
[DEBUG] 2025-09-08 21:36:10.629 - Player: Broly 11
[DEBUG] 2025-09-08 21:36:10.629 - Target MapId: -1, ZoneId: -1
[DEBUG] 2025-09-08 21:36:10.630 - Target MapId: -1, ZoneId: -1
[DEBUG] 2025-09-08 21:36:10.631 - Target MapId: -1, ZoneId: -1
[DEBUG] 2025-09-08 21:36:10.631 - Player: Đội trưởng-5
[DEBUG] 2025-09-08 21:36:10.631 - >>> ENTERING ChangeMapService.changeMap()
[DEBUG] 2025-09-08 21:36:10.631 - >>> ENTERING ChangeMapService.changeMap()
[DEBUG] 2025-09-08 21:36:10.631 - >>> ENTERING ChangeMapService.changeMap()
[DEBUG] 2025-09-08 21:36:10.632 - Target MapId: -1, ZoneId: -1
[DEBUG] 2025-09-08 21:36:10.632 - Player: Dơi 68
[DEBUG] 2025-09-08 21:36:10.632 - Player: Xinbatô
[DEBUG] 2025-09-08 21:36:10.632 - Player: Mabư mập
[DEBUG] 2025-09-08 21:36:10.632 - >>> ENTERING ChangeMapService.changeMap()
[DEBUG] 2025-09-08 21:36:10.633 - Target MapId: -1, ZoneId: -1
[DEBUG] 2025-09-08 21:36:10.633 - Target MapId: -1, ZoneId: -1
[DEBUG] 2025-09-08 21:36:10.633 - Target MapId: -1, ZoneId: -1
[DEBUG] 2025-09-08 21:36:10.633 - >>> ENTERING ChangeMapService.changeMap()
[DEBUG] 2025-09-08 21:36:10.633 - Player: Broly 11
[DEBUG] 2025-09-08 21:36:10.635 - >>> ENTERING ChangeMapService.changeMap()
[DEBUG] 2025-09-08 21:36:10.635 - Player: Đội trưởng-5
[DEBUG] 2025-09-08 21:36:10.635 - >>> ENTERING ChangeMapService.changeMap()
[DEBUG] 2025-09-08 21:36:10.635 - Target MapId: -1, ZoneId: -1
[DEBUG] 2025-09-08 21:36:10.635 - >>> ENTERING ChangeMapService.changeMap()
[DEBUG] 2025-09-08 21:36:10.636 - Player: Dơi 46
[DEBUG] 2025-09-08 21:36:10.637 - Target MapId: -1, ZoneId: -1
[DEBUG] 2025-09-08 21:36:10.637 - Player: Mabư mập
[DEBUG] 2025-09-08 21:36:10.637 - Player: Raiti
[DEBUG] 2025-09-08 21:36:10.637 - Target MapId: -1, ZoneId: -1
[DEBUG] 2025-09-08 21:36:10.637 - >>> ENTERING ChangeMapService.changeMap()
[DEBUG] 2025-09-08 21:36:10.638 - Target MapId: -1, ZoneId: -1
[DEBUG] 2025-09-08 21:36:10.638 - >>> ENTERING ChangeMapService.changeMap()
[DEBUG] 2025-09-08 21:36:10.638 - Target MapId: -1, ZoneId: -1
[DEBUG] 2025-09-08 21:36:10.638 - Player: Broly 81
[DEBUG] 2025-09-08 21:36:10.638 - >>> ENTERING ChangeMapService.changeMap()
[DEBUG] 2025-09-08 21:36:10.638 - >>> ENTERING ChangeMapService.changeMap()
[DEBUG] 2025-09-08 21:36:10.638 - Player: Đội trưởng-5
[DEBUG] 2025-09-08 21:36:10.639 - >>> ENTERING ChangeMapService.changeMap()
[DEBUG] 2025-09-08 21:36:10.639 - Player: Mabư mập
[DEBUG] 2025-09-08 21:36:10.639 - Target MapId: -1, ZoneId: -1
[DEBUG] 2025-09-08 21:36:10.639 - Target MapId: -1, ZoneId: -1
[DEBUG] 2025-09-08 21:36:10.640 - Player: Dơi 52
[DEBUG] 2025-09-08 21:36:10.640 - Player: Sói hẹc quyn
[DEBUG] 2025-09-08 21:36:10.640 - Target MapId: -1, ZoneId: -1
[DEBUG] 2025-09-08 21:36:10.640 - >>> ENTERING ChangeMapService.changeMap()
[DEBUG] 2025-09-08 21:36:10.640 - Target MapId: -1, ZoneId: -1
[DEBUG] 2025-09-08 21:36:10.641 - Target MapId: -1, ZoneId: -1
[DEBUG] 2025-09-08 21:36:10.641 - >>> ENTERING ChangeMapService.changeMap()
[DEBUG] 2025-09-08 21:36:10.642 - Player: Broly 64
[DEBUG] 2025-09-08 21:36:10.642 - >>> ENTERING ChangeMapService.changeMap()
[DEBUG] 2025-09-08 21:36:10.643 - >>> ENTERING ChangeMapService.changeMap()
[DEBUG] 2025-09-08 21:36:10.643 - >>> ENTERING ChangeMapService.changeMap()
[DEBUG] 2025-09-08 21:36:10.643 - Player: Đội trưởng-5
[DEBUG] 2025-09-08 21:36:10.644 - Target MapId: -1, ZoneId: -1
[DEBUG] 2025-09-08 21:36:10.644 - Player: Mabư mập
[DEBUG] 2025-09-08 21:36:10.644 - Player: Dơi 44
[DEBUG] 2025-09-08 21:36:10.644 - Player: Ở dơ
[DEBUG] 2025-09-08 21:36:10.644 - Target MapId: -1, ZoneId: -1
[DEBUG] 2025-09-08 21:36:10.645 - Target MapId: -1, ZoneId: -1
[DEBUG] 2025-09-08 21:36:10.645 - >>> ENTERING ChangeMapService.changeMap()
[DEBUG] 2025-09-08 21:36:10.645 - Target MapId: -1, ZoneId: -1
[DEBUG] 2025-09-08 21:36:10.645 - Target MapId: -1, ZoneId: -1
[DEBUG] 2025-09-08 21:36:10.646 - >>> ENTERING ChangeMapService.changeMap()
[DEBUG] 2025-09-08 21:36:10.646 - Player: Broly 85
[DEBUG] 2025-09-08 21:36:10.646 - >>> ENTERING ChangeMapService.changeMap()
[DEBUG] 2025-09-08 21:36:10.646 - >>> ENTERING ChangeMapService.changeMap()
[DEBUG] 2025-09-08 21:36:10.646 - Player: Mabư mập
[DEBUG] 2025-09-08 21:36:10.646 - >>> ENTERING ChangeMapService.changeMap()
[DEBUG] 2025-09-08 21:36:10.646 - Target MapId: -1, ZoneId: -1
[DEBUG] 2025-09-08 21:36:10.646 - Player: Đội trưởng-5
[DEBUG] 2025-09-08 21:36:10.646 - Player: Xinbatô
[DEBUG] 2025-09-08 21:36:10.646 - Target MapId: -1, ZoneId: -1
[DEBUG] 2025-09-08 21:36:10.646 - Player: Ma trơi 71
[DEBUG] 2025-09-08 21:36:10.648 - Target MapId: -1, ZoneId: -1
[DEBUG] 2025-09-08 21:36:10.648 - >>> ENTERING ChangeMapService.changeMap()
[DEBUG] 2025-09-08 21:36:10.648 - Target MapId: -1, ZoneId: -1
[DEBUG] 2025-09-08 21:36:10.648 - Target MapId: -1, ZoneId: -1
[DEBUG] 2025-09-08 21:36:10.648 - >>> ENTERING ChangeMapService.changeMap()
[DEBUG] 2025-09-08 21:36:10.648 - Player: Broly 58
[DEBUG] 2025-09-08 21:36:10.648 - >>> ENTERING ChangeMapService.changeMap()
[DEBUG] 2025-09-08 21:36:10.648 - >>> ENTERING ChangeMapService.changeMap()
[DEBUG] 2025-09-08 21:36:10.648 - Player: Mabư
[DEBUG] 2025-09-08 21:36:10.649 - Target MapId: -1, ZoneId: -1
[DEBUG] 2025-09-08 21:36:10.648 - >>> ENTERING ChangeMapService.changeMap()
[DEBUG] 2025-09-08 21:36:10.649 - Player: Raiti
[DEBUG] 2025-09-08 21:36:10.649 - Player: Ma trơi 21
[DEBUG] 2025-09-08 21:36:10.649 - >>> ENTERING ChangeMapService.changeMap()
[DEBUG] 2025-09-08 21:36:10.649 - Target MapId: -1, ZoneId: -1
[DEBUG] 2025-09-08 21:36:10.649 - Player: Đội trưởng-5
[DEBUG] 2025-09-08 21:36:10.651 - Target MapId: -1, ZoneId: -1
[DEBUG] 2025-09-08 21:36:10.651 - Target MapId: -1, ZoneId: -1
[DEBUG] 2025-09-08 21:36:10.651 - Player: Broly 90
[DEBUG] 2025-09-08 21:36:10.651 - >>> ENTERING ChangeMapService.changeMap()
[DEBUG] 2025-09-08 21:36:10.651 - Target MapId: -1, ZoneId: -1
[DEBUG] 2025-09-08 21:36:10.651 - >>> ENTERING ChangeMapService.changeMap()
[DEBUG] 2025-09-08 21:36:10.651 - >>> ENTERING ChangeMapService.changeMap()
[DEBUG] 2025-09-08 21:36:10.652 - Target MapId: -1, ZoneId: -1
[DEBUG] 2025-09-08 21:36:10.652 - Player: Mabư
[DEBUG] 2025-09-08 21:36:10.652 - Player: Sói hẹc quyn
[DEBUG] 2025-09-08 21:36:10.652 - Player: Ma trơi 83
[DEBUG] 2025-09-08 21:36:10.652 - >>> ENTERING ChangeMapService.changeMap()
[DEBUG] 2025-09-08 21:36:10.652 - >>> ENTERING ChangeMapService.changeMap()
[DEBUG] 2025-09-08 21:36:10.653 - Target MapId: -1, ZoneId: -1
[DEBUG] 2025-09-08 21:36:10.653 - Target MapId: -1, ZoneId: -1
[DEBUG] 2025-09-08 21:36:10.653 - Target MapId: -1, ZoneId: -1
[DEBUG] 2025-09-08 21:36:10.653 - Player: Broly 96
[DEBUG] 2025-09-08 21:36:10.653 - Player: Đội trưởng-5
[DEBUG] 2025-09-08 21:36:10.654 - >>> ENTERING ChangeMapService.changeMap()
[DEBUG] 2025-09-08 21:36:10.654 - >>> ENTERING ChangeMapService.changeMap()
[DEBUG] 2025-09-08 21:36:10.654 - Target MapId: -1, ZoneId: -1
[DEBUG] 2025-09-08 21:36:10.654 - >>> ENTERING ChangeMapService.changeMap()
[DEBUG] 2025-09-08 21:36:10.654 - Target MapId: -1, ZoneId: -1
[DEBUG] 2025-09-08 21:36:10.655 - Player: Mabư
[DEBUG] 2025-09-08 21:36:10.655 - Player: Cumber
[DEBUG] 2025-09-08 21:36:10.655 - >>> ENTERING ChangeMapService.changeMap()
[DEBUG] 2025-09-08 21:36:10.655 - Player: Ma trơi 50
[DEBUG] 2025-09-08 21:36:10.655 - Target MapId: -1, ZoneId: -1
[DEBUG] 2025-09-08 21:36:10.655 - Target MapId: -1, ZoneId: -1
[DEBUG] 2025-09-08 21:36:10.656 - >>> ENTERING ChangeMapService.changeMap()
[DEBUG] 2025-09-08 21:36:10.656 - Target MapId: -1, ZoneId: -1
[DEBUG] 2025-09-08 21:36:10.656 - Player: Broly 21
[DEBUG] 2025-09-08 21:36:10.656 - >>> ENTERING ChangeMapService.changeMap()
[DEBUG] 2025-09-08 21:36:10.656 - Player: Đội trưởng-5
[DEBUG] 2025-09-08 21:36:10.657 - Target MapId: -1, ZoneId: -1
[DEBUG] 2025-09-08 21:36:10.657 - >>> ENTERING ChangeMapService.changeMap()
[DEBUG] 2025-09-08 21:36:10.657 - Player: Mabư
[DEBUG] 2025-09-08 21:36:10.658 - Target MapId: -1, ZoneId: -1
[DEBUG] 2025-09-08 21:36:10.658 - >>> ENTERING ChangeMapService.changeMap()
[DEBUG] 2025-09-08 21:36:10.658 - Player: Ma trơi 53
[DEBUG] 2025-09-08 21:36:10.658 - >>> ENTERING ChangeMapService.changeMap()
[DEBUG] 2025-09-08 21:36:10.658 - Target MapId: -1, ZoneId: -1
[DEBUG] 2025-09-08 21:36:10.658 - Player: Chilled
[DEBUG] 2025-09-08 21:36:10.658 - >>> ENTERING ChangeMapService.changeMap()
[DEBUG] 2025-09-08 21:36:10.658 - Player: Broly 45
[DEBUG] 2025-09-08 21:36:10.658 - Target MapId: -1, ZoneId: -1
[DEBUG] 2025-09-08 21:36:10.659 - Target MapId: -1, ZoneId: -1
[DEBUG] 2025-09-08 21:36:10.659 - >>> ENTERING ChangeMapService.changeMap()
[DEBUG] 2025-09-08 21:36:10.659 - Player: Chiến binh-5
[DEBUG] 2025-09-08 21:36:10.659 - Target MapId: -1, ZoneId: -1
[DEBUG] 2025-09-08 21:36:10.659 - >>> ENTERING ChangeMapService.changeMap()
[DEBUG] 2025-09-08 21:36:10.660 - Player: Mabư
[DEBUG] 2025-09-08 21:36:10.660 - Target MapId: -1, ZoneId: -1
[DEBUG] 2025-09-08 21:36:10.660 - >>> ENTERING ChangeMapService.changeMap()
[DEBUG] 2025-09-08 21:36:10.660 - Player: Ma trơi 20
[DEBUG] 2025-09-08 21:36:10.660 - Target MapId: -1, ZoneId: -1
[DEBUG] 2025-09-08 21:36:10.660 - >>> ENTERING ChangeMapService.changeMap()
[DEBUG] 2025-09-08 21:36:10.661 - >>> ENTERING ChangeMapService.changeMap()
[DEBUG] 2025-09-08 21:36:10.661 - Player: Fide Vàng 75
[DEBUG] 2025-09-08 21:36:10.661 - Target MapId: -1, ZoneId: -1
[DEBUG] 2025-09-08 21:36:10.661 - Player: Broly 90
[DEBUG] 2025-09-08 21:36:10.661 - Player: Chiến binh-5
[DEBUG] 2025-09-08 21:36:10.662 - Target MapId: -1, ZoneId: -1
[DEBUG] 2025-09-08 21:36:10.662 - >>> ENTERING ChangeMapService.changeMap()
[DEBUG] 2025-09-08 21:36:10.662 - Target MapId: -1, ZoneId: -1
[DEBUG] 2025-09-08 21:36:10.662 - Target MapId: -1, ZoneId: -1
[DEBUG] 2025-09-08 21:36:10.662 - >>> ENTERING ChangeMapService.changeMap()
[DEBUG] 2025-09-08 21:36:10.663 - Player: Mabư
[DEBUG] 2025-09-08 21:36:10.663 - Player: Ma trơi 41
[DEBUG] 2025-09-08 21:36:10.663 - >>> ENTERING ChangeMapService.changeMap()
[DEBUG] 2025-09-08 21:36:10.663 - >>> ENTERING ChangeMapService.changeMap()
[DEBUG] 2025-09-08 21:36:10.663 - Target MapId: -1, ZoneId: -1
[DEBUG] 2025-09-08 21:36:10.664 - Target MapId: -1, ZoneId: -1
[DEBUG] 2025-09-08 21:36:10.664 - Player: Broly 95
[DEBUG] 2025-09-08 21:36:10.664 - Player: Chiến binh-5
[DEBUG] 2025-09-08 21:36:10.665 - >>> ENTERING ChangeMapService.changeMap()
[DEBUG] 2025-09-08 21:36:10.665 - >>> ENTERING ChangeMapService.changeMap()
[DEBUG] 2025-09-08 21:36:10.665 - Target MapId: -1, ZoneId: -1
[DEBUG] 2025-09-08 21:36:10.665 - Target MapId: -1, ZoneId: -1
[DEBUG] 2025-09-08 21:36:10.665 - Player: Mabư
[DEBUG] 2025-09-08 21:36:10.665 - Player: Ma trơi 50
[DEBUG] 2025-09-08 21:36:10.666 - >>> ENTERING ChangeMapService.changeMap()
[DEBUG] 2025-09-08 21:36:10.666 - >>> ENTERING ChangeMapService.changeMap()
[DEBUG] 2025-09-08 21:36:10.666 - Target MapId: -1, ZoneId: -1
[DEBUG] 2025-09-08 21:36:10.666 - Player: Broly 76
[DEBUG] 2025-09-08 21:36:10.667 - Player: Chiến binh-5
[DEBUG] 2025-09-08 21:36:10.667 - >>> ENTERING ChangeMapService.changeMap()
[DEBUG] 2025-09-08 21:36:10.667 - Target MapId: -1, ZoneId: -1
[DEBUG] 2025-09-08 21:36:10.666 - Target MapId: -1, ZoneId: -1
[DEBUG] 2025-09-08 21:36:10.667 - Target MapId: -1, ZoneId: -1
[DEBUG] 2025-09-08 21:36:10.668 - Player: Ma trơi 57
[DEBUG] 2025-09-08 21:36:10.668 - Target MapId: -1, ZoneId: -1
[DEBUG] 2025-09-08 21:36:10.668 - >>> ENTERING ChangeMapService.changeMap()
[DEBUG] 2025-09-08 21:36:10.668 - >>> ENTERING ChangeMapService.changeMap()
[DEBUG] 2025-09-08 21:36:10.668 - >>> ENTERING ChangeMapService.changeMap()
[DEBUG] 2025-09-08 21:36:10.669 - Player: Mabư
[DEBUG] 2025-09-08 21:36:10.669 - Player: Chiến binh-5
[DEBUG] 2025-09-08 21:36:10.669 - >>> ENTERING ChangeMapService.changeMap()
[DEBUG] 2025-09-08 21:36:10.669 - Player: Broly 18
[DEBUG] 2025-09-08 21:36:10.670 - Target MapId: -1, ZoneId: -1
[DEBUG] 2025-09-08 21:36:10.670 - Player: Ma trơi 58
[DEBUG] 2025-09-08 21:36:10.670 - >>> ENTERING ChangeMapService.changeMap()
[DEBUG] 2025-09-08 21:36:10.670 - Target MapId: -1, ZoneId: -1
[DEBUG] 2025-09-08 21:36:10.670 - Target MapId: -1, ZoneId: -1
[DEBUG] 2025-09-08 21:36:10.672 - >>> ENTERING ChangeMapService.changeMap()
[DEBUG] 2025-09-08 21:36:10.672 - Target MapId: -1, ZoneId: -1
[DEBUG] 2025-09-08 21:36:10.672 - Player: Fide Vàng 53
[DEBUG] 2025-09-08 21:36:10.672 - >>> ENTERING ChangeMapService.changeMap()
[DEBUG] 2025-09-08 21:36:10.672 - >>> ENTERING ChangeMapService.changeMap()
[DEBUG] 2025-09-08 21:36:10.673 - Player: Mabư
[DEBUG] 2025-09-08 21:36:10.673 - Target MapId: -1, ZoneId: -1
[DEBUG] 2025-09-08 21:36:10.673 - Player: Chiến binh-5
[DEBUG] 2025-09-08 21:36:10.673 - Player: Broly 32
[DEBUG] 2025-09-08 21:36:10.673 - Target MapId: -1, ZoneId: -1
[DEBUG] 2025-09-08 21:36:10.673 - >>> ENTERING ChangeMapService.changeMap()
[DEBUG] 2025-09-08 21:36:10.674 - >>> ENTERING ChangeMapService.changeMap()
[DEBUG] 2025-09-08 21:36:10.674 - Target MapId: -1, ZoneId: -1
[DEBUG] 2025-09-08 21:36:10.674 - Target MapId: -1, ZoneId: -1
[DEBUG] 2025-09-08 21:36:10.675 - Player: Bí ma 53
[DEBUG] 2025-09-08 21:36:10.675 - >>> ENTERING ChangeMapService.changeMap()
[DEBUG] 2025-09-08 21:36:10.675 - Player: Fide Vàng 18
[DEBUG] 2025-09-08 21:36:10.675 - >>> ENTERING ChangeMapService.changeMap()
[DEBUG] 2025-09-08 21:36:10.675 - >>> ENTERING ChangeMapService.changeMap()
[DEBUG] 2025-09-08 21:36:10.675 - Target MapId: -1, ZoneId: -1
[DEBUG] 2025-09-08 21:36:10.676 - Player: Mabư
[DEBUG] 2025-09-08 21:36:10.676 - Target MapId: -1, ZoneId: -1
[DEBUG] 2025-09-08 21:36:10.676 - Player: Broly 82
[DEBUG] 2025-09-08 21:36:10.676 - Player: Chiến binh-5
[DEBUG] 2025-09-08 21:36:10.677 - >>> ENTERING ChangeMapService.changeMap()
[DEBUG] 2025-09-08 21:36:10.677 - Target MapId: -1, ZoneId: -1
[DEBUG] 2025-09-08 21:36:10.678 - Target MapId: -1, ZoneId: -1
[DEBUG] 2025-09-08 21:36:10.678 - Target MapId: -1, ZoneId: -1
[DEBUG] 2025-09-08 21:36:10.678 - Player: Bí ma 30
[DEBUG] 2025-09-08 21:36:10.678 - >>> ENTERING ChangeMapService.changeMap()
[DEBUG] 2025-09-08 21:36:10.678 - >>> ENTERING ChangeMapService.changeMap()
[DEBUG] 2025-09-08 21:36:10.678 - >>> ENTERING ChangeMapService.changeMap()
[DEBUG] 2025-09-08 21:36:10.679 - Player: Fide Vàng 13
[DEBUG] 2025-09-08 21:36:10.679 - Player: Broly 83
[DEBUG] 2025-09-08 21:36:10.679 - Player: Drabura
[DEBUG] 2025-09-08 21:36:10.679 - Target MapId: -1, ZoneId: -1
[DEBUG] 2025-09-08 21:36:10.679 - >>> ENTERING ChangeMapService.changeMap()
[DEBUG] 2025-09-08 21:36:10.679 - Target MapId: -1, ZoneId: -1
[DEBUG] 2025-09-08 21:36:10.679 - Target MapId: -1, ZoneId: -1
[DEBUG] 2025-09-08 21:36:10.679 - Target MapId: -1, ZoneId: -1
[DEBUG] 2025-09-08 21:36:10.681 - Player: Chiến binh-5
[DEBUG] 2025-09-08 21:36:10.681 - >>> ENTERING ChangeMapService.changeMap()
[DEBUG] 2025-09-08 21:36:10.681 - >>> ENTERING ChangeMapService.changeMap()
[DEBUG] 2025-09-08 21:36:10.681 - >>> ENTERING ChangeMapService.changeMap()
[DEBUG] 2025-09-08 21:36:10.681 - >>> ENTERING ChangeMapService.changeMap()
[DEBUG] 2025-09-08 21:36:10.682 - Player: Bí ma 91
[DEBUG] 2025-09-08 21:36:10.682 - Target MapId: -1, ZoneId: -1
[DEBUG] 2025-09-08 21:36:10.682 - Player: Drabura
[DEBUG] 2025-09-08 21:36:10.682 - Player: Fide Vàng 97
[DEBUG] 2025-09-08 21:36:10.683 - Target MapId: -1, ZoneId: -1
[DEBUG] 2025-09-08 21:36:10.683 - >>> ENTERING ChangeMapService.changeMap()
[DEBUG] 2025-09-08 21:36:10.683 - Player: Broly 97
[DEBUG] 2025-09-08 21:36:10.683 - Target MapId: -1, ZoneId: -1
[DEBUG] 2025-09-08 21:36:10.683 - Target MapId: -1, ZoneId: -1
[DEBUG] 2025-09-08 21:36:10.683 - Player: Chiến binh-5
[DEBUG] 2025-09-08 21:36:10.683 - >>> ENTERING ChangeMapService.changeMap()
[DEBUG] 2025-09-08 21:36:10.684 - Target MapId: -1, ZoneId: -1
[DEBUG] 2025-09-08 21:36:10.684 - >>> ENTERING ChangeMapService.changeMap()
[DEBUG] 2025-09-08 21:36:10.684 - >>> ENTERING ChangeMapService.changeMap()
[DEBUG] 2025-09-08 21:36:10.684 - Player: Bí ma 52
[DEBUG] 2025-09-08 21:36:10.684 - Target MapId: -1, ZoneId: -1
[DEBUG] 2025-09-08 21:36:10.685 - Player: Drabura
[DEBUG] 2025-09-08 21:36:10.685 - >>> ENTERING ChangeMapService.changeMap()
[DEBUG] 2025-09-08 21:36:10.685 - Player: Black Goku 99
[DEBUG] 2025-09-08 21:36:10.686 - Target MapId: -1, ZoneId: -1
[DEBUG] 2025-09-08 21:36:10.686 - Target MapId: -1, ZoneId: -1
[DEBUG] 2025-09-08 21:36:10.686 - Player: Broly 70
[DEBUG] 2025-09-08 21:36:10.686 - >>> ENTERING ChangeMapService.changeMap()
[DEBUG] 2025-09-08 21:36:10.686 - Target MapId: -1, ZoneId: -1
[DEBUG] 2025-09-08 21:36:10.687 - >>> ENTERING ChangeMapService.changeMap()
[DEBUG] 2025-09-08 21:36:10.687 - >>> ENTERING ChangeMapService.changeMap()
[DEBUG] 2025-09-08 21:36:10.687 - Target MapId: -1, ZoneId: -1
[DEBUG] 2025-09-08 21:36:10.687 - Player: Chiến binh-5
[DEBUG] 2025-09-08 21:36:10.687 - Player: Drabura
[DEBUG] 2025-09-08 21:36:10.687 - Player: Bí ma 49
[DEBUG] 2025-09-08 21:36:10.688 - >>> ENTERING ChangeMapService.changeMap()
[DEBUG] 2025-09-08 21:36:10.688 - Target MapId: -1, ZoneId: -1
[DEBUG] 2025-09-08 21:36:10.688 - >>> ENTERING ChangeMapService.changeMap()
[DEBUG] 2025-09-08 21:36:10.688 - Target MapId: -1, ZoneId: -1
[DEBUG] 2025-09-08 21:36:10.689 - Target MapId: -1, ZoneId: -1
[DEBUG] 2025-09-08 21:36:10.689 - Player: Black Goku 3
[DEBUG] 2025-09-08 21:36:10.689 - Player: Broly 96
[DEBUG] 2025-09-08 21:36:10.690 - >>> ENTERING ChangeMapService.changeMap()
[DEBUG] 2025-09-08 21:36:10.690 - >>> ENTERING ChangeMapService.changeMap()
[DEBUG] 2025-09-08 21:36:10.690 - Target MapId: -1, ZoneId: -1
[DEBUG] 2025-09-08 21:36:10.690 - >>> ENTERING ChangeMapService.changeMap()
[DEBUG] 2025-09-08 21:36:10.690 - Target MapId: -1, ZoneId: -1
[DEBUG] 2025-09-08 21:36:10.690 - Player: Drabura
[DEBUG] 2025-09-08 21:36:10.691 - Player: Chiến binh-5
[DEBUG] 2025-09-08 21:36:10.691 - >>> ENTERING ChangeMapService.changeMap()
[DEBUG] 2025-09-08 21:36:10.691 - Target MapId: -1, ZoneId: -1
[DEBUG] 2025-09-08 21:36:10.691 - Player: Bí ma 57
[DEBUG] 2025-09-08 21:36:10.691 - Target MapId: -1, ZoneId: -1
[DEBUG] 2025-09-08 21:36:10.691 - >>> ENTERING ChangeMapService.changeMap()
[DEBUG] 2025-09-08 21:36:10.692 - Player: Broly 46
[DEBUG] 2025-09-08 21:36:10.692 - >>> ENTERING ChangeMapService.changeMap()
[DEBUG] 2025-09-08 21:36:10.692 - Target MapId: -1, ZoneId: -1
[DEBUG] 2025-09-08 21:36:10.692 - Player: Cooler
[DEBUG] 2025-09-08 21:36:10.692 - Target MapId: -1, ZoneId: -1
[DEBUG] 2025-09-08 21:36:10.692 - >>> ENTERING ChangeMapService.changeMap()
[DEBUG] 2025-09-08 21:36:10.692 - Player: Drabura
[DEBUG] 2025-09-08 21:36:10.693 - Target MapId: -1, ZoneId: -1
[DEBUG] 2025-09-08 21:36:10.693 - >>> ENTERING ChangeMapService.changeMap()
[DEBUG] 2025-09-08 21:36:10.693 - Player: Chiến binh-5
[DEBUG] 2025-09-08 21:36:10.693 - >>> ENTERING ChangeMapService.changeMap()
[DEBUG] 2025-09-08 21:36:10.693 - Player: Bí ma 42
[DEBUG] 2025-09-08 21:36:10.693 - Target MapId: -1, ZoneId: -1
[DEBUG] 2025-09-08 21:36:10.694 - >>> ENTERING ChangeMapService.changeMap()
[DEBUG] 2025-09-08 21:36:10.694 - Target MapId: -1, ZoneId: -1
[DEBUG] 2025-09-08 21:36:10.694 - Player: Broly 76
[DEBUG] 2025-09-08 21:36:10.694 - Target MapId: -1, ZoneId: -1
[DEBUG] 2025-09-08 21:36:10.695 - Player: Dr.Kôrê
[DEBUG] 2025-09-08 21:36:10.695 - >>> ENTERING ChangeMapService.changeMap()
[DEBUG] 2025-09-08 21:36:10.695 - Target MapId: -1, ZoneId: -1
[DEBUG] 2025-09-08 21:36:10.695 - >>> ENTERING ChangeMapService.changeMap()
[DEBUG] 2025-09-08 21:36:10.695 - >>> ENTERING ChangeMapService.changeMap()
[DEBUG] 2025-09-08 21:36:10.695 - Target MapId: -1, ZoneId: -1
[DEBUG] 2025-09-08 21:36:10.695 - >>> ENTERING ChangeMapService.changeMap()
[DEBUG] 2025-09-08 21:36:10.695 - Player: Drabura
[DEBUG] 2025-09-08 21:36:10.696 - Player: Chiến binh-5
[DEBUG] 2025-09-08 21:36:10.696 - >>> ENTERING ChangeMapService.changeMap()
[DEBUG] 2025-09-08 21:36:10.696 - Player: Bí ma 37
[DEBUG] 2025-09-08 21:36:10.696 - Target MapId: -1, ZoneId: -1
[DEBUG] 2025-09-08 21:36:10.696 - Target MapId: -1, ZoneId: -1
[DEBUG] 2025-09-08 21:36:10.696 - Player: Broly 53
[DEBUG] 2025-09-08 21:36:10.697 - Player: Android 14
[DEBUG] 2025-09-08 21:36:10.697 - Target MapId: -1, ZoneId: -1
[DEBUG] 2025-09-08 21:36:10.697 - Target MapId: -1, ZoneId: -1
[DEBUG] 2025-09-08 21:36:10.697 - >>> ENTERING ChangeMapService.changeMap()
[DEBUG] 2025-09-08 21:36:10.697 - Target MapId: -1, ZoneId: -1
[DEBUG] 2025-09-08 21:36:10.697 - >>> ENTERING ChangeMapService.changeMap()
[DEBUG] 2025-09-08 21:36:10.699 - >>> ENTERING ChangeMapService.changeMap()
[DEBUG] 2025-09-08 21:36:10.697 - >>> ENTERING ChangeMapService.changeMap()
[DEBUG] 2025-09-08 21:36:10.699 - Player: Drabura
[DEBUG] 2025-09-08 21:36:10.699 - >>> ENTERING ChangeMapService.changeMap()
[DEBUG] 2025-09-08 21:36:10.699 - Player: Chiến binh-5
[DEBUG] 2025-09-08 21:36:10.700 - Target MapId: -1, ZoneId: -1
[DEBUG] 2025-09-08 21:36:10.699 - Player: Bí ma 13
[DEBUG] 2025-09-08 21:36:10.700 - Player: Broly 66
[DEBUG] 2025-09-08 21:36:10.700 - Player: Fide đại ca 1
[DEBUG] 2025-09-08 21:36:10.701 - Target MapId: -1, ZoneId: -1
[DEBUG] 2025-09-08 21:36:10.702 - Target MapId: -1, ZoneId: -1
[DEBUG] 2025-09-08 21:36:10.702 - Target MapId: -1, ZoneId: -1
[DEBUG] 2025-09-08 21:36:10.702 - Target MapId: -1, ZoneId: -1
[DEBUG] 2025-09-08 21:36:10.702 - >>> ENTERING ChangeMapService.changeMap()
[DEBUG] 2025-09-08 21:36:10.702 - >>> ENTERING ChangeMapService.changeMap()
[DEBUG] 2025-09-08 21:36:10.702 - >>> ENTERING ChangeMapService.changeMap()
[DEBUG] 2025-09-08 21:36:10.703 - >>> ENTERING ChangeMapService.changeMap()
[DEBUG] 2025-09-08 21:36:10.703 - Player: Drabura
[DEBUG] 2025-09-08 21:36:10.703 - >>> ENTERING ChangeMapService.changeMap()
[DEBUG] 2025-09-08 21:36:10.703 - Player: Chiến binh-5
[DEBUG] 2025-09-08 21:36:10.703 - Player: Broly 55
[DEBUG] 2025-09-08 21:36:10.703 - Player: Bí ma 57
[DEBUG] 2025-09-08 21:36:10.704 - Target MapId: -1, ZoneId: -1
[DEBUG] 2025-09-08 21:36:10.704 - Player: Rambo
[DEBUG] 2025-09-08 21:36:10.704 - Target MapId: -1, ZoneId: -1
[DEBUG] 2025-09-08 21:36:10.704 - Target MapId: -1, ZoneId: -1
[DEBUG] 2025-09-08 21:36:10.704 - Target MapId: -1, ZoneId: -1
[DEBUG] 2025-09-08 21:36:10.705 - Target MapId: -1, ZoneId: -1
[DEBUG] 2025-09-08 21:36:10.705 - >>> ENTERING ChangeMapService.changeMap()
[DEBUG] 2025-09-08 21:36:10.705 - >>> ENTERING ChangeMapService.changeMap()
[DEBUG] 2025-09-08 21:36:10.705 - >>> ENTERING ChangeMapService.changeMap()
[DEBUG] 2025-09-08 21:36:10.706 - >>> ENTERING ChangeMapService.changeMap()
[DEBUG] 2025-09-08 21:36:10.706 - Player: Tân binh-5
[DEBUG] 2025-09-08 21:36:10.706 - Player: Drabura
[DEBUG] 2025-09-08 21:36:10.706 - Player: Broly 48
[DEBUG] 2025-09-08 21:36:10.707 - Player: Rambo
[DEBUG] 2025-09-08 21:36:10.707 - Target MapId: -1, ZoneId: -1
[DEBUG] 2025-09-08 21:36:10.707 - Target MapId: -1, ZoneId: -1
[DEBUG] 2025-09-08 21:36:10.707 - Target MapId: -1, ZoneId: -1
[DEBUG] 2025-09-08 21:36:10.708 - Target MapId: -1, ZoneId: -1
[DEBUG] 2025-09-08 21:36:10.708 - >>> ENTERING ChangeMapService.changeMap()
[DEBUG] 2025-09-08 21:36:10.708 - >>> ENTERING ChangeMapService.changeMap()
[DEBUG] 2025-09-08 21:36:10.708 - >>> ENTERING ChangeMapService.changeMap()
[DEBUG] 2025-09-08 21:36:10.709 - Player: Tân binh-5
[DEBUG] 2025-09-08 21:36:10.709 - Player: Ya côn
[DEBUG] 2025-09-08 21:36:10.709 - Player: Broly 13
[DEBUG] 2025-09-08 21:36:10.709 - >>> ENTERING ChangeMapService.changeMap()
[DEBUG] 2025-09-08 21:36:10.710 - Target MapId: -1, ZoneId: -1
[DEBUG] 2025-09-08 21:36:10.711 - Player: Rambo
[DEBUG] 2025-09-08 21:36:10.710 - Target MapId: -1, ZoneId: -1
[DEBUG] 2025-09-08 21:36:10.711 - Target MapId: -1, ZoneId: -1
[DEBUG] 2025-09-08 21:36:10.711 - Target MapId: -1, ZoneId: -1
[DEBUG] 2025-09-08 21:36:10.711 - >>> ENTERING ChangeMapService.changeMap()
[DEBUG] 2025-09-08 21:36:10.711 - >>> ENTERING ChangeMapService.changeMap()
[DEBUG] 2025-09-08 21:36:10.712 - >>> ENTERING ChangeMapService.changeMap()
[DEBUG] 2025-09-08 21:36:10.712 - >>> ENTERING ChangeMapService.changeMap()
[DEBUG] 2025-09-08 21:36:10.712 - Player: Ya côn
[DEBUG] 2025-09-08 21:36:10.713 - Player: Tân binh-5
[DEBUG] 2025-09-08 21:36:10.713 - Player: Broly 40
[DEBUG] 2025-09-08 21:36:10.713 - Player: Rambo
[DEBUG] 2025-09-08 21:36:10.713 - Target MapId: -1, ZoneId: -1
[DEBUG] 2025-09-08 21:36:10.714 - Target MapId: -1, ZoneId: -1
[DEBUG] 2025-09-08 21:36:10.714 - Target MapId: -1, ZoneId: -1
[DEBUG] 2025-09-08 21:36:10.714 - Target MapId: -1, ZoneId: -1
[DEBUG] 2025-09-08 21:36:10.714 - >>> ENTERING ChangeMapService.changeMap()
[DEBUG] 2025-09-08 21:36:10.715 - >>> ENTERING ChangeMapService.changeMap()
[DEBUG] 2025-09-08 21:36:10.715 - >>> ENTERING ChangeMapService.changeMap()
[DEBUG] 2025-09-08 21:36:10.715 - Player: Ya côn
[DEBUG] 2025-09-08 21:36:10.715 - >>> ENTERING ChangeMapService.changeMap()
[DEBUG] 2025-09-08 21:36:10.715 - Player: Rambo
[DEBUG] 2025-09-08 21:36:10.715 - Player: Tân binh-5
[DEBUG] 2025-09-08 21:36:10.715 - Target MapId: -1, ZoneId: -1
[DEBUG] 2025-09-08 21:36:10.715 - Player: Broly 57
[DEBUG] 2025-09-08 21:36:10.715 - Target MapId: -1, ZoneId: -1
[DEBUG] 2025-09-08 21:36:10.715 - Target MapId: -1, ZoneId: -1
[DEBUG] 2025-09-08 21:36:10.716 - Target MapId: -1, ZoneId: -1
[DEBUG] 2025-09-08 21:36:10.716 - >>> ENTERING ChangeMapService.changeMap()
[DEBUG] 2025-09-08 21:36:10.717 - >>> ENTERING ChangeMapService.changeMap()
[DEBUG] 2025-09-08 21:36:10.717 - Player: Ya côn
[DEBUG] 2025-09-08 21:36:10.717 - >>> ENTERING ChangeMapService.changeMap()
[DEBUG] 2025-09-08 21:36:10.717 - >>> ENTERING ChangeMapService.changeMap()
[DEBUG] 2025-09-08 21:36:10.719 - Player: Rambo
[DEBUG] 2025-09-08 21:36:10.719 - Player: Broly 24
[DEBUG] 2025-09-08 21:36:10.719 - Target MapId: -1, ZoneId: -1
[DEBUG] 2025-09-08 21:36:10.719 - Player: Tân binh-5
[DEBUG] 2025-09-08 21:36:10.719 - Target MapId: -1, ZoneId: -1
[DEBUG] 2025-09-08 21:36:10.719 - Target MapId: -1, ZoneId: -1
[DEBUG] 2025-09-08 21:36:10.720 - Target MapId: -1, ZoneId: -1
[DEBUG] 2025-09-08 21:36:10.720 - >>> ENTERING ChangeMapService.changeMap()
[DEBUG] 2025-09-08 21:36:10.720 - >>> ENTERING ChangeMapService.changeMap()
[DEBUG] 2025-09-08 21:36:10.720 - >>> ENTERING ChangeMapService.changeMap()
[DEBUG] 2025-09-08 21:36:10.720 - Player: Ya côn
[DEBUG] 2025-09-08 21:36:10.720 - >>> ENTERING ChangeMapService.changeMap()
[DEBUG] 2025-09-08 21:36:10.721 - Player: Broly 16
[DEBUG] 2025-09-08 21:36:10.721 - Player: Rambo
[DEBUG] 2025-09-08 21:36:10.721 - Target MapId: -1, ZoneId: -1
[DEBUG] 2025-09-08 21:36:10.721 - Player: Tân binh-5
[DEBUG] 2025-09-08 21:36:10.722 - Target MapId: -1, ZoneId: -1
[DEBUG] 2025-09-08 21:36:10.722 - Target MapId: -1, ZoneId: -1
[DEBUG] 2025-09-08 21:36:10.722 - Target MapId: -1, ZoneId: -1
[DEBUG] 2025-09-08 21:36:10.722 - >>> ENTERING ChangeMapService.changeMap()
[DEBUG] 2025-09-08 21:36:10.723 - >>> ENTERING ChangeMapService.changeMap()
[DEBUG] 2025-09-08 21:36:10.723 - >>> ENTERING ChangeMapService.changeMap()
[DEBUG] 2025-09-08 21:36:10.723 - Player: Ya côn
[DEBUG] 2025-09-08 21:36:10.723 - >>> ENTERING ChangeMapService.changeMap()
[DEBUG] 2025-09-08 21:36:10.723 - Player: Rambo
[DEBUG] 2025-09-08 21:36:10.723 - Player: Broly 34
[DEBUG] 2025-09-08 21:36:10.724 - Target MapId: -1, ZoneId: -1
[DEBUG] 2025-09-08 21:36:10.724 - Player: Tân binh-5
[DEBUG] 2025-09-08 21:36:10.724 - Target MapId: -1, ZoneId: -1
[DEBUG] 2025-09-08 21:36:10.724 - Target MapId: -1, ZoneId: -1
[DEBUG] 2025-09-08 21:36:10.725 - >>> ENTERING ChangeMapService.changeMap()
[DEBUG] 2025-09-08 21:36:10.725 - Target MapId: -1, ZoneId: -1
[DEBUG] 2025-09-08 21:36:10.725 - >>> ENTERING ChangeMapService.changeMap()
[DEBUG] 2025-09-08 21:36:10.725 - Player: Ya côn
[DEBUG] 2025-09-08 21:36:10.725 - >>> ENTERING ChangeMapService.changeMap()
[DEBUG] 2025-09-08 21:36:10.725 - >>> ENTERING ChangeMapService.changeMap()
[DEBUG] 2025-09-08 21:36:10.726 - Player: Broly 94
[DEBUG] 2025-09-08 21:36:10.726 - Target MapId: -1, ZoneId: -1
[DEBUG] 2025-09-08 21:36:10.726 - Player: Tân binh-5
[DEBUG] 2025-09-08 21:36:10.726 - Player: Mập Đầu Đinh
[DEBUG] 2025-09-08 21:36:10.727 - Target MapId: -1, ZoneId: -1
[DEBUG] 2025-09-08 21:36:10.727 - Target MapId: -1, ZoneId: -1
[DEBUG] 2025-09-08 21:36:10.727 - >>> ENTERING ChangeMapService.changeMap()
[DEBUG] 2025-09-08 21:36:10.727 - Target MapId: -1, ZoneId: -1
[DEBUG] 2025-09-08 21:36:10.727 - >>> ENTERING ChangeMapService.changeMap()
[DEBUG] 2025-09-08 21:36:10.727 - Player: Ya côn
[DEBUG] 2025-09-08 21:36:10.728 - >>> ENTERING ChangeMapService.changeMap()
[DEBUG] 2025-09-08 21:36:10.728 - >>> ENTERING ChangeMapService.changeMap()
[DEBUG] 2025-09-08 21:36:10.728 - Target MapId: -1, ZoneId: -1
[DEBUG] 2025-09-08 21:36:10.728 - Player: Broly 39
[DEBUG] 2025-09-08 21:36:10.728 - Player: Mập Đầu Đinh
[DEBUG] 2025-09-08 21:36:10.728 - Player: Tân binh-5
[DEBUG] 2025-09-08 21:36:10.729 - >>> ENTERING ChangeMapService.changeMap()
[DEBUG] 2025-09-08 21:36:10.729 - Target MapId: -1, ZoneId: -1
[DEBUG] 2025-09-08 21:36:10.729 - Target MapId: -1, ZoneId: -1
[DEBUG] 2025-09-08 21:36:10.729 - Target MapId: -1, ZoneId: -1
[DEBUG] 2025-09-08 21:36:10.730 - Player: Ya côn
[DEBUG] 2025-09-08 21:36:10.730 - >>> ENTERING ChangeMapService.changeMap()
[DEBUG] 2025-09-08 21:36:10.730 - Target MapId: -1, ZoneId: -1
[DEBUG] 2025-09-08 21:36:10.730 - >>> ENTERING ChangeMapService.changeMap()
[DEBUG] 2025-09-08 21:36:10.730 - Player: Broly 99
[DEBUG] 2025-09-08 21:36:10.730 - >>> ENTERING ChangeMapService.changeMap()
[DEBUG] 2025-09-08 21:36:10.730 - >>> ENTERING ChangeMapService.changeMap()
[DEBUG] 2025-09-08 21:36:10.730 - Player: Mập Đầu Đinh
[DEBUG] 2025-09-08 21:36:10.730 - Target MapId: -1, ZoneId: -1
[DEBUG] 2025-09-08 21:36:10.730 - Player: Tân binh-5
[DEBUG] 2025-09-08 21:36:10.730 - Player: Ya côn
[DEBUG] 2025-09-08 21:36:10.730 - Target MapId: -1, ZoneId: -1
[DEBUG] 2025-09-08 21:36:10.731 - Target MapId: -1, ZoneId: -1
[DEBUG] 2025-09-08 21:36:10.731 - Target MapId: -1, ZoneId: -1
[DEBUG] 2025-09-08 21:36:10.731 - >>> ENTERING ChangeMapService.changeMap()
[DEBUG] 2025-09-08 21:36:10.731 - >>> ENTERING ChangeMapService.changeMap()
[DEBUG] 2025-09-08 21:36:10.731 - >>> ENTERING ChangeMapService.changeMap()
[DEBUG] 2025-09-08 21:36:10.732 - >>> ENTERING ChangeMapService.changeMap()
[DEBUG] 2025-09-08 21:36:10.732 - Player: Broly 53
[DEBUG] 2025-09-08 21:36:10.732 - Player: Tân binh-5
[DEBUG] 2025-09-08 21:36:10.732 - Player: Mập Đầu Đinh
[DEBUG] 2025-09-08 21:36:10.733 - Player: Bui Bui
[DEBUG] 2025-09-08 21:36:10.733 - Target MapId: -1, ZoneId: -1
[DEBUG] 2025-09-08 21:36:10.733 - Target MapId: -1, ZoneId: -1
[DEBUG] 2025-09-08 21:36:10.733 - Target MapId: -1, ZoneId: -1
[DEBUG] 2025-09-08 21:36:10.733 - Target MapId: -1, ZoneId: -1
[DEBUG] 2025-09-08 21:36:10.734 - >>> ENTERING ChangeMapService.changeMap()
[DEBUG] 2025-09-08 21:36:10.734 - >>> ENTERING ChangeMapService.changeMap()
[DEBUG] 2025-09-08 21:36:10.734 - >>> ENTERING ChangeMapService.changeMap()
[DEBUG] 2025-09-08 21:36:10.734 - >>> ENTERING ChangeMapService.changeMap()
[DEBUG] 2025-09-08 21:36:10.735 - Player: Tân binh-5
[DEBUG] 2025-09-08 21:36:10.735 - Player: Bui Bui
[DEBUG] 2025-09-08 21:36:10.735 - Player: Broly 32
[DEBUG] 2025-09-08 21:36:10.735 - Player: Mập Đầu Đinh
[DEBUG] 2025-09-08 21:36:10.736 - Target MapId: -1, ZoneId: -1
[DEBUG] 2025-09-08 21:36:10.736 - Target MapId: -1, ZoneId: -1
[DEBUG] 2025-09-08 21:36:10.736 - Target MapId: -1, ZoneId: -1
[DEBUG] 2025-09-08 21:36:10.736 - Target MapId: -1, ZoneId: -1
[DEBUG] 2025-09-08 21:36:10.736 - >>> ENTERING ChangeMapService.changeMap()
[DEBUG] 2025-09-08 21:36:10.737 - >>> ENTERING ChangeMapService.changeMap()
[DEBUG] 2025-09-08 21:36:10.737 - >>> ENTERING ChangeMapService.changeMap()
[DEBUG] 2025-09-08 21:36:10.737 - >>> ENTERING ChangeMapService.changeMap()
[DEBUG] 2025-09-08 21:36:10.737 - Player: Bui Bui
[DEBUG] 2025-09-08 21:36:10.737 - Player: Broly 56
[DEBUG] 2025-09-08 21:36:10.738 - Player: Tân binh-5
[DEBUG] 2025-09-08 21:36:10.738 - Player: Mập Đầu Đinh
[DEBUG] 2025-09-08 21:36:10.738 - Target MapId: -1, ZoneId: -1
[DEBUG] 2025-09-08 21:36:10.738 - Target MapId: -1, ZoneId: -1
[DEBUG] 2025-09-08 21:36:10.738 - Target MapId: -1, ZoneId: -1
[DEBUG] 2025-09-08 21:36:10.738 - Target MapId: -1, ZoneId: -1
[DEBUG] 2025-09-08 21:36:10.739 - >>> ENTERING ChangeMapService.changeMap()
[DEBUG] 2025-09-08 21:36:10.739 - >>> ENTERING ChangeMapService.changeMap()
[DEBUG] 2025-09-08 21:36:10.739 - >>> ENTERING ChangeMapService.changeMap()
[DEBUG] 2025-09-08 21:36:10.739 - >>> ENTERING ChangeMapService.changeMap()
[DEBUG] 2025-09-08 21:36:10.740 - Player: Broly 18
[DEBUG] 2025-09-08 21:36:10.740 - Player: Bui Bui
[DEBUG] 2025-09-08 21:36:10.740 - Player: Mập Đầu Đinh
[DEBUG] 2025-09-08 21:36:10.740 - Player: Tân binh-5
[DEBUG] 2025-09-08 21:36:10.741 - Target MapId: -1, ZoneId: -1
[DEBUG] 2025-09-08 21:36:10.741 - Target MapId: -1, ZoneId: -1
[DEBUG] 2025-09-08 21:36:10.741 - Target MapId: -1, ZoneId: -1
[DEBUG] 2025-09-08 21:36:10.741 - Target MapId: -1, ZoneId: -1
[DEBUG] 2025-09-08 21:36:10.741 - >>> ENTERING ChangeMapService.changeMap()
[DEBUG] 2025-09-08 21:36:10.741 - >>> ENTERING ChangeMapService.changeMap()
[DEBUG] 2025-09-08 21:36:10.741 - >>> ENTERING ChangeMapService.changeMap()
[DEBUG] 2025-09-08 21:36:10.741 - >>> ENTERING ChangeMapService.changeMap()
[DEBUG] 2025-09-08 21:36:10.742 - Player: Bui Bui
[DEBUG] 2025-09-08 21:36:10.742 - Player: Broly 21
[DEBUG] 2025-09-08 21:36:10.742 - Player: Tân binh-5
[DEBUG] 2025-09-08 21:36:10.742 - Player: Mập Đầu Đinh
[DEBUG] 2025-09-08 21:36:10.742 - Target MapId: -1, ZoneId: -1
[DEBUG] 2025-09-08 21:36:10.742 - Target MapId: -1, ZoneId: -1
[DEBUG] 2025-09-08 21:36:10.742 - Target MapId: -1, ZoneId: -1
[DEBUG] 2025-09-08 21:36:10.743 - Target MapId: -1, ZoneId: -1
[DEBUG] 2025-09-08 21:36:10.743 - >>> ENTERING ChangeMapService.changeMap()
[DEBUG] 2025-09-08 21:36:10.743 - >>> ENTERING ChangeMapService.changeMap()
[DEBUG] 2025-09-08 21:36:10.743 - >>> ENTERING ChangeMapService.changeMap()
[DEBUG] 2025-09-08 21:36:10.744 - Player: Broly 71
[DEBUG] 2025-09-08 21:36:10.744 - Player: Bui Bui
[DEBUG] 2025-09-08 21:36:10.744 - Player: Mập Đầu Đinh
[DEBUG] 2025-09-08 21:36:10.744 - Target MapId: -1, ZoneId: -1
[DEBUG] 2025-09-08 21:36:10.744 - Target MapId: -1, ZoneId: -1
[DEBUG] 2025-09-08 21:36:10.745 - Target MapId: -1, ZoneId: -1
[DEBUG] 2025-09-08 21:36:10.745 - >>> ENTERING ChangeMapService.changeMap()
[DEBUG] 2025-09-08 21:36:10.745 - >>> ENTERING ChangeMapService.changeMap()
[DEBUG] 2025-09-08 21:36:10.745 - >>> ENTERING ChangeMapService.changeMap()
[DEBUG] 2025-09-08 21:36:10.746 - Player: Broly 75
[DEBUG] 2025-09-08 21:36:10.746 - Player: Mập Đầu Đinh
[DEBUG] 2025-09-08 21:36:10.746 - Player: Bui Bui
[DEBUG] 2025-09-08 21:36:10.746 - Target MapId: -1, ZoneId: -1
[DEBUG] 2025-09-08 21:36:10.746 - Target MapId: -1, ZoneId: -1
[DEBUG] 2025-09-08 21:36:10.747 - Target MapId: -1, ZoneId: -1
[DEBUG] 2025-09-08 21:36:10.747 - >>> ENTERING ChangeMapService.changeMap()
[DEBUG] 2025-09-08 21:36:10.747 - >>> ENTERING ChangeMapService.changeMap()
[DEBUG] 2025-09-08 21:36:10.747 - Player: Broly 96
[DEBUG] 2025-09-08 21:36:10.747 - >>> ENTERING ChangeMapService.changeMap()
[DEBUG] 2025-09-08 21:36:10.747 - Player: Bui Bui
[DEBUG] 2025-09-08 21:36:10.747 - Target MapId: -1, ZoneId: -1
[DEBUG] 2025-09-08 21:36:10.747 - Player: Kuku
[DEBUG] 2025-09-08 21:36:10.748 - Target MapId: -1, ZoneId: -1
[DEBUG] 2025-09-08 21:36:10.748 - >>> ENTERING ChangeMapService.changeMap()
[DEBUG] 2025-09-08 21:36:10.748 - Target MapId: -1, ZoneId: -1
[DEBUG] 2025-09-08 21:36:10.748 - >>> ENTERING ChangeMapService.changeMap()
[DEBUG] 2025-09-08 21:36:10.748 - Player: Broly 13
[DEBUG] 2025-09-08 21:36:10.750 - Target MapId: -1, ZoneId: -1
[DEBUG] 2025-09-08 21:36:10.750 - >>> ENTERING ChangeMapService.changeMap()
[DEBUG] 2025-09-08 21:36:10.750 - Player: Bui Bui
[DEBUG] 2025-09-08 21:36:10.751 - Player: Kuku
[DEBUG] 2025-09-08 21:36:10.751 - Target MapId: -1, ZoneId: -1
[DEBUG] 2025-09-08 21:36:10.751 - >>> ENTERING ChangeMapService.changeMap()
[DEBUG] 2025-09-08 21:36:10.752 - Target MapId: -1, ZoneId: -1
[DEBUG] 2025-09-08 21:36:10.752 - >>> ENTERING ChangeMapService.changeMap()
[DEBUG] 2025-09-08 21:36:10.752 - Player: Broly 64
[DEBUG] 2025-09-08 21:36:10.752 - >>> ENTERING ChangeMapService.changeMap()
[DEBUG] 2025-09-08 21:36:10.753 - Target MapId: -1, ZoneId: -1
[DEBUG] 2025-09-08 21:36:10.752 - Player: Bui Bui
[DEBUG] 2025-09-08 21:36:10.753 - Player: Kuku
[DEBUG] 2025-09-08 21:36:10.753 - Target MapId: -1, ZoneId: -1
[DEBUG] 2025-09-08 21:36:10.753 - >>> ENTERING ChangeMapService.changeMap()
[DEBUG] 2025-09-08 21:36:10.753 - Target MapId: -1, ZoneId: -1
[DEBUG] 2025-09-08 21:36:10.754 - >>> ENTERING ChangeMapService.changeMap()
[DEBUG] 2025-09-08 21:36:10.753 - Player: Broly 78
[DEBUG] 2025-09-08 21:36:10.754 - Target MapId: -1, ZoneId: -1
[DEBUG] 2025-09-08 21:36:10.754 - Player: Bui Bui
[DEBUG] 2025-09-08 21:36:10.754 - >>> ENTERING ChangeMapService.changeMap()
[DEBUG] 2025-09-08 21:36:10.755 - Player: Kuku
[DEBUG] 2025-09-08 21:36:10.755 - >>> ENTERING ChangeMapService.changeMap()
[DEBUG] 2025-09-08 21:36:10.755 - Target MapId: -1, ZoneId: -1
[DEBUG] 2025-09-08 21:36:10.755 - Target MapId: -1, ZoneId: -1
[DEBUG] 2025-09-08 21:36:10.755 - Player: Broly 20
[DEBUG] 2025-09-08 21:36:10.755 - >>> ENTERING ChangeMapService.changeMap()
[DEBUG] 2025-09-08 21:36:10.756 - >>> ENTERING ChangeMapService.changeMap()
[DEBUG] 2025-09-08 21:36:10.756 - Target MapId: -1, ZoneId: -1
[DEBUG] 2025-09-08 21:36:10.756 - Player: Bui Bui
[DEBUG] 2025-09-08 21:36:10.756 - Player: Kuku
[DEBUG] 2025-09-08 21:36:10.756 - Target MapId: -1, ZoneId: -1
[DEBUG] 2025-09-08 21:36:10.756 - >>> ENTERING ChangeMapService.changeMap()
[DEBUG] 2025-09-08 21:36:10.757 - Target MapId: -1, ZoneId: -1
[DEBUG] 2025-09-08 21:36:10.757 - Player: Broly 44
[DEBUG] 2025-09-08 21:36:10.757 - >>> ENTERING ChangeMapService.changeMap()
[DEBUG] 2025-09-08 21:36:10.757 - Target MapId: -1, ZoneId: -1
[DEBUG] 2025-09-08 21:36:10.757 - Player: Bui Bui
[DEBUG] 2025-09-08 21:36:10.757 - >>> ENTERING ChangeMapService.changeMap()
[DEBUG] 2025-09-08 21:36:10.758 - Target MapId: -1, ZoneId: -1
[DEBUG] 2025-09-08 21:36:10.758 - >>> ENTERING ChangeMapService.changeMap()
[DEBUG] 2025-09-08 21:36:10.758 - Player: Kuku
[DEBUG] 2025-09-08 21:36:10.758 - >>> ENTERING ChangeMapService.changeMap()
[DEBUG] 2025-09-08 21:36:10.758 - Target MapId: -1, ZoneId: -1
[DEBUG] 2025-09-08 21:36:10.758 - Player: Broly 98
[DEBUG] 2025-09-08 21:36:10.759 - Player: Bui Bui
[DEBUG] 2025-09-08 21:36:10.761 - >>> ENTERING ChangeMapService.changeMap()
[DEBUG] 2025-09-08 21:36:10.761 - Target MapId: -1, ZoneId: -1
[DEBUG] 2025-09-08 21:36:10.761 - Target MapId: -1, ZoneId: -1
[DEBUG] 2025-09-08 21:36:10.762 - Player: Kuku
[DEBUG] 2025-09-08 21:36:10.762 - >>> ENTERING ChangeMapService.changeMap()
[DEBUG] 2025-09-08 21:36:10.763 - Target MapId: -1, ZoneId: -1
[DEBUG] 2025-09-08 21:36:10.762 - >>> ENTERING ChangeMapService.changeMap()
[DEBUG] 2025-09-08 21:36:10.763 - Player: Bui Bui
[DEBUG] 2025-09-08 21:36:10.764 - >>> ENTERING ChangeMapService.changeMap()
[DEBUG] 2025-09-08 21:36:10.764 - Player: Broly 67
[DEBUG] 2025-09-08 21:36:10.764 - Target MapId: -1, ZoneId: -1
[DEBUG] 2025-09-08 21:36:10.764 - Player: Kuku
[DEBUG] 2025-09-08 21:36:10.764 - Target MapId: -1, ZoneId: -1
[DEBUG] 2025-09-08 21:36:10.764 - Target MapId: -1, ZoneId: -1
[DEBUG] 2025-09-08 21:36:10.764 - >>> ENTERING ChangeMapService.changeMap()
[DEBUG] 2025-09-08 21:36:10.765 - >>> ENTERING ChangeMapService.changeMap()
[DEBUG] 2025-09-08 21:36:10.766 - Player: Bui Bui
[DEBUG] 2025-09-08 21:36:10.766 - Player: Kuku
[DEBUG] 2025-09-08 21:36:10.767 - Target MapId: -1, ZoneId: -1
[DEBUG] 2025-09-08 21:36:10.767 - Target MapId: -1, ZoneId: -1
[DEBUG] 2025-09-08 21:36:10.767 - >>> ENTERING ChangeMapService.changeMap()
[DEBUG] 2025-09-08 21:36:10.768 - >>> ENTERING ChangeMapService.changeMap()
[DEBUG] 2025-09-08 21:36:10.768 - Player: Bui Bui
[DEBUG] 2025-09-08 21:36:10.768 - Player: Kuku
[DEBUG] 2025-09-08 21:36:10.768 - Target MapId: -1, ZoneId: -1
[DEBUG] 2025-09-08 21:36:10.768 - Target MapId: -1, ZoneId: -1
[DEBUG] 2025-09-08 21:36:10.769 - >>> ENTERING ChangeMapService.changeMap()
[DEBUG] 2025-09-08 21:36:10.769 - >>> ENTERING ChangeMapService.changeMap()
[DEBUG] 2025-09-08 21:36:10.769 - Player: Bui Bui
[DEBUG] 2025-09-08 21:36:10.769 - Player: Xên Hoàn Thiện
[DEBUG] 2025-09-08 21:36:10.770 - Target MapId: -1, ZoneId: -1
[DEBUG] 2025-09-08 21:36:10.770 - Target MapId: -1, ZoneId: -1
[DEBUG] 2025-09-08 21:36:10.770 - >>> ENTERING ChangeMapService.changeMap()
[DEBUG] 2025-09-08 21:36:10.771 - >>> ENTERING ChangeMapService.changeMap()
[DEBUG] 2025-09-08 21:36:10.771 - Player: Bui Bui
[DEBUG] 2025-09-08 21:36:10.771 - Player: Xên bọ hung 1
[DEBUG] 2025-09-08 21:36:10.771 - Target MapId: -1, ZoneId: -1
[DEBUG] 2025-09-08 21:36:10.773 - Target MapId: -1, ZoneId: -1
[DEBUG] 2025-09-08 21:36:10.773 - >>> ENTERING ChangeMapService.changeMap()
[DEBUG] 2025-09-08 21:36:10.773 - Player: Bui Bui
[DEBUG] 2025-09-08 21:36:10.774 - >>> ENTERING ChangeMapService.changeMap()
[DEBUG] 2025-09-08 21:36:10.774 - Target MapId: -1, ZoneId: -1
[DEBUG] 2025-09-08 21:36:10.774 - Player: King Kong
[DEBUG] 2025-09-08 21:36:10.775 - >>> ENTERING ChangeMapService.changeMap()
[DEBUG] 2025-09-08 21:36:10.775 - Target MapId: -1, ZoneId: -1
[DEBUG] 2025-09-08 21:36:10.775 - Player: Drabura
[DEBUG] 2025-09-08 21:36:10.775 - Target MapId: -1, ZoneId: -1
[DEBUG] 2025-09-08 21:36:10.776 - >>> ENTERING ChangeMapService.changeMap()
[DEBUG] 2025-09-08 21:36:10.776 - >>> ENTERING ChangeMapService.changeMap()
[DEBUG] 2025-09-08 21:36:10.776 - Player: Tiểu đội trưởng
[DEBUG] 2025-09-08 21:36:10.776 - Player: Drabura
[DEBUG] 2025-09-08 21:36:10.777 - Target MapId: -1, ZoneId: -1
[DEBUG] 2025-09-08 21:36:10.777 - Target MapId: -1, ZoneId: -1
[DEBUG] 2025-09-08 21:36:10.777 - >>> ENTERING ChangeMapService.changeMap()
[DEBUG] 2025-09-08 21:36:10.777 - >>> ENTERING ChangeMapService.changeMap()
[DEBUG] 2025-09-08 21:36:10.777 - Player: Tiểu đội trưởng
[DEBUG] 2025-09-08 21:36:10.778 - Player: Drabura
[DEBUG] 2025-09-08 21:36:10.778 - Target MapId: -1, ZoneId: -1
[DEBUG] 2025-09-08 21:36:10.778 - Target MapId: -1, ZoneId: -1
[DEBUG] 2025-09-08 21:36:10.778 - >>> ENTERING ChangeMapService.changeMap()
[DEBUG] 2025-09-08 21:36:10.778 - >>> ENTERING ChangeMapService.changeMap()
[DEBUG] 2025-09-08 21:36:10.779 - Player: Thỏ Đại Ka 74
[DEBUG] 2025-09-08 21:36:10.779 - Player: Drabura
[DEBUG] 2025-09-08 21:36:10.779 - Target MapId: -1, ZoneId: -1
[DEBUG] 2025-09-08 21:36:10.780 - Target MapId: -1, ZoneId: -1
[DEBUG] 2025-09-08 21:36:10.780 - >>> ENTERING ChangeMapService.changeMap()
[DEBUG] 2025-09-08 21:36:10.780 - >>> ENTERING ChangeMapService.changeMap()
[DEBUG] 2025-09-08 21:36:10.781 - Player: Thỏ Đại Ka 96
[DEBUG] 2025-09-08 21:36:10.781 - Player: Drabura
[DEBUG] 2025-09-08 21:36:10.782 - Target MapId: -1, ZoneId: -1
[DEBUG] 2025-09-08 21:36:10.784 - >>> ENTERING ChangeMapService.changeMap()
[DEBUG] 2025-09-08 21:36:10.784 - Target MapId: -1, ZoneId: -1
[DEBUG] 2025-09-08 21:36:10.785 - >>> ENTERING ChangeMapService.changeMap()
[DEBUG] 2025-09-08 21:36:10.785 - Player: Thỏ Đại Ka 52
[DEBUG] 2025-09-08 21:36:10.786 - Player: Drabura
[DEBUG] 2025-09-08 21:36:10.787 - Target MapId: -1, ZoneId: -1
[DEBUG] 2025-09-08 21:36:10.787 - Target MapId: -1, ZoneId: -1
[DEBUG] 2025-09-08 21:36:10.788 - >>> ENTERING ChangeMapService.changeMap()
[DEBUG] 2025-09-08 21:36:10.788 - >>> ENTERING ChangeMapService.changeMap()
[DEBUG] 2025-09-08 21:36:10.788 - Player: Thỏ Đại Ka 53
[DEBUG] 2025-09-08 21:36:10.789 - Player: Drabura
[DEBUG] 2025-09-08 21:36:10.789 - Target MapId: -1, ZoneId: -1
[DEBUG] 2025-09-08 21:36:10.790 - Target MapId: -1, ZoneId: -1
[DEBUG] 2025-09-08 21:36:10.790 - >>> ENTERING ChangeMapService.changeMap()
[DEBUG] 2025-09-08 21:36:10.790 - >>> ENTERING ChangeMapService.changeMap()
[DEBUG] 2025-09-08 21:36:10.790 - Player: Thỏ Đại Ka 81
[DEBUG] 2025-09-08 21:36:10.791 - Player: Drabura
[DEBUG] 2025-09-08 21:36:10.791 - Target MapId: -1, ZoneId: -1
[DEBUG] 2025-09-08 21:36:10.791 - Target MapId: -1, ZoneId: -1
[DEBUG] 2025-09-08 21:36:10.791 - >>> ENTERING ChangeMapService.changeMap()
[DEBUG] 2025-09-08 21:36:10.791 - >>> ENTERING ChangeMapService.changeMap()
[DEBUG] 2025-09-08 21:36:10.792 - Player: Ăn trộm 78
[DEBUG] 2025-09-08 21:36:10.792 - Player: Drabura
[DEBUG] 2025-09-08 21:36:10.792 - Target MapId: -1, ZoneId: -1
[DEBUG] 2025-09-08 21:36:10.792 - Target MapId: -1, ZoneId: -1
[DEBUG] 2025-09-08 21:36:10.793 - >>> ENTERING ChangeMapService.changeMap()
[DEBUG] 2025-09-08 21:36:10.793 - >>> ENTERING ChangeMapService.changeMap()
[DEBUG] 2025-09-08 21:36:10.793 - Player: Ăn trộm 58
[DEBUG] 2025-09-08 21:36:10.793 - Player: Drabura
[DEBUG] 2025-09-08 21:36:10.794 - Target MapId: -1, ZoneId: -1
[DEBUG] 2025-09-08 21:36:10.794 - Target MapId: -1, ZoneId: -1
[DEBUG] 2025-09-08 21:36:10.794 - >>> ENTERING ChangeMapService.changeMap()
[DEBUG] 2025-09-08 21:36:10.795 - >>> ENTERING ChangeMapService.changeMap()
[DEBUG] 2025-09-08 21:36:10.795 - Player: Tàu Pảy Pảy
[DEBUG] 2025-09-08 21:36:10.795 - Player: Ăn trộm 97
[DEBUG] 2025-09-08 21:36:10.796 - Target MapId: -1, ZoneId: -1
[DEBUG] 2025-09-08 21:36:10.796 - Target MapId: -1, ZoneId: -1
[DEBUG] 2025-09-08 21:36:10.796 - >>> ENTERING ChangeMapService.changeMap()
[DEBUG] 2025-09-08 21:36:10.796 - >>> ENTERING ChangeMapService.changeMap()
[DEBUG] 2025-09-08 21:36:10.797 - Player: Ăn trộm 67
[DEBUG] 2025-09-08 21:36:10.797 - Player: Tàu Pảy Pảy
[DEBUG] 2025-09-08 21:36:10.797 - Target MapId: -1, ZoneId: -1
[DEBUG] 2025-09-08 21:36:10.797 - Target MapId: -1, ZoneId: -1
[DEBUG] 2025-09-08 21:36:10.798 - >>> ENTERING ChangeMapService.changeMap()
[DEBUG] 2025-09-08 21:36:10.798 - >>> ENTERING ChangeMapService.changeMap()
[DEBUG] 2025-09-08 21:36:10.799 - Player: Tàu Pảy Pảy
[DEBUG] 2025-09-08 21:36:10.799 - Player: Ăn trộm 86
[DEBUG] 2025-09-08 21:36:10.799 - Target MapId: -1, ZoneId: -1
[DEBUG] 2025-09-08 21:36:10.799 - Target MapId: -1, ZoneId: -1
[DEBUG] 2025-09-08 21:36:10.801 - >>> ENTERING ChangeMapService.changeMap()
[DEBUG] 2025-09-08 21:36:10.801 - Player: Tàu Pảy Pảy
[DEBUG] 2025-09-08 21:36:10.801 - Target MapId: -1, ZoneId: -1
[DEBUG] 2025-09-08 21:36:10.802 - >>> ENTERING ChangeMapService.changeMap()
[DEBUG] 2025-09-08 21:36:10.802 - Player: Tàu Pảy Pảy
[DEBUG] 2025-09-08 21:36:10.803 - Target MapId: -1, ZoneId: -1
[DEBUG] 2025-09-08 21:36:10.804 - >>> ENTERING ChangeMapService.changeMap()
[DEBUG] 2025-09-08 21:36:10.804 - Player: Tàu Pảy Pảy
[DEBUG] 2025-09-08 21:36:10.804 - Target MapId: -1, ZoneId: -1
[DEBUG] 2025-09-08 21:36:10.805 - >>> ENTERING ChangeMapService.changeMap()
[DEBUG] 2025-09-08 21:36:10.805 - Player: Tàu Pảy Pảy
[DEBUG] 2025-09-08 21:36:10.807 - Target MapId: -1, ZoneId: -1
[DEBUG] 2025-09-08 21:36:10.807 - >>> ENTERING ChangeMapService.changeMap()
[DEBUG] 2025-09-08 21:36:10.808 - Player: Tàu Pảy Pảy
[DEBUG] 2025-09-08 21:36:10.808 - Target MapId: -1, ZoneId: -1
[DEBUG] 2025-09-08 21:36:10.808 - >>> ENTERING ChangeMapService.changeMap()
[DEBUG] 2025-09-08 21:36:10.809 - Player: Tàu Pảy Pảy
[DEBUG] 2025-09-08 21:36:10.810 - Target MapId: -1, ZoneId: -1
[DEBUG] 2025-09-08 21:36:10.810 - >>> ENTERING ChangeMapService.changeMap()
[DEBUG] 2025-09-08 21:36:10.810 - Player: Tàu Pảy Pảy
[DEBUG] 2025-09-08 21:36:10.812 - Target MapId: -1, ZoneId: -1
[DEBUG] 2025-09-08 21:36:10.813 - >>> ENTERING ChangeMapService.changeMap()
[DEBUG] 2025-09-08 21:36:10.813 - Player: Tàu Pảy Pảy
[DEBUG] 2025-09-08 21:36:10.813 - Target MapId: -1, ZoneId: -1
[DEBUG] 2025-09-08 21:36:10.813 - >>> ENTERING ChangeMapService.changeMap()
[DEBUG] 2025-09-08 21:36:10.814 - Player: Tàu Pảy Pảy
[DEBUG] 2025-09-08 21:36:10.814 - Target MapId: -1, ZoneId: -1
[DEBUG] 2025-09-08 21:36:10.814 - >>> ENTERING ChangeMapService.changeMap()
[DEBUG] 2025-09-08 21:36:10.814 - Player: Tàu Pảy Pảy
[DEBUG] 2025-09-08 21:36:10.815 - Target MapId: -1, ZoneId: -1
[DEBUG] 2025-09-08 21:36:10.816 - >>> ENTERING ChangeMapService.changeMap()
[DEBUG] 2025-09-08 21:36:10.817 - Player: Tàu Pảy Pảy
[DEBUG] 2025-09-08 21:36:10.819 - Target MapId: -1, ZoneId: -1
[DEBUG] 2025-09-08 21:36:10.820 - >>> ENTERING ChangeMapService.changeMap()
[DEBUG] 2025-09-08 21:36:10.823 - Player: Tàu Pảy Pảy
[DEBUG] 2025-09-08 21:36:10.823 - Target MapId: -1, ZoneId: -1
[DEBUG] 2025-09-08 21:36:10.823 - >>> ENTERING ChangeMapService.changeMap()
[DEBUG] 2025-09-08 21:36:10.823 - Player: Tàu Pảy Pảy
[DEBUG] 2025-09-08 21:36:10.824 - Target MapId: -1, ZoneId: -1
[DEBUG] 2025-09-08 21:36:10.824 - >>> ENTERING ChangeMapService.changeMap()
[DEBUG] 2025-09-08 21:36:10.825 - Player: Tàu Pảy Pảy
[DEBUG] 2025-09-08 21:36:10.826 - Target MapId: -1, ZoneId: -1
[DEBUG] 2025-09-08 21:36:10.826 - >>> ENTERING ChangeMapService.changeMap()
[DEBUG] 2025-09-08 21:36:10.827 - Player: Tàu Pảy Pảy
[DEBUG] 2025-09-08 21:36:10.827 - Target MapId: -1, ZoneId: -1
[DEBUG] 2025-09-08 21:36:10.829 - >>> ENTERING ChangeMapService.changeMap()
[DEBUG] 2025-09-08 21:36:10.830 - Player: Tàu Pảy Pảy
[DEBUG] 2025-09-08 21:36:10.830 - Target MapId: -1, ZoneId: -1
[DEBUG] 2025-09-08 21:36:10.831 - >>> ENTERING ChangeMapService.changeMap()
[DEBUG] 2025-09-08 21:36:10.831 - Player: Tàu Pảy Pảy
[DEBUG] 2025-09-08 21:36:10.831 - Target MapId: -1, ZoneId: -1
[DEBUG] 2025-09-08 21:36:10.832 - >>> ENTERING ChangeMapService.changeMap()
[DEBUG] 2025-09-08 21:36:10.832 - Player: Tàu Pảy Pảy
[DEBUG] 2025-09-08 21:36:10.832 - Target MapId: -1, ZoneId: -1
[DEBUG] 2025-09-08 21:36:10.833 - >>> ENTERING ChangeMapService.changeMap()
[DEBUG] 2025-09-08 21:36:10.834 - Player: Tàu Pảy Pảy
[DEBUG] 2025-09-08 21:36:10.834 - Target MapId: -1, ZoneId: -1
[DEBUG] 2025-09-08 21:36:10.834 - >>> ENTERING ChangeMapService.changeMap()
[DEBUG] 2025-09-08 21:36:10.834 - Player: Tàu Pảy Pảy
[DEBUG] 2025-09-08 21:36:10.835 - Target MapId: -1, ZoneId: -1
[DEBUG] 2025-09-08 21:36:10.835 - >>> ENTERING ChangeMapService.changeMap()
[DEBUG] 2025-09-08 21:36:10.836 - Player: Tàu Pảy Pảy
[DEBUG] 2025-09-08 21:36:10.836 - Target MapId: -1, ZoneId: -1
[DEBUG] 2025-09-08 21:36:10.837 - >>> ENTERING ChangeMapService.changeMap()
[DEBUG] 2025-09-08 21:36:10.838 - Player: Tàu Pảy Pảy
[DEBUG] 2025-09-08 21:36:10.838 - Target MapId: -1, ZoneId: -1
[DEBUG] 2025-09-08 21:36:10.839 - >>> ENTERING ChangeMapService.changeMap()
[DEBUG] 2025-09-08 21:36:10.839 - Player: Tàu Pảy Pảy
[DEBUG] 2025-09-08 21:36:10.839 - Target MapId: -1, ZoneId: -1
[DEBUG] 2025-09-08 21:36:10.909 - >>> ENTERING ChangeMapService.changeMap()
[DEBUG] 2025-09-08 21:36:10.909 - Player: Chiến binh-4
[DEBUG] 2025-09-08 21:36:10.910 - Target MapId: -1, ZoneId: -1
[DEBUG] 2025-09-08 21:36:10.910 - >>> ENTERING ChangeMapService.changeMap()
[DEBUG] 2025-09-08 21:36:10.910 - Player: Chiến binh-3
[DEBUG] 2025-09-08 21:36:10.910 - Target MapId: -1, ZoneId: -1
[DEBUG] 2025-09-08 21:36:10.911 - >>> ENTERING ChangeMapService.changeMap()
[DEBUG] 2025-09-08 21:36:10.911 - Player: Chiến binh-2
[DEBUG] 2025-09-08 21:36:10.911 - Target MapId: -1, ZoneId: -1
[DEBUG] 2025-09-08 21:36:10.911 - >>> ENTERING ChangeMapService.changeMap()
[DEBUG] 2025-09-08 21:36:10.911 - Player: Chiến binh-1
[DEBUG] 2025-09-08 21:36:10.911 - Target MapId: -1, ZoneId: -1
[DEBUG] 2025-09-08 21:36:10.912 - >>> ENTERING ChangeMapService.changeMap()
[DEBUG] 2025-09-08 21:36:10.912 - Player: Chiến binh-0
[DEBUG] 2025-09-08 21:36:10.912 - Target MapId: -1, ZoneId: -1
[DEBUG] 2025-09-08 21:36:10.912 - >>> ENTERING ChangeMapService.changeMap()
[DEBUG] 2025-09-08 21:36:10.913 - Player: Chiến binh-4
[DEBUG] 2025-09-08 21:36:10.913 - Target MapId: -1, ZoneId: -1
[DEBUG] 2025-09-08 21:36:10.913 - >>> ENTERING ChangeMapService.changeMap()
[DEBUG] 2025-09-08 21:36:10.913 - Player: Chiến binh-3
[DEBUG] 2025-09-08 21:36:10.914 - Target MapId: -1, ZoneId: -1
[DEBUG] 2025-09-08 21:36:10.914 - >>> ENTERING ChangeMapService.changeMap()
[DEBUG] 2025-09-08 21:36:10.914 - Player: Chiến binh-2
[DEBUG] 2025-09-08 21:36:10.914 - Target MapId: -1, ZoneId: -1
[DEBUG] 2025-09-08 21:36:10.914 - >>> ENTERING ChangeMapService.changeMap()
[DEBUG] 2025-09-08 21:36:10.915 - Player: Chiến binh-1
[DEBUG] 2025-09-08 21:36:10.915 - Target MapId: -1, ZoneId: -1
[DEBUG] 2025-09-08 21:36:10.915 - >>> ENTERING ChangeMapService.changeMap()
[DEBUG] 2025-09-08 21:36:10.917 - Player: Chiến binh-0
[DEBUG] 2025-09-08 21:36:10.917 - Target MapId: -1, ZoneId: -1
[DEBUG] 2025-09-08 21:36:10.918 - >>> ENTERING ChangeMapService.changeMap()
[DEBUG] 2025-09-08 21:36:10.919 - Player: Chiến binh-4
[DEBUG] 2025-09-08 21:36:10.919 - Target MapId: -1, ZoneId: -1
[DEBUG] 2025-09-08 21:36:10.920 - >>> ENTERING ChangeMapService.changeMap()
[DEBUG] 2025-09-08 21:36:10.920 - Player: Chiến binh-3
[DEBUG] 2025-09-08 21:36:10.921 - Target MapId: -1, ZoneId: -1
[DEBUG] 2025-09-08 21:36:10.921 - >>> ENTERING ChangeMapService.changeMap()
[DEBUG] 2025-09-08 21:36:10.921 - Player: Chiến binh-2
[DEBUG] 2025-09-08 21:36:10.921 - Target MapId: -1, ZoneId: -1
[DEBUG] 2025-09-08 21:36:10.923 - >>> ENTERING ChangeMapService.changeMap()
[DEBUG] 2025-09-08 21:36:10.923 - Player: Chiến binh-1
[DEBUG] 2025-09-08 21:36:10.923 - Target MapId: -1, ZoneId: -1
[DEBUG] 2025-09-08 21:36:10.923 - >>> ENTERING ChangeMapService.changeMap()
[DEBUG] 2025-09-08 21:36:10.924 - Player: Chiến binh-0
[DEBUG] 2025-09-08 21:36:10.924 - Target MapId: -1, ZoneId: -1
[DEBUG] 2025-09-08 21:36:10.924 - >>> ENTERING ChangeMapService.changeMap()
[DEBUG] 2025-09-08 21:36:10.924 - Player: Chiến binh-4
[DEBUG] 2025-09-08 21:36:10.925 - Target MapId: -1, ZoneId: -1
[DEBUG] 2025-09-08 21:36:10.925 - >>> ENTERING ChangeMapService.changeMap()
[DEBUG] 2025-09-08 21:36:10.925 - Player: Chiến binh-3
[DEBUG] 2025-09-08 21:36:10.925 - Target MapId: -1, ZoneId: -1
[DEBUG] 2025-09-08 21:36:10.926 - >>> ENTERING ChangeMapService.changeMap()
[DEBUG] 2025-09-08 21:36:10.926 - Player: Chiến binh-2
[DEBUG] 2025-09-08 21:36:10.926 - Target MapId: -1, ZoneId: -1
[DEBUG] 2025-09-08 21:36:10.927 - >>> ENTERING ChangeMapService.changeMap()
[DEBUG] 2025-09-08 21:36:10.927 - Player: Chiến binh-1
[DEBUG] 2025-09-08 21:36:10.927 - Target MapId: -1, ZoneId: -1
[DEBUG] 2025-09-08 21:36:10.928 - >>> ENTERING ChangeMapService.changeMap()
[DEBUG] 2025-09-08 21:36:10.928 - Player: Chiến binh-0
[DEBUG] 2025-09-08 21:36:10.928 - Target MapId: -1, ZoneId: -1
[DEBUG] 2025-09-08 21:36:10.928 - >>> ENTERING ChangeMapService.changeMap()
[DEBUG] 2025-09-08 21:36:10.928 - Player: Chiến binh-4
[DEBUG] 2025-09-08 21:36:10.928 - Target MapId: -1, ZoneId: -1
[DEBUG] 2025-09-08 21:36:10.929 - >>> ENTERING ChangeMapService.changeMap()
[DEBUG] 2025-09-08 21:36:10.929 - Player: Chiến binh-3
[DEBUG] 2025-09-08 21:36:10.930 - Target MapId: -1, ZoneId: -1
[DEBUG] 2025-09-08 21:36:10.930 - >>> ENTERING ChangeMapService.changeMap()
[DEBUG] 2025-09-08 21:36:10.931 - Player: Chiến binh-2
[DEBUG] 2025-09-08 21:36:10.931 - Target MapId: -1, ZoneId: -1
[DEBUG] 2025-09-08 21:36:10.932 - >>> ENTERING ChangeMapService.changeMap()
[DEBUG] 2025-09-08 21:36:10.932 - Player: Chiến binh-1
[DEBUG] 2025-09-08 21:36:10.932 - Target MapId: -1, ZoneId: -1
[DEBUG] 2025-09-08 21:36:10.932 - >>> ENTERING ChangeMapService.changeMap()
[DEBUG] 2025-09-08 21:36:10.932 - Player: Chiến binh-0
[DEBUG] 2025-09-08 21:36:10.932 - Target MapId: -1, ZoneId: -1
[DEBUG] 2025-09-08 21:36:10.934 - >>> ENTERING ChangeMapService.changeMap()
[DEBUG] 2025-09-08 21:36:10.934 - Player: Chiến binh-4
[DEBUG] 2025-09-08 21:36:10.934 - Target MapId: -1, ZoneId: -1
[DEBUG] 2025-09-08 21:36:10.934 - >>> ENTERING ChangeMapService.changeMap()
[DEBUG] 2025-09-08 21:36:10.935 - Player: Chiến binh-3
[DEBUG] 2025-09-08 21:36:10.935 - Target MapId: -1, ZoneId: -1
[DEBUG] 2025-09-08 21:36:10.936 - >>> ENTERING ChangeMapService.changeMap()
[DEBUG] 2025-09-08 21:36:10.937 - Player: Chiến binh-2
[DEBUG] 2025-09-08 21:36:10.937 - Target MapId: -1, ZoneId: -1
[DEBUG] 2025-09-08 21:36:10.938 - >>> ENTERING ChangeMapService.changeMap()
[DEBUG] 2025-09-08 21:36:10.938 - Player: Chiến binh-1
[DEBUG] 2025-09-08 21:36:10.938 - Target MapId: -1, ZoneId: -1
[DEBUG] 2025-09-08 21:36:10.938 - >>> ENTERING ChangeMapService.changeMap()
[DEBUG] 2025-09-08 21:36:10.938 - Player: Chiến binh-0
[DEBUG] 2025-09-08 21:36:10.938 - Target MapId: -1, ZoneId: -1
[DEBUG] 2025-09-08 21:36:10.938 - >>> ENTERING ChangeMapService.changeMap()
[DEBUG] 2025-09-08 21:36:10.939 - Player: Chiến binh-4
[DEBUG] 2025-09-08 21:36:10.939 - Target MapId: -1, ZoneId: -1
[DEBUG] 2025-09-08 21:36:10.939 - >>> ENTERING ChangeMapService.changeMap()
[DEBUG] 2025-09-08 21:36:10.940 - Player: Chiến binh-3
[DEBUG] 2025-09-08 21:36:10.940 - Target MapId: -1, ZoneId: -1
[DEBUG] 2025-09-08 21:36:10.940 - >>> ENTERING ChangeMapService.changeMap()
[DEBUG] 2025-09-08 21:36:10.940 - Player: Chiến binh-2
[DEBUG] 2025-09-08 21:36:10.940 - Target MapId: -1, ZoneId: -1
[DEBUG] 2025-09-08 21:36:10.940 - >>> ENTERING ChangeMapService.changeMap()
[DEBUG] 2025-09-08 21:36:10.940 - Player: Chiến binh-1
[DEBUG] 2025-09-08 21:36:10.940 - Target MapId: -1, ZoneId: -1
[DEBUG] 2025-09-08 21:36:10.941 - >>> ENTERING ChangeMapService.changeMap()
[DEBUG] 2025-09-08 21:36:10.941 - Player: Chiến binh-0
[DEBUG] 2025-09-08 21:36:10.941 - Target MapId: -1, ZoneId: -1
[DEBUG] 2025-09-08 21:36:10.941 - >>> ENTERING ChangeMapService.changeMap()
[DEBUG] 2025-09-08 21:36:10.941 - Player: Chiến binh-4
[DEBUG] 2025-09-08 21:36:10.941 - Target MapId: -1, ZoneId: -1
[DEBUG] 2025-09-08 21:36:10.941 - >>> ENTERING ChangeMapService.changeMap()
[DEBUG] 2025-09-08 21:36:10.941 - Player: Chiến binh-3
[DEBUG] 2025-09-08 21:36:10.942 - Target MapId: -1, ZoneId: -1
[DEBUG] 2025-09-08 21:36:10.942 - >>> ENTERING ChangeMapService.changeMap()
[DEBUG] 2025-09-08 21:36:10.942 - Player: Chiến binh-2
[DEBUG] 2025-09-08 21:36:10.942 - Target MapId: -1, ZoneId: -1
[DEBUG] 2025-09-08 21:36:10.942 - >>> ENTERING ChangeMapService.changeMap()
[DEBUG] 2025-09-08 21:36:10.942 - Player: Chiến binh-1
[DEBUG] 2025-09-08 21:36:10.942 - Target MapId: -1, ZoneId: -1
[DEBUG] 2025-09-08 21:36:10.942 - >>> ENTERING ChangeMapService.changeMap()
[DEBUG] 2025-09-08 21:36:10.942 - Player: Chiến binh-0
[DEBUG] 2025-09-08 21:36:10.943 - Target MapId: -1, ZoneId: -1
[DEBUG] 2025-09-08 21:36:10.943 - >>> ENTERING ChangeMapService.changeMap()
[DEBUG] 2025-09-08 21:36:10.943 - Player: Chiến binh-4
[DEBUG] 2025-09-08 21:36:10.943 - Target MapId: -1, ZoneId: -1
[DEBUG] 2025-09-08 21:36:10.943 - >>> ENTERING ChangeMapService.changeMap()
[DEBUG] 2025-09-08 21:36:10.943 - Player: Chiến binh-3
[DEBUG] 2025-09-08 21:36:10.943 - Target MapId: -1, ZoneId: -1
[DEBUG] 2025-09-08 21:36:10.944 - >>> ENTERING ChangeMapService.changeMap()
[DEBUG] 2025-09-08 21:36:10.944 - Player: Chiến binh-2
[DEBUG] 2025-09-08 21:36:10.944 - Target MapId: -1, ZoneId: -1
[DEBUG] 2025-09-08 21:36:10.944 - >>> ENTERING ChangeMapService.changeMap()
[DEBUG] 2025-09-08 21:36:10.944 - Player: Chiến binh-1
[DEBUG] 2025-09-08 21:36:10.944 - Target MapId: -1, ZoneId: -1
[DEBUG] 2025-09-08 21:36:10.944 - >>> ENTERING ChangeMapService.changeMap()
[DEBUG] 2025-09-08 21:36:10.944 - Player: Chiến binh-0
[DEBUG] 2025-09-08 21:36:10.945 - Target MapId: -1, ZoneId: -1
[DEBUG] 2025-09-08 21:36:10.945 - >>> ENTERING ChangeMapService.changeMap()
[DEBUG] 2025-09-08 21:36:10.945 - Player: Chiến binh-4
[DEBUG] 2025-09-08 21:36:10.945 - Target MapId: -1, ZoneId: -1
[DEBUG] 2025-09-08 21:36:10.945 - >>> ENTERING ChangeMapService.changeMap()
[DEBUG] 2025-09-08 21:36:10.946 - Player: Chiến binh-3
[DEBUG] 2025-09-08 21:36:10.946 - Target MapId: -1, ZoneId: -1
[DEBUG] 2025-09-08 21:36:10.946 - >>> ENTERING ChangeMapService.changeMap()
[DEBUG] 2025-09-08 21:36:10.946 - Player: Chiến binh-2
[DEBUG] 2025-09-08 21:36:10.946 - Target MapId: -1, ZoneId: -1
[DEBUG] 2025-09-08 21:36:10.946 - >>> ENTERING ChangeMapService.changeMap()
[DEBUG] 2025-09-08 21:36:10.946 - Player: Chiến binh-1
[DEBUG] 2025-09-08 21:36:10.946 - Target MapId: -1, ZoneId: -1
[DEBUG] 2025-09-08 21:36:10.947 - >>> ENTERING ChangeMapService.changeMap()
[DEBUG] 2025-09-08 21:36:10.947 - Player: Chiến binh-0
[DEBUG] 2025-09-08 21:36:10.947 - Target MapId: -1, ZoneId: -1
[DEBUG] 2025-09-08 21:36:10.947 - >>> ENTERING ChangeMapService.changeMap()
[DEBUG] 2025-09-08 21:36:10.947 - Player: Chiến binh-4
[DEBUG] 2025-09-08 21:36:10.947 - Target MapId: -1, ZoneId: -1
[DEBUG] 2025-09-08 21:36:10.948 - >>> ENTERING ChangeMapService.changeMap()
[DEBUG] 2025-09-08 21:36:10.948 - Player: Chiến binh-3
[DEBUG] 2025-09-08 21:36:10.948 - Target MapId: -1, ZoneId: -1
[DEBUG] 2025-09-08 21:36:10.948 - >>> ENTERING ChangeMapService.changeMap()
[DEBUG] 2025-09-08 21:36:10.948 - Player: Chiến binh-2
[DEBUG] 2025-09-08 21:36:10.948 - Target MapId: -1, ZoneId: -1
[DEBUG] 2025-09-08 21:36:10.949 - >>> ENTERING ChangeMapService.changeMap()
[DEBUG] 2025-09-08 21:36:10.949 - Player: Chiến binh-1
[DEBUG] 2025-09-08 21:36:10.949 - Target MapId: -1, ZoneId: -1
[DEBUG] 2025-09-08 21:36:10.949 - >>> ENTERING ChangeMapService.changeMap()
[DEBUG] 2025-09-08 21:36:10.949 - Player: Chiến binh-0
[DEBUG] 2025-09-08 21:36:10.949 - Target MapId: -1, ZoneId: -1
[DEBUG] 2025-09-08 21:36:10.949 - >>> ENTERING ChangeMapService.changeMap()
[DEBUG] 2025-09-08 21:36:10.951 - Player: Chiến binh-4
[DEBUG] 2025-09-08 21:36:10.951 - Target MapId: -1, ZoneId: -1
[DEBUG] 2025-09-08 21:36:10.952 - >>> ENTERING ChangeMapService.changeMap()
[DEBUG] 2025-09-08 21:36:10.953 - Player: Chiến binh-3
[DEBUG] 2025-09-08 21:36:10.953 - Target MapId: -1, ZoneId: -1
[DEBUG] 2025-09-08 21:36:10.953 - >>> ENTERING ChangeMapService.changeMap()
[DEBUG] 2025-09-08 21:36:10.954 - >>> ENTERING ChangeMapService.changeMap()
[DEBUG] 2025-09-08 21:36:10.954 - Player: Chiến binh-2
[DEBUG] 2025-09-08 21:36:10.954 - Player: Android 19
[DEBUG] 2025-09-08 21:36:10.955 - Target MapId: -1, ZoneId: -1
[DEBUG] 2025-09-08 21:36:10.955 - Target MapId: -1, ZoneId: -1
[DEBUG] 2025-09-08 21:36:10.955 - >>> ENTERING ChangeMapService.changeMap()
[DEBUG] 2025-09-08 21:36:10.956 - >>> ENTERING ChangeMapService.changeMap()
[DEBUG] 2025-09-08 21:36:10.956 - Player: Chiến binh-1
[DEBUG] 2025-09-08 21:36:10.956 - Player: Android 15
[DEBUG] 2025-09-08 21:36:10.957 - Target MapId: -1, ZoneId: -1
[DEBUG] 2025-09-08 21:36:10.957 - Target MapId: -1, ZoneId: -1
[DEBUG] 2025-09-08 21:36:10.958 - >>> ENTERING ChangeMapService.changeMap()
[DEBUG] 2025-09-08 21:36:10.958 - >>> ENTERING ChangeMapService.changeMap()
[DEBUG] 2025-09-08 21:36:10.958 - Player: Chiến binh-0
[DEBUG] 2025-09-08 21:36:10.958 - Player: Poc
[DEBUG] 2025-09-08 21:36:10.958 - Target MapId: -1, ZoneId: -1
[DEBUG] 2025-09-08 21:36:10.958 - Target MapId: -1, ZoneId: -1
[DEBUG] 2025-09-08 21:36:10.959 - >>> ENTERING ChangeMapService.changeMap()
[DEBUG] 2025-09-08 21:36:10.959 - >>> ENTERING ChangeMapService.changeMap()
[DEBUG] 2025-09-08 21:36:10.959 - Player: Chiến binh-4
[DEBUG] 2025-09-08 21:36:10.960 - Player: Pic
[DEBUG] 2025-09-08 21:36:10.960 - Target MapId: -1, ZoneId: -1
[DEBUG] 2025-09-08 21:36:10.960 - Target MapId: -1, ZoneId: -1
[DEBUG] 2025-09-08 21:36:10.962 - >>> ENTERING ChangeMapService.changeMap()
[DEBUG] 2025-09-08 21:36:10.962 - >>> ENTERING ChangeMapService.changeMap()
[DEBUG] 2025-09-08 21:36:10.962 - Player: Chiến binh-3
[DEBUG] 2025-09-08 21:36:10.962 - Player: Số 1
[DEBUG] 2025-09-08 21:36:10.963 - Target MapId: -1, ZoneId: -1
[DEBUG] 2025-09-08 21:36:10.963 - Target MapId: -1, ZoneId: -1
[DEBUG] 2025-09-08 21:36:10.963 - >>> ENTERING ChangeMapService.changeMap()
[DEBUG] 2025-09-08 21:36:10.964 - >>> ENTERING ChangeMapService.changeMap()
[DEBUG] 2025-09-08 21:36:10.964 - Player: Chiến binh-2
[DEBUG] 2025-09-08 21:36:10.964 - Player: Số 2
[DEBUG] 2025-09-08 21:36:10.965 - Target MapId: -1, ZoneId: -1
[DEBUG] 2025-09-08 21:36:10.965 - Target MapId: -1, ZoneId: -1
[DEBUG] 2025-09-08 21:36:10.965 - >>> ENTERING ChangeMapService.changeMap()
[DEBUG] 2025-09-08 21:36:10.966 - >>> ENTERING ChangeMapService.changeMap()
[DEBUG] 2025-09-08 21:36:10.966 - Player: Chiến binh-1
[DEBUG] 2025-09-08 21:36:10.966 - Player: Số 3
[DEBUG] 2025-09-08 21:36:10.966 - Target MapId: -1, ZoneId: -1
[DEBUG] 2025-09-08 21:36:10.967 - Target MapId: -1, ZoneId: -1
[DEBUG] 2025-09-08 21:36:10.967 - >>> ENTERING ChangeMapService.changeMap()
[DEBUG] 2025-09-08 21:36:10.967 - >>> ENTERING ChangeMapService.changeMap()
[DEBUG] 2025-09-08 21:36:10.967 - Player: Chiến binh-0
[DEBUG] 2025-09-08 21:36:10.968 - Player: Số 4
[DEBUG] 2025-09-08 21:36:10.968 - Target MapId: -1, ZoneId: -1
[DEBUG] 2025-09-08 21:36:10.968 - Target MapId: -1, ZoneId: -1
[DEBUG] 2025-09-08 21:36:10.970 - >>> ENTERING ChangeMapService.changeMap()
[DEBUG] 2025-09-08 21:36:10.970 - >>> ENTERING ChangeMapService.changeMap()
[DEBUG] 2025-09-08 21:36:10.970 - Player: Chiến binh-4
[DEBUG] 2025-09-08 21:36:10.970 - Player: Số 4
[DEBUG] 2025-09-08 21:36:10.970 - Target MapId: -1, ZoneId: -1
[DEBUG] 2025-09-08 21:36:10.971 - >>> ENTERING ChangeMapService.changeMap()
[DEBUG] 2025-09-08 21:36:10.970 - Target MapId: -1, ZoneId: -1
[DEBUG] 2025-09-08 21:36:10.971 - Player: Chiến binh-3
[DEBUG] 2025-09-08 21:36:10.971 - Target MapId: -1, ZoneId: -1
[DEBUG] 2025-09-08 21:36:10.971 - >>> ENTERING ChangeMapService.changeMap()
[DEBUG] 2025-09-08 21:36:10.971 - Player: Số 3
[DEBUG] 2025-09-08 21:36:10.971 - >>> ENTERING ChangeMapService.changeMap()
[DEBUG] 2025-09-08 21:36:10.972 - Target MapId: -1, ZoneId: -1
[DEBUG] 2025-09-08 21:36:10.972 - Player: Chiến binh-2
[DEBUG] 2025-09-08 21:36:10.972 - >>> ENTERING ChangeMapService.changeMap()
[DEBUG] 2025-09-08 21:36:10.972 - Target MapId: -1, ZoneId: -1
[DEBUG] 2025-09-08 21:36:10.972 - Player: Số 1
[DEBUG] 2025-09-08 21:36:10.973 - Target MapId: -1, ZoneId: -1
[DEBUG] 2025-09-08 21:36:10.973 - >>> ENTERING ChangeMapService.changeMap()
[DEBUG] 2025-09-08 21:36:10.973 - >>> ENTERING ChangeMapService.changeMap()
[DEBUG] 2025-09-08 21:36:10.973 - Player: Chiến binh-1
[DEBUG] 2025-09-08 21:36:10.974 - Target MapId: -1, ZoneId: -1
[DEBUG] 2025-09-08 21:36:10.974 - Player: Số 2
[DEBUG] 2025-09-08 21:36:10.974 - Target MapId: -1, ZoneId: -1
[DEBUG] 2025-09-08 21:36:10.975 - >>> ENTERING ChangeMapService.changeMap()
[DEBUG] 2025-09-08 21:36:10.975 - Player: Chiến binh-0
[DEBUG] 2025-09-08 21:36:10.975 - Target MapId: -1, ZoneId: -1
[DEBUG] 2025-09-08 21:36:10.975 - >>> ENTERING ChangeMapService.changeMap()
[DEBUG] 2025-09-08 21:36:10.976 - Player: Chiến binh-4
[DEBUG] 2025-09-08 21:36:10.976 - Target MapId: -1, ZoneId: -1
[DEBUG] 2025-09-08 21:36:10.976 - >>> ENTERING ChangeMapService.changeMap()
[DEBUG] 2025-09-08 21:36:10.976 - Player: Chiến binh-3
[DEBUG] 2025-09-08 21:36:10.976 - Target MapId: -1, ZoneId: -1
[DEBUG] 2025-09-08 21:36:10.976 - >>> ENTERING ChangeMapService.changeMap()
[DEBUG] 2025-09-08 21:36:10.977 - Player: Chiến binh-2
[DEBUG] 2025-09-08 21:36:10.977 - Target MapId: -1, ZoneId: -1
[DEBUG] 2025-09-08 21:36:10.977 - >>> ENTERING ChangeMapService.changeMap()
[DEBUG] 2025-09-08 21:36:10.978 - Player: Chiến binh-1
[DEBUG] 2025-09-08 21:36:10.978 - Target MapId: -1, ZoneId: -1
[DEBUG] 2025-09-08 21:36:10.978 - >>> ENTERING ChangeMapService.changeMap()
[DEBUG] 2025-09-08 21:36:10.978 - Player: Chiến binh-0
[DEBUG] 2025-09-08 21:36:10.978 - Target MapId: -1, ZoneId: -1
[DEBUG] 2025-09-08 21:36:10.978 - >>> ENTERING ChangeMapService.changeMap()
[DEBUG] 2025-09-08 21:36:10.978 - Player: Tân binh-4
[DEBUG] 2025-09-08 21:36:10.979 - Target MapId: -1, ZoneId: -1
[DEBUG] 2025-09-08 21:36:10.979 - >>> ENTERING ChangeMapService.changeMap()
[DEBUG] 2025-09-08 21:36:10.979 - Player: Tân binh-3
[DEBUG] 2025-09-08 21:36:10.979 - Target MapId: -1, ZoneId: -1
[DEBUG] 2025-09-08 21:36:10.980 - >>> ENTERING ChangeMapService.changeMap()
[DEBUG] 2025-09-08 21:36:10.980 - Player: Tân binh-2
[DEBUG] 2025-09-08 21:36:10.980 - Target MapId: -1, ZoneId: -1
[DEBUG] 2025-09-08 21:36:10.980 - >>> ENTERING ChangeMapService.changeMap()
[DEBUG] 2025-09-08 21:36:10.980 - Player: Tân binh-1
[DEBUG] 2025-09-08 21:36:10.980 - Target MapId: -1, ZoneId: -1
[DEBUG] 2025-09-08 21:36:10.981 - >>> ENTERING ChangeMapService.changeMap()
[DEBUG] 2025-09-08 21:36:10.981 - Player: Tân binh-0
[DEBUG] 2025-09-08 21:36:10.981 - Target MapId: -1, ZoneId: -1
[DEBUG] 2025-09-08 21:36:10.982 - >>> ENTERING ChangeMapService.changeMap()
[DEBUG] 2025-09-08 21:36:10.982 - Player: Tân binh-4
[DEBUG] 2025-09-08 21:36:10.982 - Target MapId: -1, ZoneId: -1
[DEBUG] 2025-09-08 21:36:10.983 - >>> ENTERING ChangeMapService.changeMap()
[DEBUG] 2025-09-08 21:36:10.983 - Player: Tân binh-3
[DEBUG] 2025-09-08 21:36:10.983 - Target MapId: -1, ZoneId: -1
[DEBUG] 2025-09-08 21:36:10.984 - >>> ENTERING ChangeMapService.changeMap()
[DEBUG] 2025-09-08 21:36:10.985 - Player: Tân binh-2
[DEBUG] 2025-09-08 21:36:10.986 - Target MapId: -1, ZoneId: -1
[DEBUG] 2025-09-08 21:36:10.987 - >>> ENTERING ChangeMapService.changeMap()
[DEBUG] 2025-09-08 21:36:10.987 - Player: Tân binh-1
[DEBUG] 2025-09-08 21:36:10.988 - Target MapId: -1, ZoneId: -1
[DEBUG] 2025-09-08 21:36:10.988 - >>> ENTERING ChangeMapService.changeMap()
[DEBUG] 2025-09-08 21:36:10.988 - Player: Tân binh-0
[DEBUG] 2025-09-08 21:36:10.989 - Target MapId: -1, ZoneId: -1
[DEBUG] 2025-09-08 21:36:10.990 - >>> ENTERING ChangeMapService.changeMap()
[DEBUG] 2025-09-08 21:36:10.990 - Player: Tân binh-4
[DEBUG] 2025-09-08 21:36:10.991 - Target MapId: -1, ZoneId: -1
[DEBUG] 2025-09-08 21:36:10.992 - >>> ENTERING ChangeMapService.changeMap()
[DEBUG] 2025-09-08 21:36:10.992 - Player: Tân binh-3
[DEBUG] 2025-09-08 21:36:10.993 - Target MapId: -1, ZoneId: -1
[DEBUG] 2025-09-08 21:36:10.993 - >>> ENTERING ChangeMapService.changeMap()
[DEBUG] 2025-09-08 21:36:10.993 - Player: Tân binh-2
[DEBUG] 2025-09-08 21:36:10.994 - Target MapId: -1, ZoneId: -1
[DEBUG] 2025-09-08 21:36:10.994 - >>> ENTERING ChangeMapService.changeMap()
[DEBUG] 2025-09-08 21:36:10.994 - Player: Tân binh-1
[DEBUG] 2025-09-08 21:36:10.994 - Target MapId: -1, ZoneId: -1
[DEBUG] 2025-09-08 21:36:10.994 - >>> ENTERING ChangeMapService.changeMap()
[DEBUG] 2025-09-08 21:36:10.995 - Player: Tân binh-0
[DEBUG] 2025-09-08 21:36:10.995 - Target MapId: -1, ZoneId: -1
[DEBUG] 2025-09-08 21:36:10.995 - >>> ENTERING ChangeMapService.changeMap()
[DEBUG] 2025-09-08 21:36:10.996 - Player: Tân binh-4
[DEBUG] 2025-09-08 21:36:10.996 - Target MapId: -1, ZoneId: -1
[DEBUG] 2025-09-08 21:36:10.996 - >>> ENTERING ChangeMapService.changeMap()
[DEBUG] 2025-09-08 21:36:10.997 - Player: Tân binh-3
[DEBUG] 2025-09-08 21:36:10.997 - Target MapId: -1, ZoneId: -1
[DEBUG] 2025-09-08 21:36:10.998 - >>> ENTERING ChangeMapService.changeMap()
[DEBUG] 2025-09-08 21:36:10.998 - Player: Tân binh-2
[DEBUG] 2025-09-08 21:36:10.998 - Target MapId: -1, ZoneId: -1
[DEBUG] 2025-09-08 21:36:10.999 - >>> ENTERING ChangeMapService.changeMap()
[DEBUG] 2025-09-08 21:36:10.999 - Player: Tân binh-1
[DEBUG] 2025-09-08 21:36:10.999 - Target MapId: -1, ZoneId: -1
[DEBUG] 2025-09-08 21:36:10.999 - >>> ENTERING ChangeMapService.changeMap()
[DEBUG] 2025-09-08 21:36:11.001 - Player: Tân binh-0
[DEBUG] 2025-09-08 21:36:11.002 - Target MapId: -1, ZoneId: -1
[DEBUG] 2025-09-08 21:36:11.002 - >>> ENTERING ChangeMapService.changeMap()
[DEBUG] 2025-09-08 21:36:11.003 - Player: Tân binh-4
[DEBUG] 2025-09-08 21:36:11.003 - Target MapId: -1, ZoneId: -1
[DEBUG] 2025-09-08 21:36:11.003 - >>> ENTERING ChangeMapService.changeMap()
[DEBUG] 2025-09-08 21:36:11.003 - Player: Tân binh-3
[DEBUG] 2025-09-08 21:36:11.003 - Target MapId: -1, ZoneId: -1
[DEBUG] 2025-09-08 21:36:11.003 - >>> ENTERING ChangeMapService.changeMap()
[DEBUG] 2025-09-08 21:36:11.003 - Player: Tân binh-2
[DEBUG] 2025-09-08 21:36:11.003 - Target MapId: -1, ZoneId: -1
[DEBUG] 2025-09-08 21:36:11.003 - >>> ENTERING ChangeMapService.changeMap()
[DEBUG] 2025-09-08 21:36:11.005 - Player: Tân binh-1
[DEBUG] 2025-09-08 21:36:11.005 - Target MapId: -1, ZoneId: -1
[DEBUG] 2025-09-08 21:36:11.005 - >>> ENTERING ChangeMapService.changeMap()
[DEBUG] 2025-09-08 21:36:11.005 - Player: Tân binh-0
[DEBUG] 2025-09-08 21:36:11.005 - Target MapId: -1, ZoneId: -1
[DEBUG] 2025-09-08 21:36:11.005 - >>> ENTERING ChangeMapService.changeMap()
[DEBUG] 2025-09-08 21:36:11.006 - Player: Tân binh-4
[DEBUG] 2025-09-08 21:36:11.006 - Target MapId: -1, ZoneId: -1
[DEBUG] 2025-09-08 21:36:11.006 - >>> ENTERING ChangeMapService.changeMap()
[DEBUG] 2025-09-08 21:36:11.006 - Player: Tân binh-3
[DEBUG] 2025-09-08 21:36:11.006 - Target MapId: -1, ZoneId: -1
[DEBUG] 2025-09-08 21:36:11.006 - >>> ENTERING ChangeMapService.changeMap()
[DEBUG] 2025-09-08 21:36:11.007 - Player: Tân binh-2
[DEBUG] 2025-09-08 21:36:11.007 - Target MapId: -1, ZoneId: -1
[DEBUG] 2025-09-08 21:36:11.007 - >>> ENTERING ChangeMapService.changeMap()
[DEBUG] 2025-09-08 21:36:11.007 - Player: Tân binh-1
[DEBUG] 2025-09-08 21:36:11.007 - Target MapId: -1, ZoneId: -1
[DEBUG] 2025-09-08 21:36:11.007 - >>> ENTERING ChangeMapService.changeMap()
[DEBUG] 2025-09-08 21:36:11.007 - Player: Tân binh-0
[DEBUG] 2025-09-08 21:36:11.007 - Target MapId: -1, ZoneId: -1
[DEBUG] 2025-09-08 21:36:11.008 - >>> ENTERING ChangeMapService.changeMap()
[DEBUG] 2025-09-08 21:36:11.008 - Player: Tân binh-4
[DEBUG] 2025-09-08 21:36:11.008 - Target MapId: -1, ZoneId: -1
[DEBUG] 2025-09-08 21:36:11.008 - >>> ENTERING ChangeMapService.changeMap()
[DEBUG] 2025-09-08 21:36:11.008 - Player: Tân binh-3
[DEBUG] 2025-09-08 21:36:11.008 - Target MapId: -1, ZoneId: -1
[DEBUG] 2025-09-08 21:36:11.008 - >>> ENTERING ChangeMapService.changeMap()
[DEBUG] 2025-09-08 21:36:11.008 - Player: Tân binh-2
[DEBUG] 2025-09-08 21:36:11.008 - Target MapId: -1, ZoneId: -1
[DEBUG] 2025-09-08 21:36:11.008 - >>> ENTERING ChangeMapService.changeMap()
[DEBUG] 2025-09-08 21:36:11.008 - Player: Tân binh-1
[DEBUG] 2025-09-08 21:36:11.008 - Target MapId: -1, ZoneId: -1
[DEBUG] 2025-09-08 21:36:11.009 - >>> ENTERING ChangeMapService.changeMap()
[DEBUG] 2025-09-08 21:36:11.009 - Player: Tân binh-0
[DEBUG] 2025-09-08 21:36:11.009 - Target MapId: -1, ZoneId: -1
[DEBUG] 2025-09-08 21:36:11.009 - >>> ENTERING ChangeMapService.changeMap()
[DEBUG] 2025-09-08 21:36:11.009 - Player: Tân binh-4
[DEBUG] 2025-09-08 21:36:11.009 - Target MapId: -1, ZoneId: -1
[DEBUG] 2025-09-08 21:36:11.010 - >>> ENTERING ChangeMapService.changeMap()
[DEBUG] 2025-09-08 21:36:11.010 - Player: Tân binh-3
[DEBUG] 2025-09-08 21:36:11.010 - Target MapId: -1, ZoneId: -1
[DEBUG] 2025-09-08 21:36:11.010 - >>> ENTERING ChangeMapService.changeMap()
[DEBUG] 2025-09-08 21:36:11.010 - Player: Tân binh-2
[DEBUG] 2025-09-08 21:36:11.010 - Target MapId: -1, ZoneId: -1
[DEBUG] 2025-09-08 21:36:11.010 - >>> ENTERING ChangeMapService.changeMap()
[DEBUG] 2025-09-08 21:36:11.011 - Player: Tân binh-1
[DEBUG] 2025-09-08 21:36:11.011 - Target MapId: -1, ZoneId: -1
[DEBUG] 2025-09-08 21:36:11.011 - >>> ENTERING ChangeMapService.changeMap()
[DEBUG] 2025-09-08 21:36:11.011 - Player: Tân binh-0
[DEBUG] 2025-09-08 21:36:11.011 - Target MapId: -1, ZoneId: -1
[DEBUG] 2025-09-08 21:36:11.011 - >>> ENTERING ChangeMapService.changeMap()
[DEBUG] 2025-09-08 21:36:11.011 - Player: Tân binh-4
[DEBUG] 2025-09-08 21:36:11.011 - Target MapId: -1, ZoneId: -1
[DEBUG] 2025-09-08 21:36:11.012 - >>> ENTERING ChangeMapService.changeMap()
[DEBUG] 2025-09-08 21:36:11.012 - Player: Tân binh-3
[DEBUG] 2025-09-08 21:36:11.012 - Target MapId: -1, ZoneId: -1
[DEBUG] 2025-09-08 21:36:11.013 - >>> ENTERING ChangeMapService.changeMap()
[DEBUG] 2025-09-08 21:36:11.013 - Player: Tân binh-2
[DEBUG] 2025-09-08 21:36:11.013 - Target MapId: -1, ZoneId: -1
[DEBUG] 2025-09-08 21:36:11.013 - >>> ENTERING ChangeMapService.changeMap()
[DEBUG] 2025-09-08 21:36:11.013 - Player: Tân binh-1
[DEBUG] 2025-09-08 21:36:11.013 - Target MapId: -1, ZoneId: -1
[DEBUG] 2025-09-08 21:36:11.014 - >>> ENTERING ChangeMapService.changeMap()
[DEBUG] 2025-09-08 21:36:11.014 - Player: Tân binh-0
[DEBUG] 2025-09-08 21:36:11.014 - Target MapId: -1, ZoneId: -1
[DEBUG] 2025-09-08 21:36:11.014 - >>> ENTERING ChangeMapService.changeMap()
[DEBUG] 2025-09-08 21:36:11.014 - Player: Tân binh-4
[DEBUG] 2025-09-08 21:36:11.014 - Target MapId: -1, ZoneId: -1
[DEBUG] 2025-09-08 21:36:11.014 - >>> ENTERING ChangeMapService.changeMap()
[DEBUG] 2025-09-08 21:36:11.014 - Player: Tân binh-3
[DEBUG] 2025-09-08 21:36:11.015 - Target MapId: -1, ZoneId: -1
[DEBUG] 2025-09-08 21:36:11.015 - >>> ENTERING ChangeMapService.changeMap()
[DEBUG] 2025-09-08 21:36:11.015 - Player: Tân binh-2
[DEBUG] 2025-09-08 21:36:11.015 - Target MapId: -1, ZoneId: -1
[DEBUG] 2025-09-08 21:36:11.015 - >>> ENTERING ChangeMapService.changeMap()
[DEBUG] 2025-09-08 21:36:11.015 - Player: Tân binh-1
[DEBUG] 2025-09-08 21:36:11.015 - Target MapId: -1, ZoneId: -1
[DEBUG] 2025-09-08 21:36:11.015 - >>> ENTERING ChangeMapService.changeMap()
[DEBUG] 2025-09-08 21:36:11.015 - Player: Tân binh-0
[DEBUG] 2025-09-08 21:36:11.016 - Target MapId: -1, ZoneId: -1
[DEBUG] 2025-09-08 21:36:11.016 - >>> ENTERING ChangeMapService.changeMap()
[DEBUG] 2025-09-08 21:36:11.016 - Player: Tân binh-4
[DEBUG] 2025-09-08 21:36:11.016 - Target MapId: -1, ZoneId: -1
[DEBUG] 2025-09-08 21:36:11.016 - >>> ENTERING ChangeMapService.changeMap()
[DEBUG] 2025-09-08 21:36:11.016 - Player: Tân binh-3
[DEBUG] 2025-09-08 21:36:11.016 - Target MapId: -1, ZoneId: -1
[DEBUG] 2025-09-08 21:36:11.016 - >>> ENTERING ChangeMapService.changeMap()
[DEBUG] 2025-09-08 21:36:11.017 - Player: Tân binh-2
[DEBUG] 2025-09-08 21:36:11.017 - Target MapId: -1, ZoneId: -1
[DEBUG] 2025-09-08 21:36:11.017 - >>> ENTERING ChangeMapService.changeMap()
[DEBUG] 2025-09-08 21:36:11.017 - Player: Tân binh-1
[DEBUG] 2025-09-08 21:36:11.017 - Target MapId: -1, ZoneId: -1
[DEBUG] 2025-09-08 21:36:11.017 - >>> ENTERING ChangeMapService.changeMap()
[DEBUG] 2025-09-08 21:36:11.018 - Player: Tân binh-0
[DEBUG] 2025-09-08 21:36:11.018 - Target MapId: -1, ZoneId: -1
[DEBUG] 2025-09-08 21:36:11.018 - >>> ENTERING ChangeMapService.changeMap()
[DEBUG] 2025-09-08 21:36:11.018 - Player: Tân binh-4
[DEBUG] 2025-09-08 21:36:11.018 - Target MapId: -1, ZoneId: -1
[DEBUG] 2025-09-08 21:36:11.018 - >>> ENTERING ChangeMapService.changeMap()
[DEBUG] 2025-09-08 21:36:11.018 - Player: Tân binh-3
[DEBUG] 2025-09-08 21:36:11.018 - Target MapId: -1, ZoneId: -1
[DEBUG] 2025-09-08 21:36:11.019 - >>> ENTERING ChangeMapService.changeMap()
[DEBUG] 2025-09-08 21:36:11.019 - Player: Tân binh-2
[DEBUG] 2025-09-08 21:36:11.020 - Target MapId: -1, ZoneId: -1
[DEBUG] 2025-09-08 21:36:11.020 - >>> ENTERING ChangeMapService.changeMap()
[DEBUG] 2025-09-08 21:36:11.021 - Player: Tân binh-1
[DEBUG] 2025-09-08 21:36:11.021 - Target MapId: -1, ZoneId: -1
[DEBUG] 2025-09-08 21:36:11.022 - >>> ENTERING ChangeMapService.changeMap()
[DEBUG] 2025-09-08 21:36:11.022 - Player: Tân binh-0
[DEBUG] 2025-09-08 21:36:11.022 - Target MapId: -1, ZoneId: -1
[DEBUG] 2025-09-08 21:36:11.023 - >>> ENTERING ChangeMapService.changeMap()
[DEBUG] 2025-09-08 21:36:11.023 - Player: Tân binh-4
[DEBUG] 2025-09-08 21:36:11.024 - Target MapId: -1, ZoneId: -1
[DEBUG] 2025-09-08 21:36:11.024 - >>> ENTERING ChangeMapService.changeMap()
[DEBUG] 2025-09-08 21:36:11.024 - Player: Tân binh-3
[DEBUG] 2025-09-08 21:36:11.025 - Target MapId: -1, ZoneId: -1
[DEBUG] 2025-09-08 21:36:11.025 - >>> ENTERING ChangeMapService.changeMap()
[DEBUG] 2025-09-08 21:36:11.026 - Player: Tân binh-2
[DEBUG] 2025-09-08 21:36:11.026 - Target MapId: -1, ZoneId: -1
[DEBUG] 2025-09-08 21:36:11.026 - >>> ENTERING ChangeMapService.changeMap()
[DEBUG] 2025-09-08 21:36:11.026 - Player: Tân binh-1
[DEBUG] 2025-09-08 21:36:11.026 - Target MapId: -1, ZoneId: -1
[DEBUG] 2025-09-08 21:36:11.026 - >>> ENTERING ChangeMapService.changeMap()
[DEBUG] 2025-09-08 21:36:11.027 - Player: Tân binh-0
[DEBUG] 2025-09-08 21:36:11.027 - Target MapId: -1, ZoneId: -1
[DEBUG] 2025-09-08 21:36:11.027 - >>> ENTERING ChangeMapService.changeMap()
[DEBUG] 2025-09-08 21:36:11.027 - Player: Tân binh-4
[DEBUG] 2025-09-08 21:36:11.027 - Target MapId: -1, ZoneId: -1
[DEBUG] 2025-09-08 21:36:11.027 - >>> ENTERING ChangeMapService.changeMap()
[DEBUG] 2025-09-08 21:36:11.027 - Player: Tân binh-3
[DEBUG] 2025-09-08 21:36:11.027 - Target MapId: -1, ZoneId: -1
[DEBUG] 2025-09-08 21:36:11.028 - >>> ENTERING ChangeMapService.changeMap()
[DEBUG] 2025-09-08 21:36:11.028 - Player: Tân binh-2
[DEBUG] 2025-09-08 21:36:11.028 - Target MapId: -1, ZoneId: -1
[DEBUG] 2025-09-08 21:36:11.028 - >>> ENTERING ChangeMapService.changeMap()
[DEBUG] 2025-09-08 21:36:11.028 - Player: Tân binh-1
[DEBUG] 2025-09-08 21:36:11.028 - Target MapId: -1, ZoneId: -1
[DEBUG] 2025-09-08 21:36:11.028 - >>> ENTERING ChangeMapService.changeMap()
[DEBUG] 2025-09-08 21:36:11.029 - Player: Tân binh-0
[DEBUG] 2025-09-08 21:36:11.029 - Target MapId: -1, ZoneId: -1
[DEBUG] 2025-09-08 21:36:11.029 - >>> ENTERING ChangeMapService.changeMap()
[DEBUG] 2025-09-08 21:36:11.029 - Player: Tân binh-4
[DEBUG] 2025-09-08 21:36:11.029 - Target MapId: -1, ZoneId: -1
[DEBUG] 2025-09-08 21:36:11.030 - >>> ENTERING ChangeMapService.changeMap()
[DEBUG] 2025-09-08 21:36:11.030 - Player: Tân binh-3
[DEBUG] 2025-09-08 21:36:11.030 - Target MapId: -1, ZoneId: -1
[DEBUG] 2025-09-08 21:36:11.030 - >>> ENTERING ChangeMapService.changeMap()
[DEBUG] 2025-09-08 21:36:11.030 - Player: Tân binh-2
[DEBUG] 2025-09-08 21:36:11.030 - Target MapId: -1, ZoneId: -1
[DEBUG] 2025-09-08 21:36:11.030 - >>> ENTERING ChangeMapService.changeMap()
[DEBUG] 2025-09-08 21:36:11.030 - Player: Tân binh-1
[DEBUG] 2025-09-08 21:36:11.030 - Target MapId: -1, ZoneId: -1
[DEBUG] 2025-09-08 21:36:11.030 - >>> ENTERING ChangeMapService.changeMap()
[DEBUG] 2025-09-08 21:36:11.031 - Player: Tân binh-0
[DEBUG] 2025-09-08 21:36:11.031 - Target MapId: -1, ZoneId: -1
[DEBUG] 2025-09-08 21:36:11.031 - >>> ENTERING ChangeMapService.changeMap()
[DEBUG] 2025-09-08 21:36:11.031 - Player: Tập sự-4
[DEBUG] 2025-09-08 21:36:11.031 - Target MapId: -1, ZoneId: -1
[DEBUG] 2025-09-08 21:36:11.031 - >>> ENTERING ChangeMapService.changeMap()
[DEBUG] 2025-09-08 21:36:11.032 - Player: Tập sự-3
[DEBUG] 2025-09-08 21:36:11.032 - Target MapId: -1, ZoneId: -1
[DEBUG] 2025-09-08 21:36:11.032 - >>> ENTERING ChangeMapService.changeMap()
[DEBUG] 2025-09-08 21:36:11.032 - Player: Tập sự-2
[DEBUG] 2025-09-08 21:36:11.033 - Target MapId: -1, ZoneId: -1
[DEBUG] 2025-09-08 21:36:11.033 - >>> ENTERING ChangeMapService.changeMap()
[DEBUG] 2025-09-08 21:36:11.033 - Player: Tập sự-1
[DEBUG] 2025-09-08 21:36:11.033 - Target MapId: -1, ZoneId: -1
[DEBUG] 2025-09-08 21:36:11.033 - >>> ENTERING ChangeMapService.changeMap()
[DEBUG] 2025-09-08 21:36:11.033 - Player: Tập sự-0
[DEBUG] 2025-09-08 21:36:11.033 - Target MapId: -1, ZoneId: -1
[DEBUG] 2025-09-08 21:36:11.034 - >>> ENTERING ChangeMapService.changeMap()
[DEBUG] 2025-09-08 21:36:11.034 - Player: Tập sự-4
[DEBUG] 2025-09-08 21:36:11.034 - Target MapId: -1, ZoneId: -1
[DEBUG] 2025-09-08 21:36:11.034 - >>> ENTERING ChangeMapService.changeMap()
[DEBUG] 2025-09-08 21:36:11.034 - Player: Tập sự-3
[DEBUG] 2025-09-08 21:36:11.035 - Target MapId: -1, ZoneId: -1
[DEBUG] 2025-09-08 21:36:11.035 - >>> ENTERING ChangeMapService.changeMap()
[DEBUG] 2025-09-08 21:36:11.036 - Player: Tập sự-2
[DEBUG] 2025-09-08 21:36:11.036 - Target MapId: -1, ZoneId: -1
[DEBUG] 2025-09-08 21:36:11.037 - >>> ENTERING ChangeMapService.changeMap()
[DEBUG] 2025-09-08 21:36:11.037 - Player: Tập sự-1
[DEBUG] 2025-09-08 21:36:11.037 - Target MapId: -1, ZoneId: -1
[DEBUG] 2025-09-08 21:36:11.038 - >>> ENTERING ChangeMapService.changeMap()
[DEBUG] 2025-09-08 21:36:11.038 - Player: Tập sự-0
[DEBUG] 2025-09-08 21:36:11.039 - Target MapId: -1, ZoneId: -1
[DEBUG] 2025-09-08 21:36:11.040 - >>> ENTERING ChangeMapService.changeMap()
[DEBUG] 2025-09-08 21:36:11.040 - Player: Tập sự-4
[DEBUG] 2025-09-08 21:36:11.041 - Target MapId: -1, ZoneId: -1
[DEBUG] 2025-09-08 21:36:11.041 - >>> ENTERING ChangeMapService.changeMap()
[DEBUG] 2025-09-08 21:36:11.041 - Player: Tập sự-3
[DEBUG] 2025-09-08 21:36:11.041 - Target MapId: -1, ZoneId: -1
[DEBUG] 2025-09-08 21:36:11.042 - >>> ENTERING ChangeMapService.changeMap()
[DEBUG] 2025-09-08 21:36:11.042 - Player: Tập sự-2
[DEBUG] 2025-09-08 21:36:11.042 - Target MapId: -1, ZoneId: -1
[DEBUG] 2025-09-08 21:36:11.042 - >>> ENTERING ChangeMapService.changeMap()
[DEBUG] 2025-09-08 21:36:11.043 - Player: Tập sự-1
[DEBUG] 2025-09-08 21:36:11.043 - Target MapId: -1, ZoneId: -1
[DEBUG] 2025-09-08 21:36:11.043 - >>> ENTERING ChangeMapService.changeMap()
[DEBUG] 2025-09-08 21:36:11.044 - Player: Tập sự-0
[DEBUG] 2025-09-08 21:36:11.045 - Target MapId: -1, ZoneId: -1
[DEBUG] 2025-09-08 21:36:11.045 - >>> ENTERING ChangeMapService.changeMap()
[DEBUG] 2025-09-08 21:36:11.046 - Player: Tập sự-4
[DEBUG] 2025-09-08 21:36:11.046 - Target MapId: -1, ZoneId: -1
[DEBUG] 2025-09-08 21:36:11.046 - >>> ENTERING ChangeMapService.changeMap()
[DEBUG] 2025-09-08 21:36:11.046 - Player: Tập sự-3
[DEBUG] 2025-09-08 21:36:11.046 - Target MapId: -1, ZoneId: -1
[DEBUG] 2025-09-08 21:36:11.047 - >>> ENTERING ChangeMapService.changeMap()
[DEBUG] 2025-09-08 21:36:11.047 - Player: Tập sự-2
[DEBUG] 2025-09-08 21:36:11.048 - Target MapId: -1, ZoneId: -1
[DEBUG] 2025-09-08 21:36:11.048 - >>> ENTERING ChangeMapService.changeMap()
[DEBUG] 2025-09-08 21:36:11.048 - Player: Tập sự-1
[DEBUG] 2025-09-08 21:36:11.049 - Target MapId: -1, ZoneId: -1
[DEBUG] 2025-09-08 21:36:11.049 - >>> ENTERING ChangeMapService.changeMap()
[DEBUG] 2025-09-08 21:36:11.050 - Player: Tập sự-0
[DEBUG] 2025-09-08 21:36:11.050 - Target MapId: -1, ZoneId: -1
[DEBUG] 2025-09-08 21:36:11.050 - >>> ENTERING ChangeMapService.changeMap()
[DEBUG] 2025-09-08 21:36:11.050 - Player: Tập sự-4
[DEBUG] 2025-09-08 21:36:11.050 - Target MapId: -1, ZoneId: -1
[DEBUG] 2025-09-08 21:36:11.051 - >>> ENTERING ChangeMapService.changeMap()
[DEBUG] 2025-09-08 21:36:11.051 - Player: Tập sự-3
[DEBUG] 2025-09-08 21:36:11.051 - Target MapId: -1, ZoneId: -1
[DEBUG] 2025-09-08 21:36:11.051 - >>> ENTERING ChangeMapService.changeMap()
[DEBUG] 2025-09-08 21:36:11.051 - Player: Tập sự-2
[DEBUG] 2025-09-08 21:36:11.051 - Target MapId: -1, ZoneId: -1
[DEBUG] 2025-09-08 21:36:11.052 - >>> ENTERING ChangeMapService.changeMap()
[DEBUG] 2025-09-08 21:36:11.052 - Player: Tập sự-1
[DEBUG] 2025-09-08 21:36:11.052 - Target MapId: -1, ZoneId: -1
[DEBUG] 2025-09-08 21:36:11.052 - >>> ENTERING ChangeMapService.changeMap()
[DEBUG] 2025-09-08 21:36:11.053 - Player: Tập sự-0
[DEBUG] 2025-09-08 21:36:11.053 - Target MapId: -1, ZoneId: -1
[DEBUG] 2025-09-08 21:36:11.053 - >>> ENTERING ChangeMapService.changeMap()
[DEBUG] 2025-09-08 21:36:11.053 - Player: Tập sự-4
[DEBUG] 2025-09-08 21:36:11.053 - Target MapId: -1, ZoneId: -1
[DEBUG] 2025-09-08 21:36:11.054 - >>> ENTERING ChangeMapService.changeMap()
[DEBUG] 2025-09-08 21:36:11.054 - Player: Tập sự-3
[DEBUG] 2025-09-08 21:36:11.054 - Target MapId: -1, ZoneId: -1
[DEBUG] 2025-09-08 21:36:11.054 - >>> ENTERING ChangeMapService.changeMap()
[DEBUG] 2025-09-08 21:36:11.054 - Player: Tập sự-2
[DEBUG] 2025-09-08 21:36:11.054 - Target MapId: -1, ZoneId: -1
[DEBUG] 2025-09-08 21:36:11.054 - >>> ENTERING ChangeMapService.changeMap()
[DEBUG] 2025-09-08 21:36:11.054 - Player: Tập sự-1
[DEBUG] 2025-09-08 21:36:11.054 - Target MapId: -1, ZoneId: -1
[DEBUG] 2025-09-08 21:36:11.054 - >>> ENTERING ChangeMapService.changeMap()
[DEBUG] 2025-09-08 21:36:11.055 - Player: Tập sự-0
[DEBUG] 2025-09-08 21:36:11.055 - Target MapId: -1, ZoneId: -1
[DEBUG] 2025-09-08 21:36:11.055 - >>> ENTERING ChangeMapService.changeMap()
[DEBUG] 2025-09-08 21:36:11.055 - Player: Tập sự-4
[DEBUG] 2025-09-08 21:36:11.055 - Target MapId: -1, ZoneId: -1
[DEBUG] 2025-09-08 21:36:11.055 - >>> ENTERING ChangeMapService.changeMap()
[DEBUG] 2025-09-08 21:36:11.055 - Player: Tập sự-3
[DEBUG] 2025-09-08 21:36:11.055 - Target MapId: -1, ZoneId: -1
[DEBUG] 2025-09-08 21:36:11.055 - >>> ENTERING ChangeMapService.changeMap()
[DEBUG] 2025-09-08 21:36:11.056 - Player: Tập sự-2
[DEBUG] 2025-09-08 21:36:11.056 - Target MapId: -1, ZoneId: -1
[DEBUG] 2025-09-08 21:36:11.056 - >>> ENTERING ChangeMapService.changeMap()
[DEBUG] 2025-09-08 21:36:11.056 - Player: Tập sự-1
[DEBUG] 2025-09-08 21:36:11.056 - Target MapId: -1, ZoneId: -1
[DEBUG] 2025-09-08 21:36:11.056 - >>> ENTERING ChangeMapService.changeMap()
[DEBUG] 2025-09-08 21:36:11.056 - Player: Tập sự-0
[DEBUG] 2025-09-08 21:36:11.056 - Target MapId: -1, ZoneId: -1
[DEBUG] 2025-09-08 21:36:11.056 - >>> ENTERING ChangeMapService.changeMap()
[DEBUG] 2025-09-08 21:36:11.057 - Player: Tập sự-4
[DEBUG] 2025-09-08 21:36:11.057 - Target MapId: -1, ZoneId: -1
[DEBUG] 2025-09-08 21:36:11.057 - >>> ENTERING ChangeMapService.changeMap()
[DEBUG] 2025-09-08 21:36:11.057 - Player: Tập sự-3
[DEBUG] 2025-09-08 21:36:11.057 - Target MapId: -1, ZoneId: -1
[DEBUG] 2025-09-08 21:36:11.057 - >>> ENTERING ChangeMapService.changeMap()
[DEBUG] 2025-09-08 21:36:11.057 - Player: Tập sự-2
[DEBUG] 2025-09-08 21:36:11.057 - Target MapId: -1, ZoneId: -1
[DEBUG] 2025-09-08 21:36:11.057 - >>> ENTERING ChangeMapService.changeMap()
[DEBUG] 2025-09-08 21:36:11.058 - Player: Tập sự-1
[DEBUG] 2025-09-08 21:36:11.058 - Target MapId: -1, ZoneId: -1
[DEBUG] 2025-09-08 21:36:11.058 - >>> ENTERING ChangeMapService.changeMap()
[DEBUG] 2025-09-08 21:36:11.058 - Player: Tập sự-0
[DEBUG] 2025-09-08 21:36:11.058 - Target MapId: -1, ZoneId: -1
[DEBUG] 2025-09-08 21:36:11.058 - >>> ENTERING ChangeMapService.changeMap()
[DEBUG] 2025-09-08 21:36:11.058 - Player: Tập sự-4
[DEBUG] 2025-09-08 21:36:11.058 - Target MapId: -1, ZoneId: -1
[DEBUG] 2025-09-08 21:36:11.058 - >>> ENTERING ChangeMapService.changeMap()
[DEBUG] 2025-09-08 21:36:11.058 - Player: Tập sự-3
[DEBUG] 2025-09-08 21:36:11.058 - Target MapId: -1, ZoneId: -1
[DEBUG] 2025-09-08 21:36:11.058 - >>> ENTERING ChangeMapService.changeMap()
[DEBUG] 2025-09-08 21:36:11.058 - Player: Tập sự-2
[DEBUG] 2025-09-08 21:36:11.058 - Target MapId: -1, ZoneId: -1
[DEBUG] 2025-09-08 21:36:11.059 - >>> ENTERING ChangeMapService.changeMap()
[DEBUG] 2025-09-08 21:36:11.059 - Player: Tập sự-1
[DEBUG] 2025-09-08 21:36:11.059 - Target MapId: -1, ZoneId: -1
[DEBUG] 2025-09-08 21:36:11.060 - >>> ENTERING ChangeMapService.changeMap()
[DEBUG] 2025-09-08 21:36:11.060 - Player: Tập sự-0
[DEBUG] 2025-09-08 21:36:11.060 - Target MapId: -1, ZoneId: -1
[DEBUG] 2025-09-08 21:36:11.060 - >>> ENTERING ChangeMapService.changeMap()
[DEBUG] 2025-09-08 21:36:11.060 - Player: Tập sự-4
[DEBUG] 2025-09-08 21:36:11.060 - Target MapId: -1, ZoneId: -1
[DEBUG] 2025-09-08 21:36:11.061 - >>> ENTERING ChangeMapService.changeMap()
[DEBUG] 2025-09-08 21:36:11.061 - Player: Tập sự-3
[DEBUG] 2025-09-08 21:36:11.061 - Target MapId: -1, ZoneId: -1
[DEBUG] 2025-09-08 21:36:11.061 - >>> ENTERING ChangeMapService.changeMap()
[DEBUG] 2025-09-08 21:36:11.061 - Player: Tập sự-2
[DEBUG] 2025-09-08 21:36:11.061 - Target MapId: -1, ZoneId: -1
[DEBUG] 2025-09-08 21:36:11.061 - >>> ENTERING ChangeMapService.changeMap()
[DEBUG] 2025-09-08 21:36:11.061 - Player: Tập sự-1
[DEBUG] 2025-09-08 21:36:11.061 - Target MapId: -1, ZoneId: -1
[DEBUG] 2025-09-08 21:36:11.062 - >>> ENTERING ChangeMapService.changeMap()
[DEBUG] 2025-09-08 21:36:11.062 - Player: Tập sự-0
[DEBUG] 2025-09-08 21:36:11.062 - Target MapId: -1, ZoneId: -1
[DEBUG] 2025-09-08 21:36:11.062 - >>> ENTERING ChangeMapService.changeMap()
[DEBUG] 2025-09-08 21:36:11.062 - Player: Tập sự-4
[DEBUG] 2025-09-08 21:36:11.062 - Target MapId: -1, ZoneId: -1
[DEBUG] 2025-09-08 21:36:11.062 - >>> ENTERING ChangeMapService.changeMap()
[DEBUG] 2025-09-08 21:36:11.062 - Player: Tập sự-3
[DEBUG] 2025-09-08 21:36:11.062 - Target MapId: -1, ZoneId: -1
[DEBUG] 2025-09-08 21:36:11.063 - >>> ENTERING ChangeMapService.changeMap()
[DEBUG] 2025-09-08 21:36:11.063 - Player: Tập sự-2
[DEBUG] 2025-09-08 21:36:11.063 - Target MapId: -1, ZoneId: -1
[DEBUG] 2025-09-08 21:36:11.063 - >>> ENTERING ChangeMapService.changeMap()
[DEBUG] 2025-09-08 21:36:11.063 - Player: Tập sự-1
[DEBUG] 2025-09-08 21:36:11.063 - Target MapId: -1, ZoneId: -1
[DEBUG] 2025-09-08 21:36:11.063 - >>> ENTERING ChangeMapService.changeMap()
[DEBUG] 2025-09-08 21:36:11.063 - Player: Tập sự-0
[DEBUG] 2025-09-08 21:36:11.063 - Target MapId: -1, ZoneId: -1
[DEBUG] 2025-09-08 21:36:11.064 - >>> ENTERING ChangeMapService.changeMap()
[DEBUG] 2025-09-08 21:36:11.064 - Player: Tập sự-4
[DEBUG] 2025-09-08 21:36:11.064 - Target MapId: -1, ZoneId: -1
[DEBUG] 2025-09-08 21:36:11.064 - >>> ENTERING ChangeMapService.changeMap()
[DEBUG] 2025-09-08 21:36:11.064 - Player: Tập sự-3
[DEBUG] 2025-09-08 21:36:11.064 - Target MapId: -1, ZoneId: -1
[DEBUG] 2025-09-08 21:36:11.064 - >>> ENTERING ChangeMapService.changeMap()
[DEBUG] 2025-09-08 21:36:11.065 - Player: Tập sự-2
[DEBUG] 2025-09-08 21:36:11.065 - Target MapId: -1, ZoneId: -1
[DEBUG] 2025-09-08 21:36:11.065 - >>> ENTERING ChangeMapService.changeMap()
[DEBUG] 2025-09-08 21:36:11.065 - Player: Tập sự-1
[DEBUG] 2025-09-08 21:36:11.065 - Target MapId: -1, ZoneId: -1
[DEBUG] 2025-09-08 21:36:11.066 - >>> ENTERING ChangeMapService.changeMap()
[DEBUG] 2025-09-08 21:36:11.066 - Player: Tập sự-0
[DEBUG] 2025-09-08 21:36:11.066 - Target MapId: -1, ZoneId: -1
[DEBUG] 2025-09-08 21:36:11.066 - >>> ENTERING ChangeMapService.changeMap()
[DEBUG] 2025-09-08 21:36:11.067 - Player: Tập sự-4
[DEBUG] 2025-09-08 21:36:11.067 - Target MapId: -1, ZoneId: -1
[DEBUG] 2025-09-08 21:36:11.067 - >>> ENTERING ChangeMapService.changeMap()
[DEBUG] 2025-09-08 21:36:11.067 - Player: Tập sự-3
[DEBUG] 2025-09-08 21:36:11.067 - Target MapId: -1, ZoneId: -1
[DEBUG] 2025-09-08 21:36:11.067 - >>> ENTERING ChangeMapService.changeMap()
[DEBUG] 2025-09-08 21:36:11.068 - Player: Tập sự-2
[DEBUG] 2025-09-08 21:36:11.068 - Target MapId: -1, ZoneId: -1
[DEBUG] 2025-09-08 21:36:11.069 - >>> ENTERING ChangeMapService.changeMap()
[DEBUG] 2025-09-08 21:36:11.069 - Player: Tập sự-1
[DEBUG] 2025-09-08 21:36:11.069 - Target MapId: -1, ZoneId: -1
[DEBUG] 2025-09-08 21:36:11.069 - >>> ENTERING ChangeMapService.changeMap()
[DEBUG] 2025-09-08 21:36:11.069 - Player: Tập sự-0
[DEBUG] 2025-09-08 21:36:11.070 - Target MapId: -1, ZoneId: -1
[DEBUG] 2025-09-08 21:36:11.070 - >>> ENTERING ChangeMapService.changeMap()
[DEBUG] 2025-09-08 21:36:11.070 - Player: Tập sự-4
[DEBUG] 2025-09-08 21:36:11.070 - Target MapId: -1, ZoneId: -1
[DEBUG] 2025-09-08 21:36:11.071 - >>> ENTERING ChangeMapService.changeMap()
[DEBUG] 2025-09-08 21:36:11.071 - Player: Tập sự-3
[DEBUG] 2025-09-08 21:36:11.071 - Target MapId: -1, ZoneId: -1
[DEBUG] 2025-09-08 21:36:11.071 - >>> ENTERING ChangeMapService.changeMap()
[DEBUG] 2025-09-08 21:36:11.072 - Player: Tập sự-2
[DEBUG] 2025-09-08 21:36:11.072 - Target MapId: -1, ZoneId: -1
[DEBUG] 2025-09-08 21:36:11.072 - >>> ENTERING ChangeMapService.changeMap()
[DEBUG] 2025-09-08 21:36:11.072 - Player: Tập sự-1
[DEBUG] 2025-09-08 21:36:11.072 - Target MapId: -1, ZoneId: -1
[DEBUG] 2025-09-08 21:36:11.072 - >>> ENTERING ChangeMapService.changeMap()
[DEBUG] 2025-09-08 21:36:11.072 - Player: Tập sự-0
[DEBUG] 2025-09-08 21:36:11.072 - Target MapId: -1, ZoneId: -1
[DEBUG] 2025-09-08 21:36:11.073 - >>> ENTERING ChangeMapService.changeMap()
[DEBUG] 2025-09-08 21:36:11.073 - Player: Tập sự-4
[DEBUG] 2025-09-08 21:36:11.073 - Target MapId: -1, ZoneId: -1
[DEBUG] 2025-09-08 21:36:11.073 - >>> ENTERING ChangeMapService.changeMap()
[DEBUG] 2025-09-08 21:36:11.073 - Player: Tập sự-3
[DEBUG] 2025-09-08 21:36:11.073 - Target MapId: -1, ZoneId: -1
[DEBUG] 2025-09-08 21:36:11.073 - >>> ENTERING ChangeMapService.changeMap()
[DEBUG] 2025-09-08 21:36:11.073 - Player: Tập sự-2
[DEBUG] 2025-09-08 21:36:11.074 - Target MapId: -1, ZoneId: -1
[DEBUG] 2025-09-08 21:36:11.074 - >>> ENTERING ChangeMapService.changeMap()
[DEBUG] 2025-09-08 21:36:11.074 - Player: Tập sự-1
[DEBUG] 2025-09-08 21:36:11.074 - Target MapId: -1, ZoneId: -1
[DEBUG] 2025-09-08 21:36:11.074 - >>> ENTERING ChangeMapService.changeMap()
[DEBUG] 2025-09-08 21:36:11.074 - Player: Tập sự-0
[DEBUG] 2025-09-08 21:36:11.074 - Target MapId: -1, ZoneId: -1
[DEBUG] 2025-09-08 21:36:11.103 - >>> ENTERING ChangeMapService.changeMap()
[DEBUG] 2025-09-08 21:36:11.103 - Player: Rambo
[DEBUG] 2025-09-08 21:36:11.103 - Target MapId: -1, ZoneId: -1
[DEBUG] 2025-09-08 21:36:11.104 - >>> ENTERING ChangeMapService.changeMap()
[DEBUG] 2025-09-08 21:36:11.104 - Player: Rambo
[DEBUG] 2025-09-08 21:36:11.104 - Target MapId: -1, ZoneId: -1
[DEBUG] 2025-09-08 21:36:11.211 - >>> ENTERING ChangeMapService.changeMap()
[DEBUG] 2025-09-08 21:36:11.211 - Player: $
[DEBUG] 2025-09-08 21:36:11.211 - Target MapId: -1, ZoneId: -1
[DEBUG] 2025-09-08 21:36:11.212 - >>> ENTERING ChangeMapService.changeMap()
[DEBUG] 2025-09-08 21:36:11.212 - Player: $
[DEBUG] 2025-09-08 21:36:11.212 - Target MapId: -1, ZoneId: -1
[DEBUG] 2025-09-08 21:36:11.212 - >>> ENTERING ChangeMapService.changeMap()
[DEBUG] 2025-09-08 21:36:11.212 - Player: $
[DEBUG] 2025-09-08 21:36:11.212 - Target MapId: -1, ZoneId: -1
[DEBUG] 2025-09-08 21:36:11.212 - >>> ENTERING ChangeMapService.changeMap()
[DEBUG] 2025-09-08 21:36:11.212 - Player: $
[DEBUG] 2025-09-08 21:36:11.213 - Target MapId: -1, ZoneId: -1
[DEBUG] 2025-09-08 21:36:11.213 - >>> ENTERING ChangeMapService.changeMap()
[DEBUG] 2025-09-08 21:36:11.213 - Player: $
[DEBUG] 2025-09-08 21:36:11.213 - Target MapId: -1, ZoneId: -1
[DEBUG] 2025-09-08 21:36:13.632 - >>> ENTERING ChangeMapService.changeMap()
[DEBUG] 2025-09-08 21:36:13.632 - Player: Super Broly 55
[DEBUG] 2025-09-08 21:36:13.633 - Target MapId: -1, ZoneId: -1
[DEBUG] 2025-09-08 21:36:41.292 - >>> ENTERING ChangeMapService.changeMap()
[DEBUG] 2025-09-08 21:36:41.293 - Player: $
[DEBUG] 2025-09-08 21:36:41.293 - Target MapId: -1, ZoneId: -1
[DEBUG] 2025-09-08 21:36:41.294 - >>> ENTERING ChangeMapService.changeMap()
[DEBUG] 2025-09-08 21:36:41.295 - Player: $
[DEBUG] 2025-09-08 21:36:41.296 - Target MapId: -1, ZoneId: -1
[DEBUG] 2025-09-08 21:36:41.297 - >>> ENTERING ChangeMapService.changeMap()
[DEBUG] 2025-09-08 21:36:41.297 - Player: $
[DEBUG] 2025-09-08 21:36:41.298 - Target MapId: -1, ZoneId: -1
[DEBUG] 2025-09-08 21:36:41.298 - >>> ENTERING ChangeMapService.changeMap()
[DEBUG] 2025-09-08 21:36:41.299 - Player: $
[DEBUG] 2025-09-08 21:36:41.300 - Target MapId: -1, ZoneId: -1
[DEBUG] 2025-09-08 21:36:41.301 - >>> ENTERING ChangeMapService.changeMap()
[DEBUG] 2025-09-08 21:36:41.301 - Player: $
[DEBUG] 2025-09-08 21:36:41.302 - Target MapId: -1, ZoneId: -1
[DEBUG] 2025-09-08 21:36:46.430 - >>> ENTERING ChangeMapService.changeMap()
[DEBUG] 2025-09-08 21:36:46.431 - Player: $
[DEBUG] 2025-09-08 21:36:46.432 - Target MapId: -1, ZoneId: -1
[DEBUG] 2025-09-08 21:36:46.433 - >>> ENTERING ChangeMapService.changeMap()
[DEBUG] 2025-09-08 21:36:46.434 - Player: $
[DEBUG] 2025-09-08 21:36:46.435 - Target MapId: -1, ZoneId: -1
[DEBUG] 2025-09-08 21:36:46.435 - >>> ENTERING ChangeMapService.changeMap()
[DEBUG] 2025-09-08 21:36:46.436 - Player: $
[DEBUG] 2025-09-08 21:36:46.437 - Target MapId: -1, ZoneId: -1
[DEBUG] 2025-09-08 21:36:46.437 - >>> ENTERING ChangeMapService.changeMap()
[DEBUG] 2025-09-08 21:36:46.438 - Player: $
[DEBUG] 2025-09-08 21:36:46.438 - Target MapId: -1, ZoneId: -1
[DEBUG] 2025-09-08 21:36:46.439 - >>> ENTERING ChangeMapService.changeMap()
[DEBUG] 2025-09-08 21:36:46.439 - Player: $
[DEBUG] 2025-09-08 21:36:46.439 - Target MapId: -1, ZoneId: -1
[DEBUG] 2025-09-08 21:36:52.144 - >>> ENTERING ChangeMapService.changeMap()
[DEBUG] 2025-09-08 21:36:52.146 - Player: test2
[DEBUG] 2025-09-08 21:36:52.147 - Target MapId: -1, ZoneId: -1
[DEBUG] 2025-09-08 21:36:52.148 - ==================================================
[DEBUG] 2025-09-08 21:36:52.149 - Player entered map 47 - checking for boss spawn
[DEBUG] 2025-09-08 21:36:52.149 - Current task: 18432
[DEBUG] 2025-09-08 21:36:52.150 - TASK_9_0: 18432
[DEBUG] 2025-09-08 21:36:52.151 - TASK_10_2: 20484
[DEBUG] 2025-09-08 21:36:52.152 - Task condition NOT met - no boss spawn
[DEBUG] 2025-09-08 21:36:52.153 - ==================================================
[DEBUG] 2025-09-08 21:36:53.006 - >>> ENTERING TrainingService.callBoss()
[DEBUG] 2025-09-08 21:36:53.016 - Parameters - Player: test2, BossID: -457547, isThachDau: false
[DEBUG] 2025-09-08 21:36:53.017 - Player zone: 47
[DEBUG] 2025-09-08 21:36:53.018 - Setting isThachDau to: false
[DEBUG] 2025-09-08 21:36:53.019 - NPC ID for boss: -1
[DEBUG] 2025-09-08 21:36:53.021 - Creating boss with ID: -457547
[DEBUG] 2025-09-08 21:36:53.023 - Creating TauPayPay1 boss...
[DEBUG] 2025-09-08 21:36:53.026 - TauPayPay1 created successfully
[DEBUG] 2025-09-08 21:36:53.027 - <<< EXITING TrainingService.callBoss()
[DEBUG] 2025-09-08 21:36:53.298 - >>> ENTERING TauPayPay1.joinMap()
[DEBUG] 2025-09-08 21:36:53.298 - playerAtt: test2
[DEBUG] 2025-09-08 21:36:53.299 - playerAtt.zone: 47
[DEBUG] 2025-09-08 21:36:53.299 - Setting boss zone...
[DEBUG] 2025-09-08 21:36:53.300 - Boss zone set successfully
[DEBUG] 2025-09-08 21:36:53.300 - Calling changeMapBySpaceShip...
[DEBUG] 2025-09-08 21:36:53.301 - >>> ENTERING ChangeMapService.changeMap()
[DEBUG] 2025-09-08 21:36:53.301 - Player: Tàu Pảy Pảy
[DEBUG] 2025-09-08 21:36:53.301 - Target MapId: -1, ZoneId: -1
[DEBUG] 2025-09-08 21:36:53.302 - ==================================================
[DEBUG] 2025-09-08 21:36:53.303 - Player entered map 47 - checking for boss spawn
[DEBUG] 2025-09-08 21:36:53.303 - Current task: -1
[DEBUG] 2025-09-08 21:36:53.304 - TASK_9_0: 18432
[DEBUG] 2025-09-08 21:36:53.304 - TASK_10_2: 20484
[DEBUG] 2025-09-08 21:36:53.305 - Task condition NOT met - no boss spawn
[DEBUG] 2025-09-08 21:36:53.305 - ==================================================
[DEBUG] 2025-09-08 21:36:53.306 - changeMapBySpaceShip completed
[DEBUG] 2025-09-08 21:36:53.306 - Changing status to CHAT_S...
[DEBUG] 2025-09-08 21:36:53.307 - Status changed successfully
[DEBUG] 2025-09-08 21:36:53.307 - <<< EXITING TauPayPay1.joinMap()
[DEBUG] 2025-09-08 21:36:56.180 - Boss injured - Attacker: test2, Damage: 46, Boss HP: 500
[DEBUG] 2025-09-08 21:36:56.183 - Attacker task: 18436, Required: 20482
[DEBUG] 2025-09-08 21:36:56.184 - Wrong task - returning minimal damage
[DEBUG] 2025-09-08 21:36:56.696 - Boss injured - Attacker: test2, Damage: 46, Boss HP: 500
[DEBUG] 2025-09-08 21:36:56.698 - Attacker task: 18436, Required: 20482
[DEBUG] 2025-09-08 21:36:56.700 - Wrong task - returning minimal damage
[DEBUG] 2025-09-08 21:36:57.025 - >>> ENTERING ChangeMapService.changeMap()
[DEBUG] 2025-09-08 21:36:57.026 - Player: test2
[DEBUG] 2025-09-08 21:36:57.027 - Target MapId: -1, ZoneId: -1
[DEBUG] 2025-09-08 21:37:02.209 - >>> ENTERING TrainingService.callBoss()
[DEBUG] 2025-09-08 21:37:02.211 - Parameters - Player: test2, BossID: -357, isThachDau: true
[DEBUG] 2025-09-08 21:37:02.212 - Player zone: 46
[DEBUG] 2025-09-08 21:37:02.214 - Setting isThachDau to: true
[DEBUG] 2025-09-08 21:37:02.214 - NPC ID for boss: 18
[DEBUG] 2025-09-08 21:37:02.216 - Hiding NPC: 18
[DEBUG] 2025-09-08 21:37:02.217 - Creating boss with ID: -357
[DEBUG] 2025-09-08 21:37:02.218 - <<< EXITING TrainingService.callBoss()
[DEBUG] 2025-09-08 21:37:02.505 - >>> ENTERING ChangeMapService.changeMap()
[DEBUG] 2025-09-08 21:37:02.507 - Player: Karin
[DEBUG] 2025-09-08 21:37:02.508 - Target MapId: -1, ZoneId: -1
[DEBUG] 2025-09-08 21:37:16.551 - >>> ENTERING ChangeMapService.changeMap()
[DEBUG] 2025-09-08 21:37:16.552 - Player: $
[DEBUG] 2025-09-08 21:37:16.553 - Target MapId: -1, ZoneId: -1
[DEBUG] 2025-09-08 21:37:16.553 - >>> ENTERING ChangeMapService.changeMap()
[DEBUG] 2025-09-08 21:37:16.554 - Player: $
[DEBUG] 2025-09-08 21:37:16.555 - Target MapId: -1, ZoneId: -1
[DEBUG] 2025-09-08 21:37:16.556 - >>> ENTERING ChangeMapService.changeMap()
[DEBUG] 2025-09-08 21:37:16.557 - Player: $
[DEBUG] 2025-09-08 21:37:16.558 - Target MapId: -1, ZoneId: -1
[DEBUG] 2025-09-08 21:37:16.560 - >>> ENTERING ChangeMapService.changeMap()
[DEBUG] 2025-09-08 21:37:16.560 - Player: $
[DEBUG] 2025-09-08 21:37:16.561 - Target MapId: -1, ZoneId: -1
[DEBUG] 2025-09-08 21:37:16.562 - >>> ENTERING ChangeMapService.changeMap()
[DEBUG] 2025-09-08 21:37:16.562 - Player: $
[DEBUG] 2025-09-08 21:37:16.563 - Target MapId: -1, ZoneId: -1
[DEBUG] 2025-09-08 21:37:22.971 - >>> ENTERING ChangeMapService.changeMap()
[DEBUG] 2025-09-08 21:37:22.972 - Player: test2
[DEBUG] 2025-09-08 21:37:22.972 - Target MapId: -1, ZoneId: -1
[DEBUG] 2025-09-08 21:37:22.974 - ==================================================
[DEBUG] 2025-09-08 21:37:22.974 - Player entered map 47 - checking for boss spawn
[DEBUG] 2025-09-08 21:37:22.975 - Current task: 20482
[DEBUG] 2025-09-08 21:37:22.976 - TASK_9_0: 18432
[DEBUG] 2025-09-08 21:37:22.976 - TASK_10_2: 20484
[DEBUG] 2025-09-08 21:37:22.977 - Task condition met - calling boss spawn
[DEBUG] 2025-09-08 21:37:22.977 - >>> ENTERING TrainingService.callBoss()
[DEBUG] 2025-09-08 21:37:22.978 - Parameters - Player: test2, BossID: -457547, isThachDau: false
[DEBUG] 2025-09-08 21:37:22.978 - Player zone: 47
[DEBUG] 2025-09-08 21:37:22.978 - Setting isThachDau to: false
[DEBUG] 2025-09-08 21:37:22.978 - NPC ID for boss: -1
[DEBUG] 2025-09-08 21:37:22.979 - Creating boss with ID: -457547
[DEBUG] 2025-09-08 21:37:22.981 - Creating TauPayPay1 boss...
[DEBUG] 2025-09-08 21:37:22.981 - TauPayPay1 created successfully
[DEBUG] 2025-09-08 21:37:22.982 - <<< EXITING TrainingService.callBoss()
[DEBUG] 2025-09-08 21:37:22.983 - BOSS_SPAWN - Player: test2, BossID: -457547, Success: true
[DEBUG] 2025-09-08 21:37:22.983 - ==================================================
[DEBUG] 2025-09-08 21:37:23.266 - >>> ENTERING TauPayPay1.joinMap()
[DEBUG] 2025-09-08 21:37:23.267 - playerAtt: test2
[DEBUG] 2025-09-08 21:37:23.268 - playerAtt.zone: 47
[DEBUG] 2025-09-08 21:37:23.269 - Setting boss zone...
[DEBUG] 2025-09-08 21:37:23.270 - Boss zone set successfully
[DEBUG] 2025-09-08 21:37:23.270 - Calling changeMapBySpaceShip...
[DEBUG] 2025-09-08 21:37:23.271 - >>> ENTERING ChangeMapService.changeMap()
[DEBUG] 2025-09-08 21:37:23.272 - Player: Tàu Pảy Pảy
[DEBUG] 2025-09-08 21:37:23.272 - Target MapId: -1, ZoneId: -1
[DEBUG] 2025-09-08 21:37:23.273 - ==================================================
[DEBUG] 2025-09-08 21:37:23.273 - Player entered map 47 - checking for boss spawn
[DEBUG] 2025-09-08 21:37:23.274 - Current task: -1
[DEBUG] 2025-09-08 21:37:23.274 - TASK_9_0: 18432
[DEBUG] 2025-09-08 21:37:23.275 - TASK_10_2: 20484
[DEBUG] 2025-09-08 21:37:23.275 - Task condition NOT met - no boss spawn
[DEBUG] 2025-09-08 21:37:23.276 - ==================================================
[DEBUG] 2025-09-08 21:37:23.276 - changeMapBySpaceShip completed
[DEBUG] 2025-09-08 21:37:23.277 - Changing status to CHAT_S...
[DEBUG] 2025-09-08 21:37:23.277 - Status changed successfully
[DEBUG] 2025-09-08 21:37:23.278 - <<< EXITING TauPayPay1.joinMap()
[DEBUG] 2025-09-08 21:37:23.360 - Boss injured - Attacker: test2, Damage: 46, Boss HP: 500
[DEBUG] 2025-09-08 21:37:23.362 - Attacker task: 20482, Required: 20482
[DEBUG] 2025-09-08 21:37:23.363 - Boss HP after damage: 454/500
[DEBUG] 2025-09-08 21:37:24.387 - Boss injured - Attacker: test2, Damage: 0, Boss HP: 454
[DEBUG] 2025-09-08 21:37:24.388 - Attacker task: 20482, Required: 20482
[DEBUG] 2025-09-08 21:37:24.389 - Boss HP after damage: 454/500
[DEBUG] 2025-09-08 21:37:26.540 - >>> ENTERING ChangeMapService.changeMap()
[DEBUG] 2025-09-08 21:37:26.542 - Player: $
[DEBUG] 2025-09-08 21:37:26.543 - Target MapId: -1, ZoneId: -1
[DEBUG] 2025-09-08 21:37:26.544 - >>> ENTERING ChangeMapService.changeMap()
[DEBUG] 2025-09-08 21:37:26.544 - Player: $
[DEBUG] 2025-09-08 21:37:26.546 - Target MapId: -1, ZoneId: -1
[DEBUG] 2025-09-08 21:37:26.548 - >>> ENTERING ChangeMapService.changeMap()
[DEBUG] 2025-09-08 21:37:26.549 - Player: $
[DEBUG] 2025-09-08 21:37:26.550 - Target MapId: -1, ZoneId: -1
[DEBUG] 2025-09-08 21:37:26.551 - >>> ENTERING ChangeMapService.changeMap()
[DEBUG] 2025-09-08 21:37:26.551 - Player: $
[DEBUG] 2025-09-08 21:37:26.552 - Target MapId: -1, ZoneId: -1
[DEBUG] 2025-09-08 21:37:26.554 - >>> ENTERING ChangeMapService.changeMap()
[DEBUG] 2025-09-08 21:37:26.554 - Player: $
[DEBUG] 2025-09-08 21:37:26.555 - Target MapId: -1, ZoneId: -1
[DEBUG] 2025-09-08 21:37:31.687 - >>> ENTERING ChangeMapService.changeMap()
[DEBUG] 2025-09-08 21:37:31.687 - Player: $
[DEBUG] 2025-09-08 21:37:31.687 - Target MapId: -1, ZoneId: -1
[DEBUG] 2025-09-08 21:37:31.688 - >>> ENTERING ChangeMapService.changeMap()
[DEBUG] 2025-09-08 21:37:31.689 - Player: $
[DEBUG] 2025-09-08 21:37:31.689 - Target MapId: -1, ZoneId: -1
[DEBUG] 2025-09-08 21:37:31.690 - >>> ENTERING ChangeMapService.changeMap()
[DEBUG] 2025-09-08 21:37:31.691 - Player: $
[DEBUG] 2025-09-08 21:37:31.692 - Target MapId: -1, ZoneId: -1
[DEBUG] 2025-09-08 21:37:31.692 - >>> ENTERING ChangeMapService.changeMap()
[DEBUG] 2025-09-08 21:37:31.693 - Player: $
[DEBUG] 2025-09-08 21:37:31.693 - Target MapId: -1, ZoneId: -1
[DEBUG] 2025-09-08 21:37:31.693 - >>> ENTERING ChangeMapService.changeMap()
[DEBUG] 2025-09-08 21:37:31.694 - Player: $
[DEBUG] 2025-09-08 21:37:31.694 - Target MapId: -1, ZoneId: -1
[DEBUG] 2025-09-08 21:37:41.531 - >>> ENTERING ChangeMapService.changeMap()
[DEBUG] 2025-09-08 21:37:41.531 - Player: $
[DEBUG] 2025-09-08 21:37:41.531 - Target MapId: -1, ZoneId: -1
[DEBUG] 2025-09-08 21:37:41.533 - >>> ENTERING ChangeMapService.changeMap()
[DEBUG] 2025-09-08 21:37:41.533 - Player: $
[DEBUG] 2025-09-08 21:37:41.534 - Target MapId: -1, ZoneId: -1
[DEBUG] 2025-09-08 21:37:41.535 - >>> ENTERING ChangeMapService.changeMap()
[DEBUG] 2025-09-08 21:37:41.535 - Player: $
[DEBUG] 2025-09-08 21:37:41.535 - Target MapId: -1, ZoneId: -1
[DEBUG] 2025-09-08 21:37:41.536 - >>> ENTERING ChangeMapService.changeMap()
[DEBUG] 2025-09-08 21:37:41.536 - Player: $
[DEBUG] 2025-09-08 21:37:41.536 - Target MapId: -1, ZoneId: -1
[DEBUG] 2025-09-08 21:37:41.537 - >>> ENTERING ChangeMapService.changeMap()
[DEBUG] 2025-09-08 21:37:41.537 - Player: $
[DEBUG] 2025-09-08 21:37:41.537 - Target MapId: -1, ZoneId: -1
[DEBUG] 2025-09-08 21:37:51.969 - >>> ENTERING ChangeMapService.changeMap()
[DEBUG] 2025-09-08 21:37:51.974 - Player: $
[DEBUG] 2025-09-08 21:37:51.975 - Target MapId: -1, ZoneId: -1
[DEBUG] 2025-09-08 21:37:51.976 - >>> ENTERING ChangeMapService.changeMap()
[DEBUG] 2025-09-08 21:37:51.976 - Player: $
[DEBUG] 2025-09-08 21:37:51.977 - Target MapId: -1, ZoneId: -1
[DEBUG] 2025-09-08 21:37:51.978 - >>> ENTERING ChangeMapService.changeMap()
[DEBUG] 2025-09-08 21:37:51.978 - Player: $
[DEBUG] 2025-09-08 21:37:51.979 - Target MapId: -1, ZoneId: -1
[DEBUG] 2025-09-08 21:37:51.980 - >>> ENTERING ChangeMapService.changeMap()
[DEBUG] 2025-09-08 21:37:51.981 - Player: $
[DEBUG] 2025-09-08 21:37:51.981 - Target MapId: -1, ZoneId: -1
[DEBUG] 2025-09-08 21:37:51.982 - >>> ENTERING ChangeMapService.changeMap()
[DEBUG] 2025-09-08 21:37:51.983 - Player: $
[DEBUG] 2025-09-08 21:37:51.983 - Target MapId: -1, ZoneId: -1
[DEBUG] 2025-09-08 21:37:58.697 - >>> ENTERING ChangeMapService.changeMap()
[DEBUG] 2025-09-08 21:37:58.698 - Player: $
[DEBUG] 2025-09-08 21:37:58.699 - Target MapId: -1, ZoneId: -1
[DEBUG] 2025-09-08 21:37:58.700 - >>> ENTERING ChangeMapService.changeMap()
[DEBUG] 2025-09-08 21:37:58.700 - Player: $
[DEBUG] 2025-09-08 21:37:58.701 - Target MapId: -1, ZoneId: -1
[DEBUG] 2025-09-08 21:37:58.702 - >>> ENTERING ChangeMapService.changeMap()
[DEBUG] 2025-09-08 21:37:58.702 - Player: $
[DEBUG] 2025-09-08 21:37:58.703 - Target MapId: -1, ZoneId: -1
[DEBUG] 2025-09-08 21:37:58.704 - >>> ENTERING ChangeMapService.changeMap()
[DEBUG] 2025-09-08 21:37:58.704 - Player: $
[DEBUG] 2025-09-08 21:37:58.705 - Target MapId: -1, ZoneId: -1
[DEBUG] 2025-09-08 21:37:58.705 - >>> ENTERING ChangeMapService.changeMap()
[DEBUG] 2025-09-08 21:37:58.706 - Player: $
[DEBUG] 2025-09-08 21:37:58.706 - Target MapId: -1, ZoneId: -1
[DEBUG] 2025-09-08 21:38:18.850 - >>> ENTERING ChangeMapService.changeMap()
[DEBUG] 2025-09-08 21:38:18.851 - Player: $
[DEBUG] 2025-09-08 21:38:18.851 - Target MapId: -1, ZoneId: -1
[DEBUG] 2025-09-08 21:38:18.852 - >>> ENTERING ChangeMapService.changeMap()
[DEBUG] 2025-09-08 21:38:18.852 - Player: $
[DEBUG] 2025-09-08 21:38:18.853 - Target MapId: -1, ZoneId: -1
[DEBUG] 2025-09-08 21:38:18.853 - >>> ENTERING ChangeMapService.changeMap()
[DEBUG] 2025-09-08 21:38:18.854 - Player: $
[DEBUG] 2025-09-08 21:38:18.854 - Target MapId: -1, ZoneId: -1
[DEBUG] 2025-09-08 21:38:18.855 - >>> ENTERING ChangeMapService.changeMap()
[DEBUG] 2025-09-08 21:38:18.855 - Player: $
[DEBUG] 2025-09-08 21:38:18.855 - Target MapId: -1, ZoneId: -1
[DEBUG] 2025-09-08 21:38:18.856 - >>> ENTERING ChangeMapService.changeMap()
[DEBUG] 2025-09-08 21:38:18.856 - Player: $
[DEBUG] 2025-09-08 21:38:18.857 - Target MapId: -1, ZoneId: -1
[DEBUG] 2025-09-08 21:38:36.998 - >>> ENTERING ChangeMapService.changeMap()
[DEBUG] 2025-09-08 21:38:36.999 - Player: $
[DEBUG] 2025-09-08 21:38:37.000 - Target MapId: -1, ZoneId: -1
[DEBUG] 2025-09-08 21:38:37.000 - >>> ENTERING ChangeMapService.changeMap()
[DEBUG] 2025-09-08 21:38:37.000 - Player: $
[DEBUG] 2025-09-08 21:38:37.000 - Target MapId: -1, ZoneId: -1
[DEBUG] 2025-09-08 21:38:37.001 - >>> ENTERING ChangeMapService.changeMap()
[DEBUG] 2025-09-08 21:38:37.001 - Player: $
[DEBUG] 2025-09-08 21:38:37.003 - Target MapId: -1, ZoneId: -1
[DEBUG] 2025-09-08 21:38:37.003 - >>> ENTERING ChangeMapService.changeMap()
[DEBUG] 2025-09-08 21:38:37.003 - Player: $
[DEBUG] 2025-09-08 21:38:37.004 - Target MapId: -1, ZoneId: -1
[DEBUG] 2025-09-08 21:38:37.004 - >>> ENTERING ChangeMapService.changeMap()
[DEBUG] 2025-09-08 21:38:37.005 - Player: $
[DEBUG] 2025-09-08 21:38:37.005 - Target MapId: -1, ZoneId: -1
[DEBUG] 2025-09-08 21:39:05.995 - >>> ENTERING ChangeMapService.changeMap()
[DEBUG] 2025-09-08 21:39:05.996 - Player: $
[DEBUG] 2025-09-08 21:39:05.997 - Target MapId: -1, ZoneId: -1
[DEBUG] 2025-09-08 21:39:05.997 - >>> ENTERING ChangeMapService.changeMap()
[DEBUG] 2025-09-08 21:39:05.998 - Player: $
[DEBUG] 2025-09-08 21:39:05.999 - Target MapId: -1, ZoneId: -1
[DEBUG] 2025-09-08 21:39:05.999 - >>> ENTERING ChangeMapService.changeMap()
[DEBUG] 2025-09-08 21:39:06.000 - Player: $
[DEBUG] 2025-09-08 21:39:06.000 - Target MapId: -1, ZoneId: -1
[DEBUG] 2025-09-08 21:39:06.001 - >>> ENTERING ChangeMapService.changeMap()
[DEBUG] 2025-09-08 21:39:06.002 - Player: $
[DEBUG] 2025-09-08 21:39:06.003 - Target MapId: -1, ZoneId: -1
[DEBUG] 2025-09-08 21:39:06.004 - >>> ENTERING ChangeMapService.changeMap()
[DEBUG] 2025-09-08 21:39:06.004 - Player: $
[DEBUG] 2025-09-08 21:39:06.005 - Target MapId: -1, ZoneId: -1
[DEBUG] 2025-09-08 21:39:09.271 - >>> ENTERING ChangeMapService.changeMap()
[DEBUG] 2025-09-08 21:39:09.272 - Player: $
[DEBUG] 2025-09-08 21:39:09.273 - Target MapId: -1, ZoneId: -1
[DEBUG] 2025-09-08 21:39:09.274 - >>> ENTERING ChangeMapService.changeMap()
[DEBUG] 2025-09-08 21:39:09.275 - Player: $
[DEBUG] 2025-09-08 21:39:09.275 - Target MapId: -1, ZoneId: -1
[DEBUG] 2025-09-08 21:39:09.276 - >>> ENTERING ChangeMapService.changeMap()
[DEBUG] 2025-09-08 21:39:09.277 - Player: $
[DEBUG] 2025-09-08 21:39:09.278 - Target MapId: -1, ZoneId: -1
[DEBUG] 2025-09-08 21:39:09.279 - >>> ENTERING ChangeMapService.changeMap()
[DEBUG] 2025-09-08 21:39:09.280 - Player: $
[DEBUG] 2025-09-08 21:39:09.282 - Target MapId: -1, ZoneId: -1
[DEBUG] 2025-09-08 21:39:09.284 - >>> ENTERING ChangeMapService.changeMap()
[DEBUG] 2025-09-08 21:39:09.286 - Player: $
[DEBUG] 2025-09-08 21:39:09.288 - Target MapId: -1, ZoneId: -1
[DEBUG] 2025-09-08 21:39:17.052 - >>> ENTERING ChangeMapService.changeMap()
[DEBUG] 2025-09-08 21:39:17.053 - Player: $
[DEBUG] 2025-09-08 21:39:17.053 - Target MapId: -1, ZoneId: -1
[DEBUG] 2025-09-08 21:39:17.054 - >>> ENTERING ChangeMapService.changeMap()
[DEBUG] 2025-09-08 21:39:17.055 - Player: $
[DEBUG] 2025-09-08 21:39:17.056 - Target MapId: -1, ZoneId: -1
[DEBUG] 2025-09-08 21:39:17.056 - >>> ENTERING ChangeMapService.changeMap()
[DEBUG] 2025-09-08 21:39:17.056 - Player: $
[DEBUG] 2025-09-08 21:39:17.058 - Target MapId: -1, ZoneId: -1
[DEBUG] 2025-09-08 21:39:17.058 - >>> ENTERING ChangeMapService.changeMap()
[DEBUG] 2025-09-08 21:39:17.058 - Player: $
[DEBUG] 2025-09-08 21:39:17.058 - Target MapId: -1, ZoneId: -1
[DEBUG] 2025-09-08 21:39:17.059 - >>> ENTERING ChangeMapService.changeMap()
[DEBUG] 2025-09-08 21:39:17.059 - Player: $
[DEBUG] 2025-09-08 21:39:17.060 - Target MapId: -1, ZoneId: -1
[DEBUG] 2025-09-08 21:39:51.265 - >>> ENTERING ChangeMapService.changeMap()
[DEBUG] 2025-09-08 21:39:51.266 - Player: $
[DEBUG] 2025-09-08 21:39:51.266 - Target MapId: -1, ZoneId: -1
[DEBUG] 2025-09-08 21:39:51.267 - >>> ENTERING ChangeMapService.changeMap()
[DEBUG] 2025-09-08 21:39:51.267 - Player: $
[DEBUG] 2025-09-08 21:39:51.267 - Target MapId: -1, ZoneId: -1
[DEBUG] 2025-09-08 21:39:51.268 - >>> ENTERING ChangeMapService.changeMap()
[DEBUG] 2025-09-08 21:39:51.269 - Player: $
[DEBUG] 2025-09-08 21:39:51.270 - Target MapId: -1, ZoneId: -1
[DEBUG] 2025-09-08 21:39:51.271 - >>> ENTERING ChangeMapService.changeMap()
[DEBUG] 2025-09-08 21:39:51.273 - Player: $
[DEBUG] 2025-09-08 21:39:51.273 - Target MapId: -1, ZoneId: -1
[DEBUG] 2025-09-08 21:39:51.274 - >>> ENTERING ChangeMapService.changeMap()
[DEBUG] 2025-09-08 21:39:51.274 - Player: $
[DEBUG] 2025-09-08 21:39:51.274 - Target MapId: -1, ZoneId: -1
[DEBUG] 2025-09-08 21:39:52.354 - >>> ENTERING ChangeMapService.changeMap()
[DEBUG] 2025-09-08 21:39:52.354 - Player: $
[DEBUG] 2025-09-08 21:39:52.355 - Target MapId: -1, ZoneId: -1
[DEBUG] 2025-09-08 21:39:52.355 - >>> ENTERING ChangeMapService.changeMap()
[DEBUG] 2025-09-08 21:39:52.356 - Player: $
[DEBUG] 2025-09-08 21:39:52.356 - Target MapId: -1, ZoneId: -1
[DEBUG] 2025-09-08 21:39:52.357 - >>> ENTERING ChangeMapService.changeMap()
[DEBUG] 2025-09-08 21:39:52.357 - Player: $
[DEBUG] 2025-09-08 21:39:52.358 - Target MapId: -1, ZoneId: -1
[DEBUG] 2025-09-08 21:39:52.358 - >>> ENTERING ChangeMapService.changeMap()
[DEBUG] 2025-09-08 21:39:52.360 - Player: $
[DEBUG] 2025-09-08 21:39:52.361 - Target MapId: -1, ZoneId: -1
[DEBUG] 2025-09-08 21:39:52.361 - >>> ENTERING ChangeMapService.changeMap()
[DEBUG] 2025-09-08 21:39:52.362 - Player: $
[DEBUG] 2025-09-08 21:39:52.362 - Target MapId: -1, ZoneId: -1
[DEBUG] 2025-09-08 21:40:04.844 - >>> ENTERING ChangeMapService.changeMap()
[DEBUG] 2025-09-08 21:40:04.845 - Player: $
[DEBUG] 2025-09-08 21:40:04.845 - Target MapId: -1, ZoneId: -1
[DEBUG] 2025-09-08 21:40:04.847 - >>> ENTERING ChangeMapService.changeMap()
[DEBUG] 2025-09-08 21:40:04.847 - Player: $
[DEBUG] 2025-09-08 21:40:04.847 - Target MapId: -1, ZoneId: -1
[DEBUG] 2025-09-08 21:40:04.848 - >>> ENTERING ChangeMapService.changeMap()
[DEBUG] 2025-09-08 21:40:04.848 - Player: $
[DEBUG] 2025-09-08 21:40:04.848 - Target MapId: -1, ZoneId: -1
[DEBUG] 2025-09-08 21:40:04.848 - >>> ENTERING ChangeMapService.changeMap()
[DEBUG] 2025-09-08 21:40:04.848 - Player: $
[DEBUG] 2025-09-08 21:40:04.849 - Target MapId: -1, ZoneId: -1
[DEBUG] 2025-09-08 21:40:04.849 - >>> ENTERING ChangeMapService.changeMap()
[DEBUG] 2025-09-08 21:40:04.850 - Player: $
[DEBUG] 2025-09-08 21:40:04.850 - Target MapId: -1, ZoneId: -1
[DEBUG] 2025-09-08 21:40:11.555 - >>> ENTERING ChangeMapService.changeMap()
[DEBUG] 2025-09-08 21:40:11.555 - Player: $
[DEBUG] 2025-09-08 21:40:11.556 - Target MapId: -1, ZoneId: -1
[DEBUG] 2025-09-08 21:40:11.556 - >>> ENTERING ChangeMapService.changeMap()
[DEBUG] 2025-09-08 21:40:11.557 - Player: $
[DEBUG] 2025-09-08 21:40:11.557 - Target MapId: -1, ZoneId: -1
[DEBUG] 2025-09-08 21:40:11.557 - >>> ENTERING ChangeMapService.changeMap()
[DEBUG] 2025-09-08 21:40:11.558 - Player: $
[DEBUG] 2025-09-08 21:40:11.558 - Target MapId: -1, ZoneId: -1
[DEBUG] 2025-09-08 21:40:11.558 - >>> ENTERING ChangeMapService.changeMap()
[DEBUG] 2025-09-08 21:40:11.560 - Player: $
[DEBUG] 2025-09-08 21:40:11.561 - Target MapId: -1, ZoneId: -1
[DEBUG] 2025-09-08 21:40:11.561 - >>> ENTERING ChangeMapService.changeMap()
[DEBUG] 2025-09-08 21:40:11.562 - Player: $
[DEBUG] 2025-09-08 21:40:11.562 - Target MapId: -1, ZoneId: -1
[DEBUG] 2025-09-08 21:40:26.014 - >>> ENTERING ChangeMapService.changeMap()
[DEBUG] 2025-09-08 21:40:26.015 - Player: Ca Đít
[DEBUG] 2025-09-08 21:40:26.016 - Target MapId: -1, ZoneId: -1
[DEBUG] 2025-09-08 21:40:26.016 - >>> ENTERING ChangeMapService.changeMap()
[DEBUG] 2025-09-08 21:40:26.017 - Player: Gôcu
[DEBUG] 2025-09-08 21:40:26.018 - Target MapId: -1, ZoneId: -1
[DEBUG] 2025-09-08 21:40:26.019 - >>> ENTERING ChangeMapService.changeMap()
[DEBUG] 2025-09-08 21:40:26.019 - Player: Ca Đít
[DEBUG] 2025-09-08 21:40:26.020 - Target MapId: -1, ZoneId: -1
[DEBUG] 2025-09-08 21:40:26.020 - >>> ENTERING ChangeMapService.changeMap()
[DEBUG] 2025-09-08 21:40:26.020 - Player: Gôcu
[DEBUG] 2025-09-08 21:40:26.021 - Target MapId: -1, ZoneId: -1
[DEBUG] 2025-09-08 21:40:26.022 - >>> ENTERING ChangeMapService.changeMap()
[DEBUG] 2025-09-08 21:40:26.022 - Player: Ca Đít
[DEBUG] 2025-09-08 21:40:26.023 - Target MapId: -1, ZoneId: -1
[DEBUG] 2025-09-08 21:40:26.023 - >>> ENTERING ChangeMapService.changeMap()
[DEBUG] 2025-09-08 21:40:26.024 - Player: Gôcu
[DEBUG] 2025-09-08 21:40:26.024 - Target MapId: -1, ZoneId: -1
[DEBUG] 2025-09-08 21:40:26.025 - >>> ENTERING ChangeMapService.changeMap()
[DEBUG] 2025-09-08 21:40:26.025 - Player: Ca Đít
[DEBUG] 2025-09-08 21:40:26.025 - Target MapId: -1, ZoneId: -1
[DEBUG] 2025-09-08 21:40:26.027 - >>> ENTERING ChangeMapService.changeMap()
[DEBUG] 2025-09-08 21:40:26.028 - Player: Gôcu
[DEBUG] 2025-09-08 21:40:26.028 - Target MapId: -1, ZoneId: -1
[DEBUG] 2025-09-08 21:40:26.029 - >>> ENTERING ChangeMapService.changeMap()
[DEBUG] 2025-09-08 21:40:26.029 - Player: Ca Đít
[DEBUG] 2025-09-08 21:40:26.030 - Target MapId: -1, ZoneId: -1
[DEBUG] 2025-09-08 21:40:26.032 - >>> ENTERING ChangeMapService.changeMap()
[DEBUG] 2025-09-08 21:40:26.034 - Player: Gôcu
[DEBUG] 2025-09-08 21:40:26.035 - Target MapId: -1, ZoneId: -1
[DEBUG] 2025-09-08 21:40:26.036 - >>> ENTERING ChangeMapService.changeMap()
[DEBUG] 2025-09-08 21:40:26.037 - Player: Ca Đít
[DEBUG] 2025-09-08 21:40:26.038 - Target MapId: -1, ZoneId: -1
[DEBUG] 2025-09-08 21:40:26.039 - >>> ENTERING ChangeMapService.changeMap()
[DEBUG] 2025-09-08 21:40:26.039 - Player: Gôcu
[DEBUG] 2025-09-08 21:40:26.039 - Target MapId: -1, ZoneId: -1
[DEBUG] 2025-09-08 21:40:26.040 - >>> ENTERING ChangeMapService.changeMap()
[DEBUG] 2025-09-08 21:40:26.042 - Player: Ca Đít
[DEBUG] 2025-09-08 21:40:26.042 - Target MapId: -1, ZoneId: -1
[DEBUG] 2025-09-08 21:40:26.044 - >>> ENTERING ChangeMapService.changeMap()
[DEBUG] 2025-09-08 21:40:26.044 - Player: Gôcu
[DEBUG] 2025-09-08 21:40:26.045 - Target MapId: -1, ZoneId: -1
[DEBUG] 2025-09-08 21:40:26.046 - >>> ENTERING ChangeMapService.changeMap()
[DEBUG] 2025-09-08 21:40:26.048 - Player: Ca Đít
[DEBUG] 2025-09-08 21:40:26.050 - Target MapId: -1, ZoneId: -1
[DEBUG] 2025-09-08 21:40:26.051 - >>> ENTERING ChangeMapService.changeMap()
[DEBUG] 2025-09-08 21:40:26.052 - Player: Gôcu
[DEBUG] 2025-09-08 21:40:26.053 - Target MapId: -1, ZoneId: -1
[DEBUG] 2025-09-08 21:40:26.055 - >>> ENTERING ChangeMapService.changeMap()
[DEBUG] 2025-09-08 21:40:26.055 - Player: Ca Đít
[DEBUG] 2025-09-08 21:40:26.056 - Target MapId: -1, ZoneId: -1
[DEBUG] 2025-09-08 21:40:26.057 - >>> ENTERING ChangeMapService.changeMap()
[DEBUG] 2025-09-08 21:40:26.057 - Player: Gôcu
[DEBUG] 2025-09-08 21:40:26.057 - Target MapId: -1, ZoneId: -1
[DEBUG] 2025-09-08 21:40:26.326 - >>> ENTERING ChangeMapService.changeMap()
[DEBUG] 2025-09-08 21:40:26.326 - Player: Ca Đít
[DEBUG] 2025-09-08 21:40:26.327 - Target MapId: -1, ZoneId: -1
[DEBUG] 2025-09-08 21:40:26.327 - >>> ENTERING ChangeMapService.changeMap()
[DEBUG] 2025-09-08 21:40:26.327 - Player: Gôcu
[DEBUG] 2025-09-08 21:40:26.328 - Target MapId: -1, ZoneId: -1
[DEBUG] 2025-09-08 21:40:31.853 - >>> ENTERING ChangeMapService.changeMap()
[DEBUG] 2025-09-08 21:40:31.854 - Player: $
[DEBUG] 2025-09-08 21:40:31.856 - Target MapId: -1, ZoneId: -1
[DEBUG] 2025-09-08 21:40:31.856 - >>> ENTERING ChangeMapService.changeMap()
[DEBUG] 2025-09-08 21:40:31.856 - Player: $
[DEBUG] 2025-09-08 21:40:31.857 - Target MapId: -1, ZoneId: -1
[DEBUG] 2025-09-08 21:40:31.857 - >>> ENTERING ChangeMapService.changeMap()
[DEBUG] 2025-09-08 21:40:31.858 - Player: $
[DEBUG] 2025-09-08 21:40:31.858 - Target MapId: -1, ZoneId: -1
[DEBUG] 2025-09-08 21:40:31.859 - >>> ENTERING ChangeMapService.changeMap()
[DEBUG] 2025-09-08 21:40:31.860 - Player: $
[DEBUG] 2025-09-08 21:40:31.860 - Target MapId: -1, ZoneId: -1
[DEBUG] 2025-09-08 21:40:31.861 - >>> ENTERING ChangeMapService.changeMap()
[DEBUG] 2025-09-08 21:40:31.861 - Player: $
[DEBUG] 2025-09-08 21:40:31.861 - Target MapId: -1, ZoneId: -1
[DEBUG] 2025-09-08 21:40:37.362 - >>> ENTERING ChangeMapService.changeMap()
[DEBUG] 2025-09-08 21:40:37.362 - Player: $
[DEBUG] 2025-09-08 21:40:37.363 - Target MapId: -1, ZoneId: -1
[DEBUG] 2025-09-08 21:40:37.363 - >>> ENTERING ChangeMapService.changeMap()
[DEBUG] 2025-09-08 21:40:37.363 - Player: $
[DEBUG] 2025-09-08 21:40:37.364 - Target MapId: -1, ZoneId: -1
[DEBUG] 2025-09-08 21:40:37.364 - >>> ENTERING ChangeMapService.changeMap()
[DEBUG] 2025-09-08 21:40:37.365 - Player: $
[DEBUG] 2025-09-08 21:40:37.366 - Target MapId: -1, ZoneId: -1
[DEBUG] 2025-09-08 21:40:37.367 - >>> ENTERING ChangeMapService.changeMap()
[DEBUG] 2025-09-08 21:40:37.367 - Player: $
[DEBUG] 2025-09-08 21:40:37.368 - Target MapId: -1, ZoneId: -1
[DEBUG] 2025-09-08 21:40:37.369 - >>> ENTERING ChangeMapService.changeMap()
[DEBUG] 2025-09-08 21:40:37.370 - Player: $
[DEBUG] 2025-09-08 21:40:37.371 - Target MapId: -1, ZoneId: -1
[DEBUG] 2025-09-08 21:40:42.682 - >>> ENTERING ChangeMapService.changeMap()
[DEBUG] 2025-09-08 21:40:42.683 - Player: $
[DEBUG] 2025-09-08 21:40:42.684 - Target MapId: -1, ZoneId: -1
[DEBUG] 2025-09-08 21:40:42.684 - >>> ENTERING ChangeMapService.changeMap()
[DEBUG] 2025-09-08 21:40:42.685 - Player: $
[DEBUG] 2025-09-08 21:40:42.686 - Target MapId: -1, ZoneId: -1
[DEBUG] 2025-09-08 21:40:42.686 - >>> ENTERING ChangeMapService.changeMap()
[DEBUG] 2025-09-08 21:40:42.687 - Player: $
[DEBUG] 2025-09-08 21:40:42.687 - Target MapId: -1, ZoneId: -1
[DEBUG] 2025-09-08 21:40:42.687 - >>> ENTERING ChangeMapService.changeMap()
[DEBUG] 2025-09-08 21:40:42.689 - Player: $
[DEBUG] 2025-09-08 21:40:42.689 - Target MapId: -1, ZoneId: -1
[DEBUG] 2025-09-08 21:40:42.689 - >>> ENTERING ChangeMapService.changeMap()
[DEBUG] 2025-09-08 21:40:42.690 - Player: $
[DEBUG] 2025-09-08 21:40:42.690 - Target MapId: -1, ZoneId: -1
[DEBUG] 2025-09-08 21:40:49.857 - >>> ENTERING ChangeMapService.changeMap()
[DEBUG] 2025-09-08 21:40:49.858 - Player: $
[DEBUG] 2025-09-08 21:40:49.859 - Target MapId: -1, ZoneId: -1
[DEBUG] 2025-09-08 21:40:49.860 - >>> ENTERING ChangeMapService.changeMap()
[DEBUG] 2025-09-08 21:40:49.860 - Player: $
[DEBUG] 2025-09-08 21:40:49.861 - Target MapId: -1, ZoneId: -1
[DEBUG] 2025-09-08 21:40:49.863 - >>> ENTERING ChangeMapService.changeMap()
[DEBUG] 2025-09-08 21:40:49.864 - Player: $
[DEBUG] 2025-09-08 21:40:49.865 - Target MapId: -1, ZoneId: -1
[DEBUG] 2025-09-08 21:40:49.867 - >>> ENTERING ChangeMapService.changeMap()
[DEBUG] 2025-09-08 21:40:49.867 - Player: $
[DEBUG] 2025-09-08 21:40:49.868 - Target MapId: -1, ZoneId: -1
[DEBUG] 2025-09-08 21:40:49.870 - >>> ENTERING ChangeMapService.changeMap()
[DEBUG] 2025-09-08 21:40:49.870 - Player: $
[DEBUG] 2025-09-08 21:40:49.871 - Target MapId: -1, ZoneId: -1
[DEBUG] 2025-09-08 21:40:55.142 - >>> ENTERING ChangeMapService.changeMap()
[DEBUG] 2025-09-08 21:40:55.143 - Player: $
[DEBUG] 2025-09-08 21:40:55.144 - Target MapId: -1, ZoneId: -1
[DEBUG] 2025-09-08 21:40:55.145 - >>> ENTERING ChangeMapService.changeMap()
[DEBUG] 2025-09-08 21:40:55.145 - Player: $
[DEBUG] 2025-09-08 21:40:55.146 - Target MapId: -1, ZoneId: -1
[DEBUG] 2025-09-08 21:40:55.148 - >>> ENTERING ChangeMapService.changeMap()
[DEBUG] 2025-09-08 21:40:55.149 - Player: $
[DEBUG] 2025-09-08 21:40:55.150 - Target MapId: -1, ZoneId: -1
[DEBUG] 2025-09-08 21:40:55.150 - >>> ENTERING ChangeMapService.changeMap()
[DEBUG] 2025-09-08 21:40:55.150 - Player: $
[DEBUG] 2025-09-08 21:40:55.151 - Target MapId: -1, ZoneId: -1
[DEBUG] 2025-09-08 21:40:55.152 - >>> ENTERING ChangeMapService.changeMap()
[DEBUG] 2025-09-08 21:40:55.152 - Player: $
[DEBUG] 2025-09-08 21:40:55.153 - Target MapId: -1, ZoneId: -1
[DEBUG] 2025-09-08 21:41:24.635 - >>> ENTERING ChangeMapService.changeMap()
[DEBUG] 2025-09-08 21:41:24.635 - Player: $
[DEBUG] 2025-09-08 21:41:24.636 - Target MapId: -1, ZoneId: -1
[DEBUG] 2025-09-08 21:41:24.636 - >>> ENTERING ChangeMapService.changeMap()
[DEBUG] 2025-09-08 21:41:24.637 - Player: $
[DEBUG] 2025-09-08 21:41:24.637 - Target MapId: -1, ZoneId: -1
[DEBUG] 2025-09-08 21:41:24.637 - >>> ENTERING ChangeMapService.changeMap()
[DEBUG] 2025-09-08 21:41:24.638 - Player: $
[DEBUG] 2025-09-08 21:41:24.638 - Target MapId: -1, ZoneId: -1
[DEBUG] 2025-09-08 21:41:24.638 - >>> ENTERING ChangeMapService.changeMap()
[DEBUG] 2025-09-08 21:41:24.640 - Player: $
[DEBUG] 2025-09-08 21:41:24.640 - Target MapId: -1, ZoneId: -1
[DEBUG] 2025-09-08 21:41:24.641 - >>> ENTERING ChangeMapService.changeMap()
[DEBUG] 2025-09-08 21:41:24.641 - Player: $
[DEBUG] 2025-09-08 21:41:24.642 - Target MapId: -1, ZoneId: -1
[DEBUG] 2025-09-08 21:41:42.444 - >>> ENTERING ChangeMapService.changeMap()
[DEBUG] 2025-09-08 21:41:42.448 - Player: $
[DEBUG] 2025-09-08 21:41:42.449 - Target MapId: -1, ZoneId: -1
[DEBUG] 2025-09-08 21:41:42.450 - >>> ENTERING ChangeMapService.changeMap()
[DEBUG] 2025-09-08 21:41:42.451 - Player: $
[DEBUG] 2025-09-08 21:41:42.452 - Target MapId: -1, ZoneId: -1
[DEBUG] 2025-09-08 21:41:42.452 - >>> ENTERING ChangeMapService.changeMap()
[DEBUG] 2025-09-08 21:41:42.453 - Player: $
[DEBUG] 2025-09-08 21:41:42.454 - Target MapId: -1, ZoneId: -1
[DEBUG] 2025-09-08 21:41:42.455 - >>> ENTERING ChangeMapService.changeMap()
[DEBUG] 2025-09-08 21:41:42.455 - Player: $
[DEBUG] 2025-09-08 21:41:42.456 - Target MapId: -1, ZoneId: -1
[DEBUG] 2025-09-08 21:41:42.457 - >>> ENTERING ChangeMapService.changeMap()
[DEBUG] 2025-09-08 21:41:42.458 - Player: $
[DEBUG] 2025-09-08 21:41:42.458 - Target MapId: -1, ZoneId: -1
[DEBUG] 2025-09-08 21:44:25.496 - >>> ENTERING ChangeMapService.changeMap()
[DEBUG] 2025-09-08 21:44:25.497 - Player: null
[DEBUG] 2025-09-08 21:44:25.497 - Target MapId: -1, ZoneId: -1
[DEBUG] 2025-09-08 21:44:25.499 - >>> ENTERING ChangeMapService.changeMap()
[DEBUG] 2025-09-08 21:44:25.499 - Player: null
[DEBUG] 2025-09-08 21:44:25.499 - Target MapId: -1, ZoneId: -1
[DEBUG] 2025-09-08 21:44:25.501 - >>> ENTERING ChangeMapService.changeMap()
[DEBUG] 2025-09-08 21:44:25.501 - Player: null
[DEBUG] 2025-09-08 21:44:25.501 - Target MapId: -1, ZoneId: -1
[DEBUG] 2025-09-08 21:44:25.501 - >>> ENTERING ChangeMapService.changeMap()
[DEBUG] 2025-09-08 21:44:25.501 - Player: null
[DEBUG] 2025-09-08 21:44:25.501 - Target MapId: -1, ZoneId: -1
[DEBUG] 2025-09-08 21:44:25.502 - >>> ENTERING ChangeMapService.changeMap()
[DEBUG] 2025-09-08 21:44:25.502 - Player: null
[DEBUG] 2025-09-08 21:44:25.502 - Target MapId: -1, ZoneId: -1
[DEBUG] 2025-09-08 21:44:25.503 - >>> ENTERING ChangeMapService.changeMap()
[DEBUG] 2025-09-08 21:44:25.503 - Player: null
[DEBUG] 2025-09-08 21:44:25.504 - Target MapId: -1, ZoneId: -1
[DEBUG] 2025-09-08 21:44:25.504 - >>> ENTERING ChangeMapService.changeMap()
[DEBUG] 2025-09-08 21:44:25.505 - Player: null
[DEBUG] 2025-09-08 21:44:25.505 - Target MapId: -1, ZoneId: -1
[DEBUG] 2025-09-08 21:44:25.505 - >>> ENTERING ChangeMapService.changeMap()
[DEBUG] 2025-09-08 21:44:25.506 - Player: null
[DEBUG] 2025-09-08 21:44:25.506 - Target MapId: -1, ZoneId: -1
[DEBUG] 2025-09-08 21:44:25.506 - >>> ENTERING ChangeMapService.changeMap()
[DEBUG] 2025-09-08 21:44:25.506 - Player: null
[DEBUG] 2025-09-08 21:44:25.507 - Target MapId: -1, ZoneId: -1
[DEBUG] 2025-09-08 21:44:25.507 - >>> ENTERING ChangeMapService.changeMap()
[DEBUG] 2025-09-08 21:44:25.508 - Player: null
[DEBUG] 2025-09-08 21:44:25.508 - Target MapId: -1, ZoneId: -1
[DEBUG] 2025-09-08 21:44:25.508 - >>> ENTERING ChangeMapService.changeMap()
[DEBUG] 2025-09-08 21:44:25.508 - Player: null
[DEBUG] 2025-09-08 21:44:25.508 - Target MapId: -1, ZoneId: -1
[DEBUG] 2025-09-08 21:44:25.510 - >>> ENTERING ChangeMapService.changeMap()
[DEBUG] 2025-09-08 21:44:25.510 - Player: null
[DEBUG] 2025-09-08 21:44:25.511 - Target MapId: -1, ZoneId: -1
[DEBUG] 2025-09-08 21:44:25.511 - >>> ENTERING ChangeMapService.changeMap()
[DEBUG] 2025-09-08 21:44:25.511 - Player: null
[DEBUG] 2025-09-08 21:44:25.512 - Target MapId: -1, ZoneId: -1
[DEBUG] 2025-09-08 21:44:25.512 - >>> ENTERING ChangeMapService.changeMap()
[DEBUG] 2025-09-08 21:44:25.512 - Player: null
[DEBUG] 2025-09-08 21:44:25.512 - Target MapId: -1, ZoneId: -1
[DEBUG] 2025-09-08 21:44:25.513 - >>> ENTERING ChangeMapService.changeMap()
[DEBUG] 2025-09-08 21:44:25.513 - Player: null
[DEBUG] 2025-09-08 21:44:25.513 - Target MapId: -1, ZoneId: -1
[DEBUG] 2025-09-08 21:44:25.513 - >>> ENTERING ChangeMapService.changeMap()
[DEBUG] 2025-09-08 21:44:25.513 - Player: null
[DEBUG] 2025-09-08 21:44:25.514 - Target MapId: -1, ZoneId: -1
[DEBUG] 2025-09-08 21:44:25.514 - >>> ENTERING ChangeMapService.changeMap()
[DEBUG] 2025-09-08 21:44:25.514 - Player: null
[DEBUG] 2025-09-08 21:44:25.515 - Target MapId: -1, ZoneId: -1
[DEBUG] 2025-09-08 21:44:25.515 - >>> ENTERING ChangeMapService.changeMap()
[DEBUG] 2025-09-08 21:44:25.515 - Player: null
[DEBUG] 2025-09-08 21:44:25.515 - Target MapId: -1, ZoneId: -1
[DEBUG] 2025-09-08 21:44:25.516 - >>> ENTERING ChangeMapService.changeMap()
[DEBUG] 2025-09-08 21:44:25.516 - Player: null
[DEBUG] 2025-09-08 21:44:25.516 - Target MapId: -1, ZoneId: -1
[DEBUG] 2025-09-08 21:44:25.516 - >>> ENTERING ChangeMapService.changeMap()
[DEBUG] 2025-09-08 21:44:25.517 - Player: null
[DEBUG] 2025-09-08 21:44:25.517 - Target MapId: -1, ZoneId: -1
[DEBUG] 2025-09-08 21:44:25.517 - >>> ENTERING ChangeMapService.changeMap()
[DEBUG] 2025-09-08 21:44:25.517 - Player: null
[DEBUG] 2025-09-08 21:44:25.518 - Target MapId: -1, ZoneId: -1
[DEBUG] 2025-09-08 21:44:25.518 - >>> ENTERING ChangeMapService.changeMap()
[DEBUG] 2025-09-08 21:44:25.518 - Player: null
[DEBUG] 2025-09-08 21:44:25.519 - Target MapId: -1, ZoneId: -1
[DEBUG] 2025-09-08 21:44:25.519 - >>> ENTERING ChangeMapService.changeMap()
[DEBUG] 2025-09-08 21:44:25.519 - Player: null
[DEBUG] 2025-09-08 21:44:25.520 - Target MapId: -1, ZoneId: -1
[DEBUG] 2025-09-08 21:44:25.520 - >>> ENTERING ChangeMapService.changeMap()
[DEBUG] 2025-09-08 21:44:25.520 - Player: null
[DEBUG] 2025-09-08 21:44:25.520 - Target MapId: -1, ZoneId: -1
[DEBUG] 2025-09-08 21:44:25.521 - >>> ENTERING ChangeMapService.changeMap()
[DEBUG] 2025-09-08 21:44:25.521 - Player: null
[DEBUG] 2025-09-08 21:44:25.522 - Target MapId: -1, ZoneId: -1
[DEBUG] 2025-09-08 21:44:25.522 - >>> ENTERING ChangeMapService.changeMap()
[DEBUG] 2025-09-08 21:44:25.522 - Player: null
[DEBUG] 2025-09-08 21:44:25.522 - Target MapId: -1, ZoneId: -1
[DEBUG] 2025-09-08 21:44:25.523 - >>> ENTERING ChangeMapService.changeMap()
[DEBUG] 2025-09-08 21:44:25.523 - Player: null
[DEBUG] 2025-09-08 21:44:25.524 - Target MapId: -1, ZoneId: -1
[DEBUG] 2025-09-08 21:44:25.524 - >>> ENTERING ChangeMapService.changeMap()
[DEBUG] 2025-09-08 21:44:25.525 - Player: null
[DEBUG] 2025-09-08 21:44:25.525 - Target MapId: -1, ZoneId: -1
[DEBUG] 2025-09-08 21:44:25.525 - >>> ENTERING ChangeMapService.changeMap()
[DEBUG] 2025-09-08 21:44:25.526 - Player: null
[DEBUG] 2025-09-08 21:44:25.526 - Target MapId: -1, ZoneId: -1
[DEBUG] 2025-09-08 21:44:25.526 - >>> ENTERING ChangeMapService.changeMap()
[DEBUG] 2025-09-08 21:44:25.527 - Player: null
[DEBUG] 2025-09-08 21:44:25.527 - Target MapId: -1, ZoneId: -1
[DEBUG] 2025-09-08 21:44:25.527 - >>> ENTERING ChangeMapService.changeMap()
[DEBUG] 2025-09-08 21:44:25.528 - Player: null
[DEBUG] 2025-09-08 21:44:25.528 - Target MapId: -1, ZoneId: -1
[DEBUG] 2025-09-08 21:44:25.528 - >>> ENTERING ChangeMapService.changeMap()
[DEBUG] 2025-09-08 21:44:25.528 - Player: null
[DEBUG] 2025-09-08 21:44:25.529 - Target MapId: -1, ZoneId: -1
[DEBUG] 2025-09-08 21:44:25.529 - >>> ENTERING ChangeMapService.changeMap()
[DEBUG] 2025-09-08 21:44:25.529 - Player: null
[DEBUG] 2025-09-08 21:44:25.529 - Target MapId: -1, ZoneId: -1
[DEBUG] 2025-09-08 21:44:25.530 - >>> ENTERING ChangeMapService.changeMap()
[DEBUG] 2025-09-08 21:44:25.530 - Player: null
[DEBUG] 2025-09-08 21:44:25.530 - Target MapId: -1, ZoneId: -1
[DEBUG] 2025-09-08 21:44:25.530 - >>> ENTERING ChangeMapService.changeMap()
[DEBUG] 2025-09-08 21:44:25.531 - Player: null
[DEBUG] 2025-09-08 21:44:25.531 - Target MapId: -1, ZoneId: -1
[DEBUG] 2025-09-08 21:44:25.532 - >>> ENTERING ChangeMapService.changeMap()
[DEBUG] 2025-09-08 21:44:25.532 - Player: null
[DEBUG] 2025-09-08 21:44:25.532 - Target MapId: -1, ZoneId: -1
[DEBUG] 2025-09-08 21:44:25.533 - >>> ENTERING ChangeMapService.changeMap()
[DEBUG] 2025-09-08 21:44:25.533 - Player: null
[DEBUG] 2025-09-08 21:44:25.533 - Target MapId: -1, ZoneId: -1
[DEBUG] 2025-09-08 21:44:25.533 - >>> ENTERING ChangeMapService.changeMap()
[DEBUG] 2025-09-08 21:44:25.534 - Player: null
[DEBUG] 2025-09-08 21:44:25.534 - Target MapId: -1, ZoneId: -1
[DEBUG] 2025-09-08 21:44:25.534 - >>> ENTERING ChangeMapService.changeMap()
[DEBUG] 2025-09-08 21:44:25.534 - Player: null
[DEBUG] 2025-09-08 21:44:25.534 - Target MapId: -1, ZoneId: -1
[DEBUG] 2025-09-08 21:44:25.534 - >>> ENTERING ChangeMapService.changeMap()
[DEBUG] 2025-09-08 21:44:25.535 - Player: null
[DEBUG] 2025-09-08 21:44:25.535 - Target MapId: -1, ZoneId: -1
[DEBUG] 2025-09-08 21:44:25.535 - >>> ENTERING ChangeMapService.changeMap()
[DEBUG] 2025-09-08 21:44:25.536 - Player: null
[DEBUG] 2025-09-08 21:44:25.537 - Target MapId: -1, ZoneId: -1
[DEBUG] 2025-09-08 21:44:25.537 - >>> ENTERING ChangeMapService.changeMap()
[DEBUG] 2025-09-08 21:44:25.538 - Player: null
[DEBUG] 2025-09-08 21:44:25.539 - Target MapId: -1, ZoneId: -1
[DEBUG] 2025-09-08 21:44:25.540 - >>> ENTERING ChangeMapService.changeMap()
[DEBUG] 2025-09-08 21:44:25.540 - Player: null
[DEBUG] 2025-09-08 21:44:25.541 - Target MapId: -1, ZoneId: -1
[DEBUG] 2025-09-08 21:44:25.542 - >>> ENTERING ChangeMapService.changeMap()
[DEBUG] 2025-09-08 21:44:25.543 - Player: null
[DEBUG] 2025-09-08 21:44:25.543 - Target MapId: -1, ZoneId: -1
[DEBUG] 2025-09-08 21:44:25.544 - >>> ENTERING ChangeMapService.changeMap()
[DEBUG] 2025-09-08 21:44:25.545 - Player: null
[DEBUG] 2025-09-08 21:44:25.545 - Target MapId: -1, ZoneId: -1
[DEBUG] 2025-09-08 21:44:25.546 - >>> ENTERING ChangeMapService.changeMap()
[DEBUG] 2025-09-08 21:44:25.546 - Player: null
[DEBUG] 2025-09-08 21:44:25.547 - Target MapId: -1, ZoneId: -1
[DEBUG] 2025-09-08 21:44:25.548 - >>> ENTERING ChangeMapService.changeMap()
[DEBUG] 2025-09-08 21:44:25.548 - Player: null
[DEBUG] 2025-09-08 21:44:25.548 - Target MapId: -1, ZoneId: -1
[DEBUG] 2025-09-08 21:44:25.550 - >>> ENTERING ChangeMapService.changeMap()
[DEBUG] 2025-09-08 21:44:25.551 - Player: null
[DEBUG] 2025-09-08 21:44:25.551 - Target MapId: -1, ZoneId: -1
[DEBUG] 2025-09-08 21:44:25.551 - >>> ENTERING ChangeMapService.changeMap()
[DEBUG] 2025-09-08 21:44:25.552 - Player: null
[DEBUG] 2025-09-08 21:44:25.553 - Target MapId: -1, ZoneId: -1
[DEBUG] 2025-09-08 21:44:25.553 - >>> ENTERING ChangeMapService.changeMap()
[DEBUG] 2025-09-08 21:44:25.554 - Player: null
[DEBUG] 2025-09-08 21:44:25.554 - Target MapId: -1, ZoneId: -1
[DEBUG] 2025-09-08 21:44:25.555 - >>> ENTERING ChangeMapService.changeMap()
[DEBUG] 2025-09-08 21:44:25.555 - Player: null
[DEBUG] 2025-09-08 21:44:25.556 - Target MapId: -1, ZoneId: -1
[DEBUG] 2025-09-08 21:44:25.557 - >>> ENTERING ChangeMapService.changeMap()
[DEBUG] 2025-09-08 21:44:25.557 - Player: null
[DEBUG] 2025-09-08 21:44:25.557 - Target MapId: -1, ZoneId: -1
[DEBUG] 2025-09-08 21:44:25.558 - >>> ENTERING ChangeMapService.changeMap()
[DEBUG] 2025-09-08 21:44:25.558 - Player: null
[DEBUG] 2025-09-08 21:44:25.558 - Target MapId: -1, ZoneId: -1
[DEBUG] 2025-09-08 21:44:25.558 - >>> ENTERING ChangeMapService.changeMap()
[DEBUG] 2025-09-08 21:44:25.558 - Player: null
[DEBUG] 2025-09-08 21:44:25.558 - Target MapId: -1, ZoneId: -1
[DEBUG] 2025-09-08 21:44:25.560 - >>> ENTERING ChangeMapService.changeMap()
[DEBUG] 2025-09-08 21:44:25.560 - Player: null
[DEBUG] 2025-09-08 21:44:25.560 - Target MapId: -1, ZoneId: -1
[DEBUG] 2025-09-08 21:44:25.561 - >>> ENTERING ChangeMapService.changeMap()
[DEBUG] 2025-09-08 21:44:25.562 - Player: null
[DEBUG] 2025-09-08 21:44:25.562 - Target MapId: -1, ZoneId: -1
[DEBUG] 2025-09-08 21:44:25.563 - >>> ENTERING ChangeMapService.changeMap()
[DEBUG] 2025-09-08 21:44:25.563 - Player: null
[DEBUG] 2025-09-08 21:44:25.563 - Target MapId: -1, ZoneId: -1
[DEBUG] 2025-09-08 21:44:25.563 - >>> ENTERING ChangeMapService.changeMap()
[DEBUG] 2025-09-08 21:44:25.564 - Player: null
[DEBUG] 2025-09-08 21:44:25.564 - Target MapId: -1, ZoneId: -1
[DEBUG] 2025-09-08 21:44:25.564 - >>> ENTERING ChangeMapService.changeMap()
[DEBUG] 2025-09-08 21:44:25.564 - Player: null
[DEBUG] 2025-09-08 21:44:25.565 - Target MapId: -1, ZoneId: -1
[DEBUG] 2025-09-08 21:44:25.565 - >>> ENTERING ChangeMapService.changeMap()
[DEBUG] 2025-09-08 21:44:25.565 - Player: null
[DEBUG] 2025-09-08 21:44:25.565 - Target MapId: -1, ZoneId: -1
[DEBUG] 2025-09-08 21:44:25.565 - >>> ENTERING ChangeMapService.changeMap()
[DEBUG] 2025-09-08 21:44:25.566 - Player: null
[DEBUG] 2025-09-08 21:44:25.566 - Target MapId: -1, ZoneId: -1
[DEBUG] 2025-09-08 21:44:25.566 - >>> ENTERING ChangeMapService.changeMap()
[DEBUG] 2025-09-08 21:44:25.566 - Player: null
[DEBUG] 2025-09-08 21:44:25.566 - Target MapId: -1, ZoneId: -1
[DEBUG] 2025-09-08 21:44:25.567 - >>> ENTERING ChangeMapService.changeMap()
[DEBUG] 2025-09-08 21:44:25.567 - Player: null
[DEBUG] 2025-09-08 21:44:25.567 - Target MapId: -1, ZoneId: -1
[DEBUG] 2025-09-08 21:44:25.567 - >>> ENTERING ChangeMapService.changeMap()
[DEBUG] 2025-09-08 21:44:25.567 - Player: null
[DEBUG] 2025-09-08 21:44:25.568 - Target MapId: -1, ZoneId: -1
[DEBUG] 2025-09-08 21:44:25.568 - >>> ENTERING ChangeMapService.changeMap()
[DEBUG] 2025-09-08 21:44:25.568 - Player: null
[DEBUG] 2025-09-08 21:44:25.568 - Target MapId: -1, ZoneId: -1
[DEBUG] 2025-09-08 21:44:25.569 - >>> ENTERING ChangeMapService.changeMap()
[DEBUG] 2025-09-08 21:44:25.570 - Player: null
[DEBUG] 2025-09-08 21:44:25.570 - Target MapId: -1, ZoneId: -1
[DEBUG] 2025-09-08 21:44:25.572 - >>> ENTERING ChangeMapService.changeMap()
[DEBUG] 2025-09-08 21:44:25.573 - Player: null
[DEBUG] 2025-09-08 21:44:25.573 - Target MapId: -1, ZoneId: -1
[DEBUG] 2025-09-08 21:44:25.574 - >>> ENTERING ChangeMapService.changeMap()
[DEBUG] 2025-09-08 21:44:25.574 - Player: null
[DEBUG] 2025-09-08 21:44:25.575 - Target MapId: -1, ZoneId: -1
[DEBUG] 2025-09-08 21:44:25.575 - >>> ENTERING ChangeMapService.changeMap()
[DEBUG] 2025-09-08 21:44:25.576 - Player: null
[DEBUG] 2025-09-08 21:44:25.577 - Target MapId: -1, ZoneId: -1
[DEBUG] 2025-09-08 21:44:25.577 - >>> ENTERING ChangeMapService.changeMap()
[DEBUG] 2025-09-08 21:44:25.578 - Player: null
[DEBUG] 2025-09-08 21:44:25.578 - Target MapId: -1, ZoneId: -1
[DEBUG] 2025-09-08 21:44:25.578 - >>> ENTERING ChangeMapService.changeMap()
[DEBUG] 2025-09-08 21:44:25.578 - Player: null
[DEBUG] 2025-09-08 21:44:25.579 - Target MapId: -1, ZoneId: -1
[DEBUG] 2025-09-08 21:44:25.579 - >>> ENTERING ChangeMapService.changeMap()
[DEBUG] 2025-09-08 21:44:25.579 - Player: null
[DEBUG] 2025-09-08 21:44:25.579 - Target MapId: -1, ZoneId: -1
[DEBUG] 2025-09-08 21:44:25.581 - >>> ENTERING ChangeMapService.changeMap()
[DEBUG] 2025-09-08 21:44:25.581 - Player: null
[DEBUG] 2025-09-08 21:44:25.581 - Target MapId: -1, ZoneId: -1
[DEBUG] 2025-09-08 21:44:25.581 - >>> ENTERING ChangeMapService.changeMap()
[DEBUG] 2025-09-08 21:44:25.582 - Player: null
[DEBUG] 2025-09-08 21:44:25.582 - Target MapId: -1, ZoneId: -1
[DEBUG] 2025-09-08 21:44:25.583 - >>> ENTERING ChangeMapService.changeMap()
[DEBUG] 2025-09-08 21:44:25.584 - Player: null
[DEBUG] 2025-09-08 21:44:25.584 - Target MapId: -1, ZoneId: -1
[DEBUG] 2025-09-08 21:44:25.585 - >>> ENTERING ChangeMapService.changeMap()
[DEBUG] 2025-09-08 21:44:25.585 - Player: null
[DEBUG] 2025-09-08 21:44:25.586 - Target MapId: -1, ZoneId: -1
[DEBUG] 2025-09-08 21:44:25.587 - >>> ENTERING ChangeMapService.changeMap()
[DEBUG] 2025-09-08 21:44:25.587 - Player: null
[DEBUG] 2025-09-08 21:44:25.588 - Target MapId: -1, ZoneId: -1
[DEBUG] 2025-09-08 21:44:25.589 - >>> ENTERING ChangeMapService.changeMap()
[DEBUG] 2025-09-08 21:44:25.589 - Player: null
[DEBUG] 2025-09-08 21:44:25.589 - Target MapId: -1, ZoneId: -1
[DEBUG] 2025-09-08 21:44:25.590 - >>> ENTERING ChangeMapService.changeMap()
[DEBUG] 2025-09-08 21:44:25.590 - Player: null
[DEBUG] 2025-09-08 21:44:25.590 - Target MapId: -1, ZoneId: -1
[DEBUG] 2025-09-08 21:44:25.591 - >>> ENTERING ChangeMapService.changeMap()
[DEBUG] 2025-09-08 21:44:25.591 - Player: null
[DEBUG] 2025-09-08 21:44:25.591 - Target MapId: -1, ZoneId: -1
[DEBUG] 2025-09-08 21:44:25.591 - >>> ENTERING ChangeMapService.changeMap()
[DEBUG] 2025-09-08 21:44:25.592 - Player: null
[DEBUG] 2025-09-08 21:44:25.592 - Target MapId: -1, ZoneId: -1
[DEBUG] 2025-09-08 21:44:25.592 - >>> ENTERING ChangeMapService.changeMap()
[DEBUG] 2025-09-08 21:44:25.592 - Player: null
[DEBUG] 2025-09-08 21:44:25.593 - Target MapId: -1, ZoneId: -1
[DEBUG] 2025-09-08 21:44:25.593 - >>> ENTERING ChangeMapService.changeMap()
[DEBUG] 2025-09-08 21:44:25.593 - Player: null
[DEBUG] 2025-09-08 21:44:25.594 - Target MapId: -1, ZoneId: -1
[DEBUG] 2025-09-08 21:44:25.594 - >>> ENTERING ChangeMapService.changeMap()
[DEBUG] 2025-09-08 21:44:25.595 - Player: null
[DEBUG] 2025-09-08 21:44:25.596 - Target MapId: -1, ZoneId: -1
[DEBUG] 2025-09-08 21:44:25.597 - >>> ENTERING ChangeMapService.changeMap()
[DEBUG] 2025-09-08 21:44:25.597 - Player: null
[DEBUG] 2025-09-08 21:44:25.598 - Target MapId: -1, ZoneId: -1
[DEBUG] 2025-09-08 21:44:25.598 - >>> ENTERING ChangeMapService.changeMap()
[DEBUG] 2025-09-08 21:44:25.598 - Player: null
[DEBUG] 2025-09-08 21:44:25.600 - Target MapId: -1, ZoneId: -1
[DEBUG] 2025-09-08 21:44:25.601 - >>> ENTERING ChangeMapService.changeMap()
[DEBUG] 2025-09-08 21:44:25.601 - Player: null
[DEBUG] 2025-09-08 21:44:25.602 - Target MapId: -1, ZoneId: -1
[DEBUG] 2025-09-08 21:44:25.603 - >>> ENTERING ChangeMapService.changeMap()
[DEBUG] 2025-09-08 21:44:25.604 - Player: null
[DEBUG] 2025-09-08 21:44:25.604 - Target MapId: -1, ZoneId: -1
[DEBUG] 2025-09-08 21:44:25.605 - >>> ENTERING ChangeMapService.changeMap()
[DEBUG] 2025-09-08 21:44:25.605 - Player: null
[DEBUG] 2025-09-08 21:44:25.606 - Target MapId: -1, ZoneId: -1
[DEBUG] 2025-09-08 21:44:25.606 - >>> ENTERING ChangeMapService.changeMap()
[DEBUG] 2025-09-08 21:44:25.607 - Player: null
[DEBUG] 2025-09-08 21:44:25.607 - Target MapId: -1, ZoneId: -1
[DEBUG] 2025-09-08 21:44:25.608 - >>> ENTERING ChangeMapService.changeMap()
[DEBUG] 2025-09-08 21:44:25.608 - Player: null
[DEBUG] 2025-09-08 21:44:25.609 - Target MapId: -1, ZoneId: -1
[DEBUG] 2025-09-08 21:44:25.611 - >>> ENTERING ChangeMapService.changeMap()
[DEBUG] 2025-09-08 21:44:25.612 - Player: null
[DEBUG] 2025-09-08 21:44:25.612 - Target MapId: -1, ZoneId: -1
[DEBUG] 2025-09-08 21:44:25.613 - >>> ENTERING ChangeMapService.changeMap()
[DEBUG] 2025-09-08 21:44:25.613 - Player: null
[DEBUG] 2025-09-08 21:44:25.614 - Target MapId: -1, ZoneId: -1
[DEBUG] 2025-09-08 21:44:25.615 - >>> ENTERING ChangeMapService.changeMap()
[DEBUG] 2025-09-08 21:44:25.615 - Player: null
[DEBUG] 2025-09-08 21:44:25.616 - Target MapId: -1, ZoneId: -1
[DEBUG] 2025-09-08 21:44:25.616 - >>> ENTERING ChangeMapService.changeMap()
[DEBUG] 2025-09-08 21:44:25.617 - Player: null
[DEBUG] 2025-09-08 21:44:25.617 - Target MapId: -1, ZoneId: -1
[DEBUG] 2025-09-08 21:44:25.618 - >>> ENTERING ChangeMapService.changeMap()
[DEBUG] 2025-09-08 21:44:25.618 - Player: null
[DEBUG] 2025-09-08 21:44:25.619 - Target MapId: -1, ZoneId: -1
[DEBUG] 2025-09-08 21:44:25.620 - >>> ENTERING ChangeMapService.changeMap()
[DEBUG] 2025-09-08 21:44:25.620 - Player: null
[DEBUG] 2025-09-08 21:44:25.621 - Target MapId: -1, ZoneId: -1
[DEBUG] 2025-09-08 21:44:25.621 - >>> ENTERING ChangeMapService.changeMap()
[DEBUG] 2025-09-08 21:44:25.622 - Player: null
[DEBUG] 2025-09-08 21:44:25.622 - Target MapId: -1, ZoneId: -1
[DEBUG] 2025-09-08 21:44:25.623 - >>> ENTERING ChangeMapService.changeMap()
[DEBUG] 2025-09-08 21:44:25.623 - Player: null
[DEBUG] 2025-09-08 21:44:25.624 - Target MapId: -1, ZoneId: -1
[DEBUG] 2025-09-08 21:44:25.625 - >>> ENTERING ChangeMapService.changeMap()
[DEBUG] 2025-09-08 21:44:25.625 - Player: null
[DEBUG] 2025-09-08 21:44:25.626 - Target MapId: -1, ZoneId: -1
[DEBUG] 2025-09-08 21:44:25.628 - >>> ENTERING ChangeMapService.changeMap()
[DEBUG] 2025-09-08 21:44:25.629 - Player: null
[DEBUG] 2025-09-08 21:44:25.629 - Target MapId: -1, ZoneId: -1
[DEBUG] 2025-09-08 21:44:25.630 - >>> ENTERING ChangeMapService.changeMap()
[DEBUG] 2025-09-08 21:44:25.630 - Player: null
[DEBUG] 2025-09-08 21:44:25.631 - Target MapId: -1, ZoneId: -1
[DEBUG] 2025-09-08 21:44:25.631 - >>> ENTERING ChangeMapService.changeMap()
[DEBUG] 2025-09-08 21:44:25.632 - Player: null
[DEBUG] 2025-09-08 21:44:25.632 - Target MapId: -1, ZoneId: -1
[DEBUG] 2025-09-08 21:44:25.633 - >>> ENTERING ChangeMapService.changeMap()
[DEBUG] 2025-09-08 21:44:25.634 - Player: null
[DEBUG] 2025-09-08 21:44:25.634 - Target MapId: -1, ZoneId: -1
[DEBUG] 2025-09-08 21:44:25.635 - >>> ENTERING ChangeMapService.changeMap()
[DEBUG] 2025-09-08 21:44:25.635 - Player: null
[DEBUG] 2025-09-08 21:44:25.637 - Target MapId: -1, ZoneId: -1
[DEBUG] 2025-09-08 21:44:25.638 - >>> ENTERING ChangeMapService.changeMap()
[DEBUG] 2025-09-08 21:44:25.638 - Player: null
[DEBUG] 2025-09-08 21:44:25.638 - Target MapId: -1, ZoneId: -1
[DEBUG] 2025-09-08 21:44:25.639 - >>> ENTERING ChangeMapService.changeMap()
[DEBUG] 2025-09-08 21:44:25.640 - Player: null
[DEBUG] 2025-09-08 21:44:25.640 - Target MapId: -1, ZoneId: -1
[DEBUG] 2025-09-08 21:44:25.641 - >>> ENTERING ChangeMapService.changeMap()
[DEBUG] 2025-09-08 21:44:25.641 - Player: null
[DEBUG] 2025-09-08 21:44:25.642 - Target MapId: -1, ZoneId: -1
[DEBUG] 2025-09-08 21:44:25.643 - >>> ENTERING ChangeMapService.changeMap()
[DEBUG] 2025-09-08 21:44:25.643 - Player: null
[DEBUG] 2025-09-08 21:44:25.644 - Target MapId: -1, ZoneId: -1
[DEBUG] 2025-09-08 21:44:25.644 - >>> ENTERING ChangeMapService.changeMap()
[DEBUG] 2025-09-08 21:44:25.645 - Player: null
[DEBUG] 2025-09-08 21:44:25.645 - Target MapId: -1, ZoneId: -1
[DEBUG] 2025-09-08 21:44:25.646 - >>> ENTERING ChangeMapService.changeMap()
[DEBUG] 2025-09-08 21:44:25.646 - Player: null
[DEBUG] 2025-09-08 21:44:25.647 - Target MapId: -1, ZoneId: -1
[DEBUG] 2025-09-08 21:44:25.648 - >>> ENTERING ChangeMapService.changeMap()
[DEBUG] 2025-09-08 21:44:25.648 - Player: null
[DEBUG] 2025-09-08 21:44:25.648 - Target MapId: -1, ZoneId: -1
[DEBUG] 2025-09-08 21:44:25.650 - >>> ENTERING ChangeMapService.changeMap()
[DEBUG] 2025-09-08 21:44:25.650 - Player: null
[DEBUG] 2025-09-08 21:44:25.651 - Target MapId: -1, ZoneId: -1
[DEBUG] 2025-09-08 21:44:25.651 - >>> ENTERING ChangeMapService.changeMap()
[DEBUG] 2025-09-08 21:44:25.652 - Player: null
[DEBUG] 2025-09-08 21:44:25.653 - Target MapId: -1, ZoneId: -1
[DEBUG] 2025-09-08 21:44:25.653 - >>> ENTERING ChangeMapService.changeMap()
[DEBUG] 2025-09-08 21:44:25.654 - Player: null
[DEBUG] 2025-09-08 21:44:25.654 - Target MapId: -1, ZoneId: -1
[DEBUG] 2025-09-08 21:44:25.656 - >>> ENTERING ChangeMapService.changeMap()
[DEBUG] 2025-09-08 21:44:25.656 - Player: null
[DEBUG] 2025-09-08 21:44:25.657 - Target MapId: -1, ZoneId: -1
[DEBUG] 2025-09-08 21:44:25.658 - >>> ENTERING ChangeMapService.changeMap()
[DEBUG] 2025-09-08 21:44:25.658 - Player: null
[DEBUG] 2025-09-08 21:44:25.658 - Target MapId: -1, ZoneId: -1
[DEBUG] 2025-09-08 21:44:25.660 - >>> ENTERING ChangeMapService.changeMap()
[DEBUG] 2025-09-08 21:44:25.660 - Player: null
[DEBUG] 2025-09-08 21:44:25.660 - Target MapId: -1, ZoneId: -1
[DEBUG] 2025-09-08 21:44:25.661 - >>> ENTERING ChangeMapService.changeMap()
[DEBUG] 2025-09-08 21:44:25.661 - Player: null
[DEBUG] 2025-09-08 21:44:25.661 - Target MapId: -1, ZoneId: -1
[DEBUG] 2025-09-08 21:44:25.661 - >>> ENTERING ChangeMapService.changeMap()
[DEBUG] 2025-09-08 21:44:25.661 - Player: null
[DEBUG] 2025-09-08 21:44:25.662 - Target MapId: -1, ZoneId: -1
[DEBUG] 2025-09-08 21:44:25.662 - >>> ENTERING ChangeMapService.changeMap()
[DEBUG] 2025-09-08 21:44:25.662 - Player: null
[DEBUG] 2025-09-08 21:44:25.662 - Target MapId: -1, ZoneId: -1
[DEBUG] 2025-09-08 21:44:25.662 - >>> ENTERING ChangeMapService.changeMap()
[DEBUG] 2025-09-08 21:44:25.663 - Player: null
[DEBUG] 2025-09-08 21:44:25.663 - Target MapId: -1, ZoneId: -1
[DEBUG] 2025-09-08 21:44:25.663 - >>> ENTERING ChangeMapService.changeMap()
[DEBUG] 2025-09-08 21:44:25.663 - Player: null
[DEBUG] 2025-09-08 21:44:25.663 - Target MapId: -1, ZoneId: -1
[DEBUG] 2025-09-08 21:44:25.663 - >>> ENTERING ChangeMapService.changeMap()
[DEBUG] 2025-09-08 21:44:25.664 - Player: null
[DEBUG] 2025-09-08 21:44:25.664 - Target MapId: -1, ZoneId: -1
[DEBUG] 2025-09-08 21:44:25.664 - >>> ENTERING ChangeMapService.changeMap()
[DEBUG] 2025-09-08 21:44:25.664 - Player: null
[DEBUG] 2025-09-08 21:44:25.664 - Target MapId: -1, ZoneId: -1
[DEBUG] 2025-09-08 21:44:25.665 - >>> ENTERING ChangeMapService.changeMap()
[DEBUG] 2025-09-08 21:44:25.665 - Player: null
[DEBUG] 2025-09-08 21:44:25.665 - Target MapId: -1, ZoneId: -1
[DEBUG] 2025-09-08 21:44:25.665 - >>> ENTERING ChangeMapService.changeMap()
[DEBUG] 2025-09-08 21:44:25.665 - Player: null
[DEBUG] 2025-09-08 21:44:25.665 - Target MapId: -1, ZoneId: -1
[DEBUG] 2025-09-08 21:44:25.666 - >>> ENTERING ChangeMapService.changeMap()
[DEBUG] 2025-09-08 21:44:25.666 - Player: null
[DEBUG] 2025-09-08 21:44:25.666 - Target MapId: -1, ZoneId: -1
[DEBUG] 2025-09-08 21:44:25.666 - >>> ENTERING ChangeMapService.changeMap()
[DEBUG] 2025-09-08 21:44:25.666 - Player: null
[DEBUG] 2025-09-08 21:44:25.666 - Target MapId: -1, ZoneId: -1
[DEBUG] 2025-09-08 21:44:25.666 - >>> ENTERING ChangeMapService.changeMap()
[DEBUG] 2025-09-08 21:44:25.667 - Player: null
[DEBUG] 2025-09-08 21:44:25.667 - Target MapId: -1, ZoneId: -1
[DEBUG] 2025-09-08 21:44:25.667 - >>> ENTERING ChangeMapService.changeMap()
[DEBUG] 2025-09-08 21:44:25.668 - Player: null
[DEBUG] 2025-09-08 21:44:25.668 - Target MapId: -1, ZoneId: -1
[DEBUG] 2025-09-08 21:44:25.668 - >>> ENTERING ChangeMapService.changeMap()
[DEBUG] 2025-09-08 21:44:25.668 - Player: null
[DEBUG] 2025-09-08 21:44:25.669 - Target MapId: -1, ZoneId: -1
[DEBUG] 2025-09-08 21:44:25.670 - >>> ENTERING ChangeMapService.changeMap()
[DEBUG] 2025-09-08 21:44:25.670 - Player: null
[DEBUG] 2025-09-08 21:44:25.671 - Target MapId: -1, ZoneId: -1
[DEBUG] 2025-09-08 21:44:25.672 - >>> ENTERING ChangeMapService.changeMap()
[DEBUG] 2025-09-08 21:44:25.672 - Player: null
[DEBUG] 2025-09-08 21:44:25.673 - Target MapId: -1, ZoneId: -1
[DEBUG] 2025-09-08 21:44:25.673 - >>> ENTERING ChangeMapService.changeMap()
[DEBUG] 2025-09-08 21:44:25.674 - Player: null
[DEBUG] 2025-09-08 21:44:25.674 - Target MapId: -1, ZoneId: -1
[DEBUG] 2025-09-08 21:44:25.674 - >>> ENTERING ChangeMapService.changeMap()
[DEBUG] 2025-09-08 21:44:25.675 - Player: null
[DEBUG] 2025-09-08 21:44:25.675 - Target MapId: -1, ZoneId: -1
[DEBUG] 2025-09-08 21:44:25.676 - >>> ENTERING ChangeMapService.changeMap()
[DEBUG] 2025-09-08 21:44:25.676 - Player: null
[DEBUG] 2025-09-08 21:44:25.677 - Target MapId: -1, ZoneId: -1
[DEBUG] 2025-09-08 21:44:25.677 - >>> ENTERING ChangeMapService.changeMap()
[DEBUG] 2025-09-08 21:44:25.678 - Player: null
[DEBUG] 2025-09-08 21:44:25.678 - Target MapId: -1, ZoneId: -1
[DEBUG] 2025-09-08 21:44:25.678 - >>> ENTERING ChangeMapService.changeMap()
[DEBUG] 2025-09-08 21:44:25.680 - Player: null
[DEBUG] 2025-09-08 21:44:25.680 - Target MapId: -1, ZoneId: -1
[DEBUG] 2025-09-08 21:44:25.680 - >>> ENTERING ChangeMapService.changeMap()
[DEBUG] 2025-09-08 21:44:25.681 - Player: null
[DEBUG] 2025-09-08 21:44:25.681 - Target MapId: -1, ZoneId: -1
[DEBUG] 2025-09-08 21:44:25.682 - >>> ENTERING ChangeMapService.changeMap()
[DEBUG] 2025-09-08 21:44:25.682 - Player: null
[DEBUG] 2025-09-08 21:44:25.683 - Target MapId: -1, ZoneId: -1
[DEBUG] 2025-09-08 21:44:25.683 - >>> ENTERING ChangeMapService.changeMap()
[DEBUG] 2025-09-08 21:44:25.683 - Player: null
[DEBUG] 2025-09-08 21:44:25.684 - Target MapId: -1, ZoneId: -1
[DEBUG] 2025-09-08 21:44:25.684 - >>> ENTERING ChangeMapService.changeMap()
[DEBUG] 2025-09-08 21:44:25.684 - Player: null
[DEBUG] 2025-09-08 21:44:25.684 - Target MapId: -1, ZoneId: -1
[DEBUG] 2025-09-08 21:44:25.684 - >>> ENTERING ChangeMapService.changeMap()
[DEBUG] 2025-09-08 21:44:25.685 - Player: null
[DEBUG] 2025-09-08 21:44:25.685 - Target MapId: -1, ZoneId: -1
[DEBUG] 2025-09-08 21:44:25.685 - >>> ENTERING ChangeMapService.changeMap()
[DEBUG] 2025-09-08 21:44:25.685 - Player: null
[DEBUG] 2025-09-08 21:44:25.685 - Target MapId: -1, ZoneId: -1
[DEBUG] 2025-09-08 21:44:25.989 - >>> ENTERING ChangeMapService.changeMap()
[DEBUG] 2025-09-08 21:44:25.989 - >>> ENTERING ChangeMapService.changeMap()
[DEBUG] 2025-09-08 21:44:25.989 - >>> ENTERING ChangeMapService.changeMap()
[DEBUG] 2025-09-08 21:44:25.989 - >>> ENTERING ChangeMapService.changeMap()
[DEBUG] 2025-09-08 21:44:25.989 - Player: Ở dơ
[DEBUG] 2025-09-08 21:44:25.990 - Target MapId: -1, ZoneId: -1
[DEBUG] 2025-09-08 21:44:25.990 - Player: Broly 78
[DEBUG] 2025-09-08 21:44:25.990 - Player: Super Bư
[DEBUG] 2025-09-08 21:44:25.990 - Player: Đội trưởng-5
[DEBUG] 2025-09-08 21:44:25.991 - Target MapId: -1, ZoneId: -1
[DEBUG] 2025-09-08 21:44:25.991 - Target MapId: -1, ZoneId: -1
[DEBUG] 2025-09-08 21:44:25.992 - >>> ENTERING ChangeMapService.changeMap()
[DEBUG] 2025-09-08 21:44:25.991 - Target MapId: -1, ZoneId: -1
[DEBUG] 2025-09-08 21:44:25.992 - >>> ENTERING ChangeMapService.changeMap()
[DEBUG] 2025-09-08 21:44:25.992 - Player: Xinbatô
[DEBUG] 2025-09-08 21:44:25.993 - Target MapId: -1, ZoneId: -1
[DEBUG] 2025-09-08 21:44:25.993 - >>> ENTERING ChangeMapService.changeMap()
[DEBUG] 2025-09-08 21:44:25.993 - >>> ENTERING ChangeMapService.changeMap()
[DEBUG] 2025-09-08 21:44:25.993 - Player: Broly 21
[DEBUG] 2025-09-08 21:44:25.994 - >>> ENTERING ChangeMapService.changeMap()
[DEBUG] 2025-09-08 21:44:25.994 - Player: Super Bư
[DEBUG] 2025-09-08 21:44:25.994 - >>> ENTERING ChangeMapService.changeMap()
[DEBUG] 2025-09-08 21:44:25.994 - Player: Đội trưởng-5
[DEBUG] 2025-09-08 21:44:25.995 - Target MapId: -1, ZoneId: -1
[DEBUG] 2025-09-08 21:44:25.995 - Player: Dơi 62
[DEBUG] 2025-09-08 21:44:25.995 - Player: Raiti
[DEBUG] 2025-09-08 21:44:25.995 - Target MapId: -1, ZoneId: -1
[DEBUG] 2025-09-08 21:44:25.996 - >>> ENTERING ChangeMapService.changeMap()
[DEBUG] 2025-09-08 21:44:25.996 - Target MapId: -1, ZoneId: -1
[DEBUG] 2025-09-08 21:44:25.996 - Target MapId: -1, ZoneId: -1
[DEBUG] 2025-09-08 21:44:25.997 - Target MapId: -1, ZoneId: -1
[DEBUG] 2025-09-08 21:44:25.997 - Player: Broly 57
[DEBUG] 2025-09-08 21:44:25.997 - >>> ENTERING ChangeMapService.changeMap()
[DEBUG] 2025-09-08 21:44:25.998 - >>> ENTERING ChangeMapService.changeMap()
[DEBUG] 2025-09-08 21:44:25.998 - >>> ENTERING ChangeMapService.changeMap()
[DEBUG] 2025-09-08 21:44:25.998 - >>> ENTERING ChangeMapService.changeMap()
[DEBUG] 2025-09-08 21:44:25.998 - Target MapId: -1, ZoneId: -1
[DEBUG] 2025-09-08 21:44:25.998 - Player: Super Bư
[DEBUG] 2025-09-08 21:44:25.998 - Player: Đội trưởng-5
[DEBUG] 2025-09-08 21:44:25.998 - Player: Sói hẹc quyn
[DEBUG] 2025-09-08 21:44:25.998 - Player: Dơi 99
[DEBUG] 2025-09-08 21:44:25.999 - >>> ENTERING ChangeMapService.changeMap()
[DEBUG] 2025-09-08 21:44:25.999 - Target MapId: -1, ZoneId: -1
[DEBUG] 2025-09-08 21:44:25.999 - Target MapId: -1, ZoneId: -1
[DEBUG] 2025-09-08 21:44:26.001 - Target MapId: -1, ZoneId: -1
[DEBUG] 2025-09-08 21:44:26.001 - Player: Broly 78
[DEBUG] 2025-09-08 21:44:26.001 - Target MapId: -1, ZoneId: -1
[DEBUG] 2025-09-08 21:44:26.001 - >>> ENTERING ChangeMapService.changeMap()
[DEBUG] 2025-09-08 21:44:26.001 - >>> ENTERING ChangeMapService.changeMap()
[DEBUG] 2025-09-08 21:44:26.001 - >>> ENTERING ChangeMapService.changeMap()
[DEBUG] 2025-09-08 21:44:26.002 - Target MapId: -1, ZoneId: -1
[DEBUG] 2025-09-08 21:44:26.002 - Player: Ở dơ
[DEBUG] 2025-09-08 21:44:26.002 - >>> ENTERING ChangeMapService.changeMap()
[DEBUG] 2025-09-08 21:44:26.002 - Player: Super Bư
[DEBUG] 2025-09-08 21:44:26.003 - >>> ENTERING ChangeMapService.changeMap()
[DEBUG] 2025-09-08 21:44:26.002 - Player: Đội trưởng-5
[DEBUG] 2025-09-08 21:44:26.004 - Target MapId: -1, ZoneId: -1
[DEBUG] 2025-09-08 21:44:26.005 - Player: Dơi 80
[DEBUG] 2025-09-08 21:44:26.005 - Player: Broly 85
[DEBUG] 2025-09-08 21:44:26.005 - Target MapId: -1, ZoneId: -1
[DEBUG] 2025-09-08 21:44:26.005 - Target MapId: -1, ZoneId: -1
[DEBUG] 2025-09-08 21:44:26.005 - >>> ENTERING ChangeMapService.changeMap()
[DEBUG] 2025-09-08 21:44:26.005 - Target MapId: -1, ZoneId: -1
[DEBUG] 2025-09-08 21:44:26.007 - Player: Xinbatô
[DEBUG] 2025-09-08 21:44:26.006 - Target MapId: -1, ZoneId: -1
[DEBUG] 2025-09-08 21:44:26.007 - >>> ENTERING ChangeMapService.changeMap()
[DEBUG] 2025-09-08 21:44:26.007 - Target MapId: -1, ZoneId: -1
[DEBUG] 2025-09-08 21:44:26.007 - >>> ENTERING ChangeMapService.changeMap()
[DEBUG] 2025-09-08 21:44:26.007 - >>> ENTERING ChangeMapService.changeMap()
[DEBUG] 2025-09-08 21:44:26.007 - >>> ENTERING ChangeMapService.changeMap()
[DEBUG] 2025-09-08 21:44:26.010 - Player: Dơi 40
[DEBUG] 2025-09-08 21:44:26.010 - >>> ENTERING ChangeMapService.changeMap()
[DEBUG] 2025-09-08 21:44:26.010 - Player: Đội trưởng-5
[DEBUG] 2025-09-08 21:44:26.008 - Player: Super Bư
[DEBUG] 2025-09-08 21:44:26.011 - Player: Broly 52
[DEBUG] 2025-09-08 21:44:26.011 - Target MapId: -1, ZoneId: -1
[DEBUG] 2025-09-08 21:44:26.011 - Target MapId: -1, ZoneId: -1
[DEBUG] 2025-09-08 21:44:26.011 - Player: Raiti
[DEBUG] 2025-09-08 21:44:26.012 - Target MapId: -1, ZoneId: -1
[DEBUG] 2025-09-08 21:44:26.012 - Target MapId: -1, ZoneId: -1
[DEBUG] 2025-09-08 21:44:26.012 - >>> ENTERING ChangeMapService.changeMap()
[DEBUG] 2025-09-08 21:44:26.013 - Target MapId: -1, ZoneId: -1
[DEBUG] 2025-09-08 21:44:26.012 - >>> ENTERING ChangeMapService.changeMap()
[DEBUG] 2025-09-08 21:44:26.013 - >>> ENTERING ChangeMapService.changeMap()
[DEBUG] 2025-09-08 21:44:26.013 - >>> ENTERING ChangeMapService.changeMap()
[DEBUG] 2025-09-08 21:44:26.013 - Player: Dơi 66
[DEBUG] 2025-09-08 21:44:26.014 - Player: Super Bư
[DEBUG] 2025-09-08 21:44:26.014 - >>> ENTERING ChangeMapService.changeMap()
[DEBUG] 2025-09-08 21:44:26.014 - Player: Broly 64
[DEBUG] 2025-09-08 21:44:26.014 - Player: Đội trưởng-5
[DEBUG] 2025-09-08 21:44:26.014 - Target MapId: -1, ZoneId: -1
[DEBUG] 2025-09-08 21:44:26.015 - Target MapId: -1, ZoneId: -1
[DEBUG] 2025-09-08 21:44:26.015 - Player: Sói hẹc quyn
[DEBUG] 2025-09-08 21:44:26.015 - Target MapId: -1, ZoneId: -1
[DEBUG] 2025-09-08 21:44:26.016 - Target MapId: -1, ZoneId: -1
[DEBUG] 2025-09-08 21:44:26.016 - >>> ENTERING ChangeMapService.changeMap()
[DEBUG] 2025-09-08 21:44:26.016 - Target MapId: -1, ZoneId: -1
[DEBUG] 2025-09-08 21:44:26.016 - >>> ENTERING ChangeMapService.changeMap()
[DEBUG] 2025-09-08 21:44:26.016 - >>> ENTERING ChangeMapService.changeMap()
[DEBUG] 2025-09-08 21:44:26.017 - Player: Super Bư
[DEBUG] 2025-09-08 21:44:26.017 - >>> ENTERING ChangeMapService.changeMap()
[DEBUG] 2025-09-08 21:44:26.017 - >>> ENTERING ChangeMapService.changeMap()
[DEBUG] 2025-09-08 21:44:26.017 - Player: Broly 22
[DEBUG] 2025-09-08 21:44:26.017 - Player: Dơi 16
[DEBUG] 2025-09-08 21:44:26.017 - Target MapId: -1, ZoneId: -1
[DEBUG] 2025-09-08 21:44:26.018 - Player: Ở dơ
[DEBUG] 2025-09-08 21:44:26.018 - Player: Đội trưởng-5
[DEBUG] 2025-09-08 21:44:26.018 - Target MapId: -1, ZoneId: -1
[DEBUG] 2025-09-08 21:44:26.018 - Target MapId: -1, ZoneId: -1
[DEBUG] 2025-09-08 21:44:26.019 - Target MapId: -1, ZoneId: -1
[DEBUG] 2025-09-08 21:44:26.019 - Target MapId: -1, ZoneId: -1
[DEBUG] 2025-09-08 21:44:26.019 - >>> ENTERING ChangeMapService.changeMap()
[DEBUG] 2025-09-08 21:44:26.019 - >>> ENTERING ChangeMapService.changeMap()
[DEBUG] 2025-09-08 21:44:26.019 - >>> ENTERING ChangeMapService.changeMap()
[DEBUG] 2025-09-08 21:44:26.020 - >>> ENTERING ChangeMapService.changeMap()
[DEBUG] 2025-09-08 21:44:26.020 - Player: Mabư mập
[DEBUG] 2025-09-08 21:44:26.020 - >>> ENTERING ChangeMapService.changeMap()
[DEBUG] 2025-09-08 21:44:26.020 - Player: Broly 84
[DEBUG] 2025-09-08 21:44:26.020 - Player: Xinbatô
[DEBUG] 2025-09-08 21:44:26.020 - Player: Dơi 26
[DEBUG] 2025-09-08 21:44:26.020 - Target MapId: -1, ZoneId: -1
[DEBUG] 2025-09-08 21:44:26.021 - Player: Đội trưởng-5
[DEBUG] 2025-09-08 21:44:26.021 - Target MapId: -1, ZoneId: -1
[DEBUG] 2025-09-08 21:44:26.021 - Target MapId: -1, ZoneId: -1
[DEBUG] 2025-09-08 21:44:26.021 - Target MapId: -1, ZoneId: -1
[DEBUG] 2025-09-08 21:44:26.021 - Target MapId: -1, ZoneId: -1
[DEBUG] 2025-09-08 21:44:26.021 - >>> ENTERING ChangeMapService.changeMap()
[DEBUG] 2025-09-08 21:44:26.021 - >>> ENTERING ChangeMapService.changeMap()
[DEBUG] 2025-09-08 21:44:26.022 - >>> ENTERING ChangeMapService.changeMap()
[DEBUG] 2025-09-08 21:44:26.022 - Player: Mabư mập
[DEBUG] 2025-09-08 21:44:26.022 - >>> ENTERING ChangeMapService.changeMap()
[DEBUG] 2025-09-08 21:44:26.022 - >>> ENTERING ChangeMapService.changeMap()
[DEBUG] 2025-09-08 21:44:26.022 - Player: Broly 54
[DEBUG] 2025-09-08 21:44:26.023 - Player: Raiti
[DEBUG] 2025-09-08 21:44:26.023 - Target MapId: -1, ZoneId: -1
[DEBUG] 2025-09-08 21:44:26.023 - Player: Dơi 77
[DEBUG] 2025-09-08 21:44:26.023 - Player: Đội trưởng-5
[DEBUG] 2025-09-08 21:44:26.023 - Target MapId: -1, ZoneId: -1
[DEBUG] 2025-09-08 21:44:26.023 - Target MapId: -1, ZoneId: -1
[DEBUG] 2025-09-08 21:44:26.023 - Target MapId: -1, ZoneId: -1
[DEBUG] 2025-09-08 21:44:26.023 - >>> ENTERING ChangeMapService.changeMap()
[DEBUG] 2025-09-08 21:44:26.024 - Target MapId: -1, ZoneId: -1
[DEBUG] 2025-09-08 21:44:26.024 - >>> ENTERING ChangeMapService.changeMap()
[DEBUG] 2025-09-08 21:44:26.024 - >>> ENTERING ChangeMapService.changeMap()
[DEBUG] 2025-09-08 21:44:26.024 - Player: Mabư mập
[DEBUG] 2025-09-08 21:44:26.024 - >>> ENTERING ChangeMapService.changeMap()
[DEBUG] 2025-09-08 21:44:26.024 - >>> ENTERING ChangeMapService.changeMap()
[DEBUG] 2025-09-08 21:44:26.025 - Player: Broly 66
[DEBUG] 2025-09-08 21:44:26.025 - Player: Sói hẹc quyn
[DEBUG] 2025-09-08 21:44:26.025 - Target MapId: -1, ZoneId: -1
[DEBUG] 2025-09-08 21:44:26.025 - Player: Đội trưởng-5
[DEBUG] 2025-09-08 21:44:26.025 - Player: Dơi 68
[DEBUG] 2025-09-08 21:44:26.025 - Target MapId: -1, ZoneId: -1
[DEBUG] 2025-09-08 21:44:26.025 - Target MapId: -1, ZoneId: -1
[DEBUG] 2025-09-08 21:44:26.026 - >>> ENTERING ChangeMapService.changeMap()
[DEBUG] 2025-09-08 21:44:26.026 - Target MapId: -1, ZoneId: -1
[DEBUG] 2025-09-08 21:44:26.026 - Target MapId: -1, ZoneId: -1
[DEBUG] 2025-09-08 21:44:26.026 - Player: Mabư mập
[DEBUG] 2025-09-08 21:44:26.026 - >>> ENTERING ChangeMapService.changeMap()
[DEBUG] 2025-09-08 21:44:26.026 - >>> ENTERING ChangeMapService.changeMap()
[DEBUG] 2025-09-08 21:44:26.027 - >>> ENTERING ChangeMapService.changeMap()
[DEBUG] 2025-09-08 21:44:26.027 - >>> ENTERING ChangeMapService.changeMap()
[DEBUG] 2025-09-08 21:44:26.027 - Target MapId: -1, ZoneId: -1
[DEBUG] 2025-09-08 21:44:26.027 - Player: Ở dơ
[DEBUG] 2025-09-08 21:44:26.027 - Player: Broly 83
[DEBUG] 2025-09-08 21:44:26.027 - Player: Đội trưởng-5
[DEBUG] 2025-09-08 21:44:26.028 - Player: Dơi 95
[DEBUG] 2025-09-08 21:44:26.028 - >>> ENTERING ChangeMapService.changeMap()
[DEBUG] 2025-09-08 21:44:26.028 - Target MapId: -1, ZoneId: -1
[DEBUG] 2025-09-08 21:44:26.028 - Target MapId: -1, ZoneId: -1
[DEBUG] 2025-09-08 21:44:26.028 - Target MapId: -1, ZoneId: -1
[DEBUG] 2025-09-08 21:44:26.028 - Target MapId: -1, ZoneId: -1
[DEBUG] 2025-09-08 21:44:26.028 - Player: Mabư mập
[DEBUG] 2025-09-08 21:44:26.029 - >>> ENTERING ChangeMapService.changeMap()
[DEBUG] 2025-09-08 21:44:26.029 - >>> ENTERING ChangeMapService.changeMap()
[DEBUG] 2025-09-08 21:44:26.029 - Target MapId: -1, ZoneId: -1
[DEBUG] 2025-09-08 21:44:26.029 - Player: Xinbatô
[DEBUG] 2025-09-08 21:44:26.029 - >>> ENTERING ChangeMapService.changeMap()
[DEBUG] 2025-09-08 21:44:26.029 - >>> ENTERING ChangeMapService.changeMap()
[DEBUG] 2025-09-08 21:44:26.030 - Player: Broly 60
[DEBUG] 2025-09-08 21:44:26.030 - >>> ENTERING ChangeMapService.changeMap()
[DEBUG] 2025-09-08 21:44:26.030 - Player: Ma trơi 52
[DEBUG] 2025-09-08 21:44:26.030 - Target MapId: -1, ZoneId: -1
[DEBUG] 2025-09-08 21:44:26.030 - Player: Đội trưởng-5
[DEBUG] 2025-09-08 21:44:26.030 - Target MapId: -1, ZoneId: -1
[DEBUG] 2025-09-08 21:44:26.031 - Player: Mabư mập
[DEBUG] 2025-09-08 21:44:26.031 - Target MapId: -1, ZoneId: -1
[DEBUG] 2025-09-08 21:44:26.031 - Target MapId: -1, ZoneId: -1
[DEBUG] 2025-09-08 21:44:26.031 - >>> ENTERING ChangeMapService.changeMap()
[DEBUG] 2025-09-08 21:44:26.031 - >>> ENTERING ChangeMapService.changeMap()
[DEBUG] 2025-09-08 21:44:26.032 - Target MapId: -1, ZoneId: -1
[DEBUG] 2025-09-08 21:44:26.032 - Player: Raiti
[DEBUG] 2025-09-08 21:44:26.032 - >>> ENTERING ChangeMapService.changeMap()
[DEBUG] 2025-09-08 21:44:26.032 - Player: Broly 36
[DEBUG] 2025-09-08 21:44:26.032 - >>> ENTERING ChangeMapService.changeMap()
[DEBUG] 2025-09-08 21:44:26.032 - >>> ENTERING ChangeMapService.changeMap()
[DEBUG] 2025-09-08 21:44:26.033 - Target MapId: -1, ZoneId: -1
[DEBUG] 2025-09-08 21:44:26.033 - Target MapId: -1, ZoneId: -1
[DEBUG] 2025-09-08 21:44:26.033 - Player: Đội trưởng-5
[DEBUG] 2025-09-08 21:44:26.033 - Player: Mabư mập
[DEBUG] 2025-09-08 21:44:26.033 - Player: Ma trơi 33
[DEBUG] 2025-09-08 21:44:26.034 - >>> ENTERING ChangeMapService.changeMap()
[DEBUG] 2025-09-08 21:44:26.034 - >>> ENTERING ChangeMapService.changeMap()
[DEBUG] 2025-09-08 21:44:26.034 - Target MapId: -1, ZoneId: -1
[DEBUG] 2025-09-08 21:44:26.034 - Target MapId: -1, ZoneId: -1
[DEBUG] 2025-09-08 21:44:26.034 - Target MapId: -1, ZoneId: -1
[DEBUG] 2025-09-08 21:44:26.034 - Player: Sói hẹc quyn
[DEBUG] 2025-09-08 21:44:26.034 - Player: Broly 93
[DEBUG] 2025-09-08 21:44:26.035 - >>> ENTERING ChangeMapService.changeMap()
[DEBUG] 2025-09-08 21:44:26.035 - >>> ENTERING ChangeMapService.changeMap()
[DEBUG] 2025-09-08 21:44:26.035 - Target MapId: -1, ZoneId: -1
[DEBUG] 2025-09-08 21:44:26.035 - >>> ENTERING ChangeMapService.changeMap()
[DEBUG] 2025-09-08 21:44:26.035 - Target MapId: -1, ZoneId: -1
[DEBUG] 2025-09-08 21:44:26.036 - Player: Đội trưởng-5
[DEBUG] 2025-09-08 21:44:26.036 - Player: Mabư
[DEBUG] 2025-09-08 21:44:26.036 - >>> ENTERING ChangeMapService.changeMap()
[DEBUG] 2025-09-08 21:44:26.036 - >>> ENTERING ChangeMapService.changeMap()
[DEBUG] 2025-09-08 21:44:26.036 - Player: Ma trơi 90
[DEBUG] 2025-09-08 21:44:26.036 - Target MapId: -1, ZoneId: -1
[DEBUG] 2025-09-08 21:44:26.036 - Target MapId: -1, ZoneId: -1
[DEBUG] 2025-09-08 21:44:26.037 - Player: Cumber
[DEBUG] 2025-09-08 21:44:26.037 - Player: Broly 59
[DEBUG] 2025-09-08 21:44:26.038 - Target MapId: -1, ZoneId: -1
[DEBUG] 2025-09-08 21:44:26.038 - >>> ENTERING ChangeMapService.changeMap()
[DEBUG] 2025-09-08 21:44:26.038 - >>> ENTERING ChangeMapService.changeMap()
[DEBUG] 2025-09-08 21:44:26.038 - Target MapId: -1, ZoneId: -1
[DEBUG] 2025-09-08 21:44:26.038 - Target MapId: -1, ZoneId: -1
[DEBUG] 2025-09-08 21:44:26.038 - >>> ENTERING ChangeMapService.changeMap()
[DEBUG] 2025-09-08 21:44:26.038 - Player: Mabư
[DEBUG] 2025-09-08 21:44:26.039 - >>> ENTERING ChangeMapService.changeMap()
[DEBUG] 2025-09-08 21:44:26.039 - Player: Đội trưởng-5
[DEBUG] 2025-09-08 21:44:26.039 - Player: Broly 68
[DEBUG] 2025-09-08 21:44:26.039 - Player: Ma trơi 56
[DEBUG] 2025-09-08 21:44:26.039 - Target MapId: -1, ZoneId: -1
[DEBUG] 2025-09-08 21:44:26.039 - Target MapId: -1, ZoneId: -1
[DEBUG] 2025-09-08 21:44:26.039 - Target MapId: -1, ZoneId: -1
[DEBUG] 2025-09-08 21:44:26.041 - Target MapId: -1, ZoneId: -1
[DEBUG] 2025-09-08 21:44:26.041 - >>> ENTERING ChangeMapService.changeMap()
[DEBUG] 2025-09-08 21:44:26.041 - >>> ENTERING ChangeMapService.changeMap()
[DEBUG] 2025-09-08 21:44:26.041 - >>> ENTERING ChangeMapService.changeMap()
[DEBUG] 2025-09-08 21:44:26.041 - >>> ENTERING ChangeMapService.changeMap()
[DEBUG] 2025-09-08 21:44:26.041 - >>> ENTERING ChangeMapService.changeMap()
[DEBUG] 2025-09-08 21:44:26.041 - Player: Mabư
[DEBUG] 2025-09-08 21:44:26.042 - Player: Chiến binh-5
[DEBUG] 2025-09-08 21:44:26.042 - Player: Broly 20
[DEBUG] 2025-09-08 21:44:26.042 - Player: Ma trơi 70
[DEBUG] 2025-09-08 21:44:26.042 - Player: Chilled
[DEBUG] 2025-09-08 21:44:26.042 - Target MapId: -1, ZoneId: -1
[DEBUG] 2025-09-08 21:44:26.043 - Target MapId: -1, ZoneId: -1
[DEBUG] 2025-09-08 21:44:26.043 - Target MapId: -1, ZoneId: -1
[DEBUG] 2025-09-08 21:44:26.043 - Target MapId: -1, ZoneId: -1
[DEBUG] 2025-09-08 21:44:26.043 - Target MapId: -1, ZoneId: -1
[DEBUG] 2025-09-08 21:44:26.044 - >>> ENTERING ChangeMapService.changeMap()
[DEBUG] 2025-09-08 21:44:26.044 - >>> ENTERING ChangeMapService.changeMap()
[DEBUG] 2025-09-08 21:44:26.044 - >>> ENTERING ChangeMapService.changeMap()
[DEBUG] 2025-09-08 21:44:26.044 - >>> ENTERING ChangeMapService.changeMap()
[DEBUG] 2025-09-08 21:44:26.044 - Player: Mabư
[DEBUG] 2025-09-08 21:44:26.044 - Player: Broly 60
[DEBUG] 2025-09-08 21:44:26.044 - Player: Chiến binh-5
[DEBUG] 2025-09-08 21:44:26.045 - >>> ENTERING ChangeMapService.changeMap()
[DEBUG] 2025-09-08 21:44:26.045 - Player: Ma trơi 35
[DEBUG] 2025-09-08 21:44:26.045 - Target MapId: -1, ZoneId: -1
[DEBUG] 2025-09-08 21:44:26.045 - Target MapId: -1, ZoneId: -1
[DEBUG] 2025-09-08 21:44:26.046 - Target MapId: -1, ZoneId: -1
[DEBUG] 2025-09-08 21:44:26.046 - Target MapId: -1, ZoneId: -1
[DEBUG] 2025-09-08 21:44:26.046 - Player: Fide Vàng 72
[DEBUG] 2025-09-08 21:44:26.046 - >>> ENTERING ChangeMapService.changeMap()
[DEBUG] 2025-09-08 21:44:26.046 - >>> ENTERING ChangeMapService.changeMap()
[DEBUG] 2025-09-08 21:44:26.047 - Target MapId: -1, ZoneId: -1
[DEBUG] 2025-09-08 21:44:26.047 - Player: Broly 34
[DEBUG] 2025-09-08 21:44:26.047 - >>> ENTERING ChangeMapService.changeMap()
[DEBUG] 2025-09-08 21:44:26.047 - Player: Mabư
[DEBUG] 2025-09-08 21:44:26.047 - >>> ENTERING ChangeMapService.changeMap()
[DEBUG] 2025-09-08 21:44:26.048 - Target MapId: -1, ZoneId: -1
[DEBUG] 2025-09-08 21:44:26.048 - Target MapId: -1, ZoneId: -1
[DEBUG] 2025-09-08 21:44:26.048 - Player: Chiến binh-5
[DEBUG] 2025-09-08 21:44:26.048 - Player: Ma trơi 41
[DEBUG] 2025-09-08 21:44:26.048 - >>> ENTERING ChangeMapService.changeMap()
[DEBUG] 2025-09-08 21:44:26.048 - Target MapId: -1, ZoneId: -1
[DEBUG] 2025-09-08 21:44:26.048 - Target MapId: -1, ZoneId: -1
[DEBUG] 2025-09-08 21:44:26.049 - >>> ENTERING ChangeMapService.changeMap()
[DEBUG] 2025-09-08 21:44:26.049 - Player: Broly 91
[DEBUG] 2025-09-08 21:44:26.049 - >>> ENTERING ChangeMapService.changeMap()
[DEBUG] 2025-09-08 21:44:26.049 - Target MapId: -1, ZoneId: -1
[DEBUG] 2025-09-08 21:44:26.049 - Player: Mabư
[DEBUG] 2025-09-08 21:44:26.049 - >>> ENTERING ChangeMapService.changeMap()
[DEBUG] 2025-09-08 21:44:26.050 - Player: Chiến binh-5
[DEBUG] 2025-09-08 21:44:26.050 - Player: Ma trơi 33
[DEBUG] 2025-09-08 21:44:26.050 - Target MapId: -1, ZoneId: -1
[DEBUG] 2025-09-08 21:44:26.050 - Target MapId: -1, ZoneId: -1
[DEBUG] 2025-09-08 21:44:26.050 - >>> ENTERING ChangeMapService.changeMap()
[DEBUG] 2025-09-08 21:44:26.051 - Target MapId: -1, ZoneId: -1
[DEBUG] 2025-09-08 21:44:26.051 - Player: Broly 81
[DEBUG] 2025-09-08 21:44:26.051 - >>> ENTERING ChangeMapService.changeMap()
[DEBUG] 2025-09-08 21:44:26.051 - >>> ENTERING ChangeMapService.changeMap()
[DEBUG] 2025-09-08 21:44:26.051 - Target MapId: -1, ZoneId: -1
[DEBUG] 2025-09-08 21:44:26.051 - >>> ENTERING ChangeMapService.changeMap()
[DEBUG] 2025-09-08 21:44:26.052 - Player: Mabư
[DEBUG] 2025-09-08 21:44:26.052 - Player: Chiến binh-5
[DEBUG] 2025-09-08 21:44:26.052 - Player: Ma trơi 100
[DEBUG] 2025-09-08 21:44:26.052 - >>> ENTERING ChangeMapService.changeMap()
[DEBUG] 2025-09-08 21:44:26.052 - >>> ENTERING ChangeMapService.changeMap()
[DEBUG] 2025-09-08 21:44:26.052 - Target MapId: -1, ZoneId: -1
[DEBUG] 2025-09-08 21:44:26.052 - Target MapId: -1, ZoneId: -1
[DEBUG] 2025-09-08 21:44:26.052 - Player: Broly 83
[DEBUG] 2025-09-08 21:44:26.052 - Target MapId: -1, ZoneId: -1
[DEBUG] 2025-09-08 21:44:26.053 - Player: Fide Vàng 96
[DEBUG] 2025-09-08 21:44:26.053 - >>> ENTERING ChangeMapService.changeMap()
[DEBUG] 2025-09-08 21:44:26.053 - Target MapId: -1, ZoneId: -1
[DEBUG] 2025-09-08 21:44:26.053 - >>> ENTERING ChangeMapService.changeMap()
[DEBUG] 2025-09-08 21:44:26.053 - Target MapId: -1, ZoneId: -1
[DEBUG] 2025-09-08 21:44:26.053 - Player: Mabư
[DEBUG] 2025-09-08 21:44:26.053 - >>> ENTERING ChangeMapService.changeMap()
[DEBUG] 2025-09-08 21:44:26.054 - >>> ENTERING ChangeMapService.changeMap()
[DEBUG] 2025-09-08 21:44:26.054 - Player: Ma trơi 65
[DEBUG] 2025-09-08 21:44:26.054 - Player: Chiến binh-5
[DEBUG] 2025-09-08 21:44:26.054 - Target MapId: -1, ZoneId: -1
[DEBUG] 2025-09-08 21:44:26.055 - Player: Broly 56
[DEBUG] 2025-09-08 21:44:26.055 - >>> ENTERING ChangeMapService.changeMap()
[DEBUG] 2025-09-08 21:44:26.055 - Target MapId: -1, ZoneId: -1
[DEBUG] 2025-09-08 21:44:26.055 - Target MapId: -1, ZoneId: -1
[DEBUG] 2025-09-08 21:44:26.055 - Target MapId: -1, ZoneId: -1
[DEBUG] 2025-09-08 21:44:26.056 - Player: Fide Vàng 64
[DEBUG] 2025-09-08 21:44:26.056 - >>> ENTERING ChangeMapService.changeMap()
[DEBUG] 2025-09-08 21:44:26.056 - >>> ENTERING ChangeMapService.changeMap()
[DEBUG] 2025-09-08 21:44:26.056 - >>> ENTERING ChangeMapService.changeMap()
[DEBUG] 2025-09-08 21:44:26.056 - Player: Mabư
[DEBUG] 2025-09-08 21:44:26.056 - Target MapId: -1, ZoneId: -1
[DEBUG] 2025-09-08 21:44:26.056 - >>> ENTERING ChangeMapService.changeMap()
[DEBUG] 2025-09-08 21:44:26.057 - Player: Bí ma 89
[DEBUG] 2025-09-08 21:44:26.057 - Player: Chiến binh-5
[DEBUG] 2025-09-08 21:44:26.057 - Target MapId: -1, ZoneId: -1
[DEBUG] 2025-09-08 21:44:26.057 - Player: Broly 65
[DEBUG] 2025-09-08 21:44:26.058 - >>> ENTERING ChangeMapService.changeMap()
[DEBUG] 2025-09-08 21:44:26.057 - Target MapId: -1, ZoneId: -1
[DEBUG] 2025-09-08 21:44:26.058 - Target MapId: -1, ZoneId: -1
[DEBUG] 2025-09-08 21:44:26.058 - >>> ENTERING ChangeMapService.changeMap()
[DEBUG] 2025-09-08 21:44:26.058 - Target MapId: -1, ZoneId: -1
[DEBUG] 2025-09-08 21:44:26.058 - Player: Fide Vàng 100
[DEBUG] 2025-09-08 21:44:26.058 - >>> ENTERING ChangeMapService.changeMap()
[DEBUG] 2025-09-08 21:44:26.058 - Player: Mabư
[DEBUG] 2025-09-08 21:44:26.058 - >>> ENTERING ChangeMapService.changeMap()
[DEBUG] 2025-09-08 21:44:26.060 - Target MapId: -1, ZoneId: -1
[DEBUG] 2025-09-08 21:44:26.060 - >>> ENTERING ChangeMapService.changeMap()
[DEBUG] 2025-09-08 21:44:26.060 - Player: Chiến binh-5
[DEBUG] 2025-09-08 21:44:26.060 - Target MapId: -1, ZoneId: -1
[DEBUG] 2025-09-08 21:44:26.060 - Player: Bí ma 73
[DEBUG] 2025-09-08 21:44:26.060 - Player: Broly 43
[DEBUG] 2025-09-08 21:44:26.060 - Target MapId: -1, ZoneId: -1
[DEBUG] 2025-09-08 21:44:26.061 - >>> ENTERING ChangeMapService.changeMap()
[DEBUG] 2025-09-08 21:44:26.061 - >>> ENTERING ChangeMapService.changeMap()
[DEBUG] 2025-09-08 21:44:26.061 - Target MapId: -1, ZoneId: -1
[DEBUG] 2025-09-08 21:44:26.061 - Target MapId: -1, ZoneId: -1
[DEBUG] 2025-09-08 21:44:26.062 - >>> ENTERING ChangeMapService.changeMap()
[DEBUG] 2025-09-08 21:44:26.062 - Player: Drabura
[DEBUG] 2025-09-08 21:44:26.062 - Player: Fide Vàng 7
[DEBUG] 2025-09-08 21:44:26.062 - >>> ENTERING ChangeMapService.changeMap()
[DEBUG] 2025-09-08 21:44:26.062 - Player: Chiến binh-5
[DEBUG] 2025-09-08 21:44:26.062 - >>> ENTERING ChangeMapService.changeMap()
[DEBUG] 2025-09-08 21:44:26.062 - Target MapId: -1, ZoneId: -1
[DEBUG] 2025-09-08 21:44:26.062 - Target MapId: -1, ZoneId: -1
[DEBUG] 2025-09-08 21:44:26.063 - Player: Bí ma 49
[DEBUG] 2025-09-08 21:44:26.063 - Target MapId: -1, ZoneId: -1
[DEBUG] 2025-09-08 21:44:26.063 - Player: Broly 56
[DEBUG] 2025-09-08 21:44:26.063 - Target MapId: -1, ZoneId: -1
[DEBUG] 2025-09-08 21:44:26.063 - >>> ENTERING ChangeMapService.changeMap()
[DEBUG] 2025-09-08 21:44:26.063 - Target MapId: -1, ZoneId: -1
[DEBUG] 2025-09-08 21:44:26.064 - >>> ENTERING ChangeMapService.changeMap()
[DEBUG] 2025-09-08 21:44:26.064 - >>> ENTERING ChangeMapService.changeMap()
[DEBUG] 2025-09-08 21:44:26.064 - >>> ENTERING ChangeMapService.changeMap()
[DEBUG] 2025-09-08 21:44:26.064 - Player: Drabura
[DEBUG] 2025-09-08 21:44:26.065 - >>> ENTERING ChangeMapService.changeMap()
[DEBUG] 2025-09-08 21:44:26.065 - Player: Chiến binh-5
[DEBUG] 2025-09-08 21:44:26.065 - Player: Black Goku 55
[DEBUG] 2025-09-08 21:44:26.065 - Target MapId: -1, ZoneId: -1
[DEBUG] 2025-09-08 21:44:26.065 - Player: Bí ma 19
[DEBUG] 2025-09-08 21:44:26.065 - Player: Broly 75
[DEBUG] 2025-09-08 21:44:26.066 - Target MapId: -1, ZoneId: -1
[DEBUG] 2025-09-08 21:44:26.066 - Target MapId: -1, ZoneId: -1
[DEBUG] 2025-09-08 21:44:26.066 - Target MapId: -1, ZoneId: -1
[DEBUG] 2025-09-08 21:44:26.066 - >>> ENTERING ChangeMapService.changeMap()
[DEBUG] 2025-09-08 21:44:26.066 - Target MapId: -1, ZoneId: -1
[DEBUG] 2025-09-08 21:44:26.067 - >>> ENTERING ChangeMapService.changeMap()
[DEBUG] 2025-09-08 21:44:26.067 - >>> ENTERING ChangeMapService.changeMap()
[DEBUG] 2025-09-08 21:44:26.067 - Player: Drabura
[DEBUG] 2025-09-08 21:44:26.067 - >>> ENTERING ChangeMapService.changeMap()
[DEBUG] 2025-09-08 21:44:26.067 - Player: Chiến binh-5
[DEBUG] 2025-09-08 21:44:26.067 - >>> ENTERING ChangeMapService.changeMap()
[DEBUG] 2025-09-08 21:44:26.068 - Player: Black Goku 97
[DEBUG] 2025-09-08 21:44:26.068 - Target MapId: -1, ZoneId: -1
[DEBUG] 2025-09-08 21:44:26.068 - Target MapId: -1, ZoneId: -1
[DEBUG] 2025-09-08 21:44:26.068 - Player: Broly 28
[DEBUG] 2025-09-08 21:44:26.068 - Player: Bí ma 61
[DEBUG] 2025-09-08 21:44:26.068 - Target MapId: -1, ZoneId: -1
[DEBUG] 2025-09-08 21:44:26.069 - >>> ENTERING ChangeMapService.changeMap()
[DEBUG] 2025-09-08 21:44:26.069 - >>> ENTERING ChangeMapService.changeMap()
[DEBUG] 2025-09-08 21:44:26.069 - Target MapId: -1, ZoneId: -1
[DEBUG] 2025-09-08 21:44:26.069 - Player: Drabura
[DEBUG] 2025-09-08 21:44:26.069 - Target MapId: -1, ZoneId: -1
[DEBUG] 2025-09-08 21:44:26.070 - Player: Chiến binh-5
[DEBUG] 2025-09-08 21:44:26.069 - >>> ENTERING ChangeMapService.changeMap()
[DEBUG] 2025-09-08 21:44:26.070 - >>> ENTERING ChangeMapService.changeMap()
[DEBUG] 2025-09-08 21:44:26.070 - Target MapId: -1, ZoneId: -1
[DEBUG] 2025-09-08 21:44:26.071 - Target MapId: -1, ZoneId: -1
[DEBUG] 2025-09-08 21:44:26.071 - Player: Cooler
[DEBUG] 2025-09-08 21:44:26.071 - >>> ENTERING ChangeMapService.changeMap()
[DEBUG] 2025-09-08 21:44:26.071 - Player: Broly 87
[DEBUG] 2025-09-08 21:44:26.071 - >>> ENTERING ChangeMapService.changeMap()
[DEBUG] 2025-09-08 21:44:26.071 - >>> ENTERING ChangeMapService.changeMap()
[DEBUG] 2025-09-08 21:44:26.071 - Target MapId: -1, ZoneId: -1
[DEBUG] 2025-09-08 21:44:26.072 - Player: Bí ma 87
[DEBUG] 2025-09-08 21:44:26.072 - Target MapId: -1, ZoneId: -1
[DEBUG] 2025-09-08 21:44:26.072 - Player: Drabura
[DEBUG] 2025-09-08 21:44:26.072 - Player: Chiến binh-5
[DEBUG] 2025-09-08 21:44:26.072 - >>> ENTERING ChangeMapService.changeMap()
[DEBUG] 2025-09-08 21:44:26.073 - Target MapId: -1, ZoneId: -1
[DEBUG] 2025-09-08 21:44:26.073 - >>> ENTERING ChangeMapService.changeMap()
[DEBUG] 2025-09-08 21:44:26.073 - Target MapId: -1, ZoneId: -1
[DEBUG] 2025-09-08 21:44:26.073 - Target MapId: -1, ZoneId: -1
[DEBUG] 2025-09-08 21:44:26.073 - Player: Dr.Kôrê
[DEBUG] 2025-09-08 21:44:26.073 - Player: Broly 34
[DEBUG] 2025-09-08 21:44:26.073 - >>> ENTERING ChangeMapService.changeMap()
[DEBUG] 2025-09-08 21:44:26.074 - >>> ENTERING ChangeMapService.changeMap()
[DEBUG] 2025-09-08 21:44:26.074 - >>> ENTERING ChangeMapService.changeMap()
[DEBUG] 2025-09-08 21:44:26.074 - Target MapId: -1, ZoneId: -1
[DEBUG] 2025-09-08 21:44:26.074 - Target MapId: -1, ZoneId: -1
[DEBUG] 2025-09-08 21:44:26.075 - Player: Bí ma 29
[DEBUG] 2025-09-08 21:44:26.075 - Player: Chiến binh-5
[DEBUG] 2025-09-08 21:44:26.075 - Player: Drabura
[DEBUG] 2025-09-08 21:44:26.075 - >>> ENTERING ChangeMapService.changeMap()
[DEBUG] 2025-09-08 21:44:26.075 - >>> ENTERING ChangeMapService.changeMap()
[DEBUG] 2025-09-08 21:44:26.076 - Target MapId: -1, ZoneId: -1
[DEBUG] 2025-09-08 21:44:26.075 - Target MapId: -1, ZoneId: -1
[DEBUG] 2025-09-08 21:44:26.075 - Target MapId: -1, ZoneId: -1
[DEBUG] 2025-09-08 21:44:26.076 - Player: Android 14
[DEBUG] 2025-09-08 21:44:26.076 - Player: Broly 56
[DEBUG] 2025-09-08 21:44:26.077 - >>> ENTERING ChangeMapService.changeMap()
[DEBUG] 2025-09-08 21:44:26.077 - Target MapId: -1, ZoneId: -1
[DEBUG] 2025-09-08 21:44:26.077 - >>> ENTERING ChangeMapService.changeMap()
[DEBUG] 2025-09-08 21:44:26.077 - >>> ENTERING ChangeMapService.changeMap()
[DEBUG] 2025-09-08 21:44:26.077 - Target MapId: -1, ZoneId: -1
[DEBUG] 2025-09-08 21:44:26.077 - >>> ENTERING ChangeMapService.changeMap()
[DEBUG] 2025-09-08 21:44:26.077 - Player: Bí ma 81
[DEBUG] 2025-09-08 21:44:26.078 - Player: Chiến binh-5
[DEBUG] 2025-09-08 21:44:26.078 - Player: Drabura
[DEBUG] 2025-09-08 21:44:26.078 - Target MapId: -1, ZoneId: -1
[DEBUG] 2025-09-08 21:44:26.078 - >>> ENTERING ChangeMapService.changeMap()
[DEBUG] 2025-09-08 21:44:26.078 - Player: Fide đại ca 1
[DEBUG] 2025-09-08 21:44:26.078 - Target MapId: -1, ZoneId: -1
[DEBUG] 2025-09-08 21:44:26.079 - Target MapId: -1, ZoneId: -1
[DEBUG] 2025-09-08 21:44:26.079 - >>> ENTERING ChangeMapService.changeMap()
[DEBUG] 2025-09-08 21:44:26.079 - Player: Broly 100
[DEBUG] 2025-09-08 21:44:26.079 - Target MapId: -1, ZoneId: -1
[DEBUG] 2025-09-08 21:44:26.079 - >>> ENTERING ChangeMapService.changeMap()
[DEBUG] 2025-09-08 21:44:26.079 - >>> ENTERING ChangeMapService.changeMap()
[DEBUG] 2025-09-08 21:44:26.080 - Player: Bí ma 19
[DEBUG] 2025-09-08 21:44:26.080 - Target MapId: -1, ZoneId: -1
[DEBUG] 2025-09-08 21:44:26.080 - >>> ENTERING ChangeMapService.changeMap()
[DEBUG] 2025-09-08 21:44:26.080 - Player: Tân binh-5
[DEBUG] 2025-09-08 21:44:26.080 - Player: Drabura
[DEBUG] 2025-09-08 21:44:26.080 - Target MapId: -1, ZoneId: -1
[DEBUG] 2025-09-08 21:44:26.081 - Player: Rambo
[DEBUG] 2025-09-08 21:44:26.081 - Target MapId: -1, ZoneId: -1
[DEBUG] 2025-09-08 21:44:26.081 - >>> ENTERING ChangeMapService.changeMap()
[DEBUG] 2025-09-08 21:44:26.081 - Target MapId: -1, ZoneId: -1
[DEBUG] 2025-09-08 21:44:26.082 - Target MapId: -1, ZoneId: -1
[DEBUG] 2025-09-08 21:44:26.082 - Player: Broly 70
[DEBUG] 2025-09-08 21:44:26.082 - >>> ENTERING ChangeMapService.changeMap()
[DEBUG] 2025-09-08 21:44:26.082 - Target MapId: -1, ZoneId: -1
[DEBUG] 2025-09-08 21:44:26.082 - >>> ENTERING ChangeMapService.changeMap()
[DEBUG] 2025-09-08 21:44:26.082 - >>> ENTERING ChangeMapService.changeMap()
[DEBUG] 2025-09-08 21:44:26.082 - >>> ENTERING ChangeMapService.changeMap()
[DEBUG] 2025-09-08 21:44:26.083 - Player: Bí ma 84
[DEBUG] 2025-09-08 21:44:26.083 - >>> ENTERING ChangeMapService.changeMap()
[DEBUG] 2025-09-08 21:44:26.083 - Player: Rambo
[DEBUG] 2025-09-08 21:44:26.083 - Player: Tân binh-5
[DEBUG] 2025-09-08 21:44:26.083 - Target MapId: -1, ZoneId: -1
[DEBUG] 2025-09-08 21:44:26.083 - Player: Drabura
[DEBUG] 2025-09-08 21:44:26.084 - Target MapId: -1, ZoneId: -1
[DEBUG] 2025-09-08 21:44:26.083 - Player: Broly 89
[DEBUG] 2025-09-08 21:44:26.084 - Target MapId: -1, ZoneId: -1
[DEBUG] 2025-09-08 21:44:26.084 - Target MapId: -1, ZoneId: -1
[DEBUG] 2025-09-08 21:44:26.084 - Target MapId: -1, ZoneId: -1
[DEBUG] 2025-09-08 21:44:26.084 - >>> ENTERING ChangeMapService.changeMap()
[DEBUG] 2025-09-08 21:44:26.084 - >>> ENTERING ChangeMapService.changeMap()
[DEBUG] 2025-09-08 21:44:26.084 - >>> ENTERING ChangeMapService.changeMap()
[DEBUG] 2025-09-08 21:44:26.085 - >>> ENTERING ChangeMapService.changeMap()
[DEBUG] 2025-09-08 21:44:26.085 - Player: Rambo
[DEBUG] 2025-09-08 21:44:26.085 - Player: Drabura
[DEBUG] 2025-09-08 21:44:26.085 - Player: Tân binh-5
[DEBUG] 2025-09-08 21:44:26.085 - Player: Broly 80
[DEBUG] 2025-09-08 21:44:26.085 - Target MapId: -1, ZoneId: -1
[DEBUG] 2025-09-08 21:44:26.086 - Target MapId: -1, ZoneId: -1
[DEBUG] 2025-09-08 21:44:26.086 - Target MapId: -1, ZoneId: -1
[DEBUG] 2025-09-08 21:44:26.086 - Target MapId: -1, ZoneId: -1
[DEBUG] 2025-09-08 21:44:26.086 - >>> ENTERING ChangeMapService.changeMap()
[DEBUG] 2025-09-08 21:44:26.086 - >>> ENTERING ChangeMapService.changeMap()
[DEBUG] 2025-09-08 21:44:26.087 - >>> ENTERING ChangeMapService.changeMap()
[DEBUG] 2025-09-08 21:44:26.087 - >>> ENTERING ChangeMapService.changeMap()
[DEBUG] 2025-09-08 21:44:26.087 - Player: Rambo
[DEBUG] 2025-09-08 21:44:26.087 - Player: Ya côn
[DEBUG] 2025-09-08 21:44:26.087 - Player: Broly 51
[DEBUG] 2025-09-08 21:44:26.087 - Player: Tân binh-5
[DEBUG] 2025-09-08 21:44:26.088 - Target MapId: -1, ZoneId: -1
[DEBUG] 2025-09-08 21:44:26.088 - Target MapId: -1, ZoneId: -1
[DEBUG] 2025-09-08 21:44:26.088 - Target MapId: -1, ZoneId: -1
[DEBUG] 2025-09-08 21:44:26.088 - Target MapId: -1, ZoneId: -1
[DEBUG] 2025-09-08 21:44:26.088 - >>> ENTERING ChangeMapService.changeMap()
[DEBUG] 2025-09-08 21:44:26.088 - >>> ENTERING ChangeMapService.changeMap()
[DEBUG] 2025-09-08 21:44:26.089 - >>> ENTERING ChangeMapService.changeMap()
[DEBUG] 2025-09-08 21:44:26.089 - >>> ENTERING ChangeMapService.changeMap()
[DEBUG] 2025-09-08 21:44:26.090 - Player: Rambo
[DEBUG] 2025-09-08 21:44:26.090 - Player: Ya côn
[DEBUG] 2025-09-08 21:44:26.090 - Player: Tân binh-5
[DEBUG] 2025-09-08 21:44:26.090 - Player: Broly 54
[DEBUG] 2025-09-08 21:44:26.090 - Target MapId: -1, ZoneId: -1
[DEBUG] 2025-09-08 21:44:26.091 - Target MapId: -1, ZoneId: -1
[DEBUG] 2025-09-08 21:44:26.091 - Target MapId: -1, ZoneId: -1
[DEBUG] 2025-09-08 21:44:26.091 - Target MapId: -1, ZoneId: -1
[DEBUG] 2025-09-08 21:44:26.091 - >>> ENTERING ChangeMapService.changeMap()
[DEBUG] 2025-09-08 21:44:26.091 - >>> ENTERING ChangeMapService.changeMap()
[DEBUG] 2025-09-08 21:44:26.092 - >>> ENTERING ChangeMapService.changeMap()
[DEBUG] 2025-09-08 21:44:26.092 - >>> ENTERING ChangeMapService.changeMap()
[DEBUG] 2025-09-08 21:44:26.092 - Player: Rambo
[DEBUG] 2025-09-08 21:44:26.092 - Player: Ya côn
[DEBUG] 2025-09-08 21:44:26.092 - Player: Broly 32
[DEBUG] 2025-09-08 21:44:26.093 - Target MapId: -1, ZoneId: -1
[DEBUG] 2025-09-08 21:44:26.093 - Target MapId: -1, ZoneId: -1
[DEBUG] 2025-09-08 21:44:26.093 - Player: Tân binh-5
[DEBUG] 2025-09-08 21:44:26.093 - Target MapId: -1, ZoneId: -1
[DEBUG] 2025-09-08 21:44:26.094 - >>> ENTERING ChangeMapService.changeMap()
[DEBUG] 2025-09-08 21:44:26.094 - Target MapId: -1, ZoneId: -1
[DEBUG] 2025-09-08 21:44:26.094 - >>> ENTERING ChangeMapService.changeMap()
[DEBUG] 2025-09-08 21:44:26.094 - >>> ENTERING ChangeMapService.changeMap()
[DEBUG] 2025-09-08 21:44:26.094 - Player: Rambo
[DEBUG] 2025-09-08 21:44:26.095 - Player: Ya côn
[DEBUG] 2025-09-08 21:44:26.095 - Player: Broly 57
[DEBUG] 2025-09-08 21:44:26.095 - >>> ENTERING ChangeMapService.changeMap()
[DEBUG] 2025-09-08 21:44:26.095 - Target MapId: -1, ZoneId: -1
[DEBUG] 2025-09-08 21:44:26.095 - Target MapId: -1, ZoneId: -1
[DEBUG] 2025-09-08 21:44:26.095 - Target MapId: -1, ZoneId: -1
[DEBUG] 2025-09-08 21:44:26.096 - Player: Tân binh-5
[DEBUG] 2025-09-08 21:44:26.096 - >>> ENTERING ChangeMapService.changeMap()
[DEBUG] 2025-09-08 21:44:26.096 - >>> ENTERING ChangeMapService.changeMap()
[DEBUG] 2025-09-08 21:44:26.096 - >>> ENTERING ChangeMapService.changeMap()
[DEBUG] 2025-09-08 21:44:26.096 - Target MapId: -1, ZoneId: -1
[DEBUG] 2025-09-08 21:44:26.097 - Player: Ya côn
[DEBUG] 2025-09-08 21:44:26.097 - Player: Broly 93
[DEBUG] 2025-09-08 21:44:26.097 - Player: Rambo
[DEBUG] 2025-09-08 21:44:26.098 - >>> ENTERING ChangeMapService.changeMap()
[DEBUG] 2025-09-08 21:44:26.098 - Target MapId: -1, ZoneId: -1
[DEBUG] 2025-09-08 21:44:26.098 - Target MapId: -1, ZoneId: -1
[DEBUG] 2025-09-08 21:44:26.098 - Target MapId: -1, ZoneId: -1
[DEBUG] 2025-09-08 21:44:26.098 - Player: Tân binh-5
[DEBUG] 2025-09-08 21:44:26.098 - >>> ENTERING ChangeMapService.changeMap()
[DEBUG] 2025-09-08 21:44:26.098 - >>> ENTERING ChangeMapService.changeMap()
[DEBUG] 2025-09-08 21:44:26.100 - >>> ENTERING ChangeMapService.changeMap()
[DEBUG] 2025-09-08 21:44:26.100 - Target MapId: -1, ZoneId: -1
[DEBUG] 2025-09-08 21:44:26.100 - Player: Ya côn
[DEBUG] 2025-09-08 21:44:26.100 - Player: Rambo
[DEBUG] 2025-09-08 21:44:26.100 - Player: Broly 30
[DEBUG] 2025-09-08 21:44:26.100 - Target MapId: -1, ZoneId: -1
[DEBUG] 2025-09-08 21:44:26.101 - >>> ENTERING ChangeMapService.changeMap()
[DEBUG] 2025-09-08 21:44:26.100 - Target MapId: -1, ZoneId: -1
[DEBUG] 2025-09-08 21:44:26.101 - Target MapId: -1, ZoneId: -1
[DEBUG] 2025-09-08 21:44:26.101 - >>> ENTERING ChangeMapService.changeMap()
[DEBUG] 2025-09-08 21:44:26.101 - >>> ENTERING ChangeMapService.changeMap()
[DEBUG] 2025-09-08 21:44:26.101 - Player: Tân binh-5
[DEBUG] 2025-09-08 21:44:26.101 - >>> ENTERING ChangeMapService.changeMap()
[DEBUG] 2025-09-08 21:44:26.102 - Player: Ya côn
[DEBUG] 2025-09-08 21:44:26.102 - Target MapId: -1, ZoneId: -1
[DEBUG] 2025-09-08 21:44:26.102 - Player: Rambo
[DEBUG] 2025-09-08 21:44:26.102 - Player: Broly 68
[DEBUG] 2025-09-08 21:44:26.102 - Target MapId: -1, ZoneId: -1
[DEBUG] 2025-09-08 21:44:26.102 - Target MapId: -1, ZoneId: -1
[DEBUG] 2025-09-08 21:44:26.103 - Target MapId: -1, ZoneId: -1
[DEBUG] 2025-09-08 21:44:26.103 - >>> ENTERING ChangeMapService.changeMap()
[DEBUG] 2025-09-08 21:44:26.103 - >>> ENTERING ChangeMapService.changeMap()
[DEBUG] 2025-09-08 21:44:26.103 - >>> ENTERING ChangeMapService.changeMap()
[DEBUG] 2025-09-08 21:44:26.103 - >>> ENTERING ChangeMapService.changeMap()
[DEBUG] 2025-09-08 21:44:26.104 - Player: Tân binh-5
[DEBUG] 2025-09-08 21:44:26.104 - Player: Ya côn
[DEBUG] 2025-09-08 21:44:26.104 - Player: Broly 64
[DEBUG] 2025-09-08 21:44:26.104 - Player: Mập Đầu Đinh
[DEBUG] 2025-09-08 21:44:26.105 - Target MapId: -1, ZoneId: -1
[DEBUG] 2025-09-08 21:44:26.105 - Target MapId: -1, ZoneId: -1
[DEBUG] 2025-09-08 21:44:26.105 - Target MapId: -1, ZoneId: -1
[DEBUG] 2025-09-08 21:44:26.105 - Target MapId: -1, ZoneId: -1
[DEBUG] 2025-09-08 21:44:26.106 - >>> ENTERING ChangeMapService.changeMap()
[DEBUG] 2025-09-08 21:44:26.106 - >>> ENTERING ChangeMapService.changeMap()
[DEBUG] 2025-09-08 21:44:26.106 - >>> ENTERING ChangeMapService.changeMap()
[DEBUG] 2025-09-08 21:44:26.106 - Player: Tân binh-5
[DEBUG] 2025-09-08 21:44:26.106 - Player: Ya côn
[DEBUG] 2025-09-08 21:44:26.106 - >>> ENTERING ChangeMapService.changeMap()
[DEBUG] 2025-09-08 21:44:26.107 - Player: Mập Đầu Đinh
[DEBUG] 2025-09-08 21:44:26.107 - Target MapId: -1, ZoneId: -1
[DEBUG] 2025-09-08 21:44:26.107 - Player: Broly 49
[DEBUG] 2025-09-08 21:44:26.107 - Target MapId: -1, ZoneId: -1
[DEBUG] 2025-09-08 21:44:26.107 - Target MapId: -1, ZoneId: -1
[DEBUG] 2025-09-08 21:44:26.108 - Target MapId: -1, ZoneId: -1
[DEBUG] 2025-09-08 21:44:26.108 - >>> ENTERING ChangeMapService.changeMap()
[DEBUG] 2025-09-08 21:44:26.108 - >>> ENTERING ChangeMapService.changeMap()
[DEBUG] 2025-09-08 21:44:26.108 - >>> ENTERING ChangeMapService.changeMap()
[DEBUG] 2025-09-08 21:44:26.108 - Player: Tân binh-5
[DEBUG] 2025-09-08 21:44:26.108 - >>> ENTERING ChangeMapService.changeMap()
[DEBUG] 2025-09-08 21:44:26.108 - Player: Ya côn
[DEBUG] 2025-09-08 21:44:26.108 - Player: Mập Đầu Đinh
[DEBUG] 2025-09-08 21:44:26.110 - Target MapId: -1, ZoneId: -1
[DEBUG] 2025-09-08 21:44:26.110 - Player: Broly 25
[DEBUG] 2025-09-08 21:44:26.110 - Target MapId: -1, ZoneId: -1
[DEBUG] 2025-09-08 21:44:26.110 - Target MapId: -1, ZoneId: -1
[DEBUG] 2025-09-08 21:44:26.111 - Target MapId: -1, ZoneId: -1
[DEBUG] 2025-09-08 21:44:26.111 - >>> ENTERING ChangeMapService.changeMap()
[DEBUG] 2025-09-08 21:44:26.111 - >>> ENTERING ChangeMapService.changeMap()
[DEBUG] 2025-09-08 21:44:26.111 - >>> ENTERING ChangeMapService.changeMap()
[DEBUG] 2025-09-08 21:44:26.111 - >>> ENTERING ChangeMapService.changeMap()
[DEBUG] 2025-09-08 21:44:26.111 - Player: Bui Bui
[DEBUG] 2025-09-08 21:44:26.112 - Player: Tân binh-5
[DEBUG] 2025-09-08 21:44:26.112 - Player: Mập Đầu Đinh
[DEBUG] 2025-09-08 21:44:26.112 - Player: Broly 38
[DEBUG] 2025-09-08 21:44:26.112 - Target MapId: -1, ZoneId: -1
[DEBUG] 2025-09-08 21:44:26.112 - Target MapId: -1, ZoneId: -1
[DEBUG] 2025-09-08 21:44:26.112 - Target MapId: -1, ZoneId: -1
[DEBUG] 2025-09-08 21:44:26.112 - Target MapId: -1, ZoneId: -1
[DEBUG] 2025-09-08 21:44:26.113 - >>> ENTERING ChangeMapService.changeMap()
[DEBUG] 2025-09-08 21:44:26.113 - >>> ENTERING ChangeMapService.changeMap()
[DEBUG] 2025-09-08 21:44:26.113 - >>> ENTERING ChangeMapService.changeMap()
[DEBUG] 2025-09-08 21:44:26.113 - >>> ENTERING ChangeMapService.changeMap()
[DEBUG] 2025-09-08 21:44:26.113 - Player: Bui Bui
[DEBUG] 2025-09-08 21:44:26.113 - Player: Mập Đầu Đinh
[DEBUG] 2025-09-08 21:44:26.114 - Player: Broly 96
[DEBUG] 2025-09-08 21:44:26.114 - Player: Tân binh-5
[DEBUG] 2025-09-08 21:44:26.114 - Target MapId: -1, ZoneId: -1
[DEBUG] 2025-09-08 21:44:26.114 - Target MapId: -1, ZoneId: -1
[DEBUG] 2025-09-08 21:44:26.114 - Target MapId: -1, ZoneId: -1
[DEBUG] 2025-09-08 21:44:26.114 - Target MapId: -1, ZoneId: -1
[DEBUG] 2025-09-08 21:44:26.115 - >>> ENTERING ChangeMapService.changeMap()
[DEBUG] 2025-09-08 21:44:26.115 - >>> ENTERING ChangeMapService.changeMap()
[DEBUG] 2025-09-08 21:44:26.115 - >>> ENTERING ChangeMapService.changeMap()
[DEBUG] 2025-09-08 21:44:26.115 - >>> ENTERING ChangeMapService.changeMap()
[DEBUG] 2025-09-08 21:44:26.115 - Player: Bui Bui
[DEBUG] 2025-09-08 21:44:26.115 - Player: Mập Đầu Đinh
[DEBUG] 2025-09-08 21:44:26.115 - Player: Broly 36
[DEBUG] 2025-09-08 21:44:26.116 - Player: Tân binh-5
[DEBUG] 2025-09-08 21:44:26.116 - Target MapId: -1, ZoneId: -1
[DEBUG] 2025-09-08 21:44:26.116 - Target MapId: -1, ZoneId: -1
[DEBUG] 2025-09-08 21:44:26.116 - Target MapId: -1, ZoneId: -1
[DEBUG] 2025-09-08 21:44:26.116 - Target MapId: -1, ZoneId: -1
[DEBUG] 2025-09-08 21:44:26.116 - >>> ENTERING ChangeMapService.changeMap()
[DEBUG] 2025-09-08 21:44:26.117 - >>> ENTERING ChangeMapService.changeMap()
[DEBUG] 2025-09-08 21:44:26.117 - >>> ENTERING ChangeMapService.changeMap()
[DEBUG] 2025-09-08 21:44:26.117 - Player: Bui Bui
[DEBUG] 2025-09-08 21:44:26.117 - Player: Mập Đầu Đinh
[DEBUG] 2025-09-08 21:44:26.117 - Player: Broly 26
[DEBUG] 2025-09-08 21:44:26.118 - Target MapId: -1, ZoneId: -1
[DEBUG] 2025-09-08 21:44:26.118 - Target MapId: -1, ZoneId: -1
[DEBUG] 2025-09-08 21:44:26.118 - Target MapId: -1, ZoneId: -1
[DEBUG] 2025-09-08 21:44:26.118 - >>> ENTERING ChangeMapService.changeMap()
[DEBUG] 2025-09-08 21:44:26.118 - >>> ENTERING ChangeMapService.changeMap()
[DEBUG] 2025-09-08 21:44:26.118 - >>> ENTERING ChangeMapService.changeMap()
[DEBUG] 2025-09-08 21:44:26.118 - Player: Mập Đầu Đinh
[DEBUG] 2025-09-08 21:44:26.118 - Player: Bui Bui
[DEBUG] 2025-09-08 21:44:26.119 - Player: Broly 24
[DEBUG] 2025-09-08 21:44:26.119 - Target MapId: -1, ZoneId: -1
[DEBUG] 2025-09-08 21:44:26.119 - Target MapId: -1, ZoneId: -1
[DEBUG] 2025-09-08 21:44:26.120 - Target MapId: -1, ZoneId: -1
[DEBUG] 2025-09-08 21:44:26.120 - >>> ENTERING ChangeMapService.changeMap()
[DEBUG] 2025-09-08 21:44:26.120 - >>> ENTERING ChangeMapService.changeMap()
[DEBUG] 2025-09-08 21:44:26.120 - >>> ENTERING ChangeMapService.changeMap()
[DEBUG] 2025-09-08 21:44:26.121 - Player: Mập Đầu Đinh
[DEBUG] 2025-09-08 21:44:26.121 - Player: Bui Bui
[DEBUG] 2025-09-08 21:44:26.121 - Player: Broly 76
[DEBUG] 2025-09-08 21:44:26.121 - Target MapId: -1, ZoneId: -1
[DEBUG] 2025-09-08 21:44:26.121 - Target MapId: -1, ZoneId: -1
[DEBUG] 2025-09-08 21:44:26.121 - Target MapId: -1, ZoneId: -1
[DEBUG] 2025-09-08 21:44:26.121 - >>> ENTERING ChangeMapService.changeMap()
[DEBUG] 2025-09-08 21:44:26.122 - >>> ENTERING ChangeMapService.changeMap()
[DEBUG] 2025-09-08 21:44:26.122 - >>> ENTERING ChangeMapService.changeMap()
[DEBUG] 2025-09-08 21:44:26.122 - Player: Mập Đầu Đinh
[DEBUG] 2025-09-08 21:44:26.122 - Player: Bui Bui
[DEBUG] 2025-09-08 21:44:26.122 - Player: Broly 51
[DEBUG] 2025-09-08 21:44:26.123 - Target MapId: -1, ZoneId: -1
[DEBUG] 2025-09-08 21:44:26.123 - Target MapId: -1, ZoneId: -1
[DEBUG] 2025-09-08 21:44:26.123 - Target MapId: -1, ZoneId: -1
[DEBUG] 2025-09-08 21:44:26.123 - >>> ENTERING ChangeMapService.changeMap()
[DEBUG] 2025-09-08 21:44:26.123 - >>> ENTERING ChangeMapService.changeMap()
[DEBUG] 2025-09-08 21:44:26.124 - >>> ENTERING ChangeMapService.changeMap()
[DEBUG] 2025-09-08 21:44:26.124 - Player: Kuku
[DEBUG] 2025-09-08 21:44:26.124 - Player: Bui Bui
[DEBUG] 2025-09-08 21:44:26.124 - Player: Broly 99
[DEBUG] 2025-09-08 21:44:26.124 - Target MapId: -1, ZoneId: -1
[DEBUG] 2025-09-08 21:44:26.125 - Target MapId: -1, ZoneId: -1
[DEBUG] 2025-09-08 21:44:26.125 - Target MapId: -1, ZoneId: -1
[DEBUG] 2025-09-08 21:44:26.125 - >>> ENTERING ChangeMapService.changeMap()
[DEBUG] 2025-09-08 21:44:26.125 - >>> ENTERING ChangeMapService.changeMap()
[DEBUG] 2025-09-08 21:44:26.125 - >>> ENTERING ChangeMapService.changeMap()
[DEBUG] 2025-09-08 21:44:26.125 - Player: Kuku
[DEBUG] 2025-09-08 21:44:26.126 - Player: Broly 99
[DEBUG] 2025-09-08 21:44:26.126 - Player: Bui Bui
[DEBUG] 2025-09-08 21:44:26.126 - Target MapId: -1, ZoneId: -1
[DEBUG] 2025-09-08 21:44:26.126 - Target MapId: -1, ZoneId: -1
[DEBUG] 2025-09-08 21:44:26.127 - Target MapId: -1, ZoneId: -1
[DEBUG] 2025-09-08 21:44:26.127 - >>> ENTERING ChangeMapService.changeMap()
[DEBUG] 2025-09-08 21:44:26.127 - >>> ENTERING ChangeMapService.changeMap()
[DEBUG] 2025-09-08 21:44:26.127 - >>> ENTERING ChangeMapService.changeMap()
[DEBUG] 2025-09-08 21:44:26.127 - Player: Broly 15
[DEBUG] 2025-09-08 21:44:26.127 - Player: Kuku
[DEBUG] 2025-09-08 21:44:26.128 - Target MapId: -1, ZoneId: -1
[DEBUG] 2025-09-08 21:44:26.128 - Player: Bui Bui
[DEBUG] 2025-09-08 21:44:26.128 - Target MapId: -1, ZoneId: -1
[DEBUG] 2025-09-08 21:44:26.128 - Target MapId: -1, ZoneId: -1
[DEBUG] 2025-09-08 21:44:26.128 - >>> ENTERING ChangeMapService.changeMap()
[DEBUG] 2025-09-08 21:44:26.128 - >>> ENTERING ChangeMapService.changeMap()
[DEBUG] 2025-09-08 21:44:26.128 - >>> ENTERING ChangeMapService.changeMap()
[DEBUG] 2025-09-08 21:44:26.128 - Player: Kuku
[DEBUG] 2025-09-08 21:44:26.128 - Player: Broly 15
[DEBUG] 2025-09-08 21:44:26.129 - Player: Bui Bui
[DEBUG] 2025-09-08 21:44:26.129 - Target MapId: -1, ZoneId: -1
[DEBUG] 2025-09-08 21:44:26.129 - Target MapId: -1, ZoneId: -1
[DEBUG] 2025-09-08 21:44:26.129 - Target MapId: -1, ZoneId: -1
[DEBUG] 2025-09-08 21:44:26.131 - >>> ENTERING ChangeMapService.changeMap()
[DEBUG] 2025-09-08 21:44:26.131 - >>> ENTERING ChangeMapService.changeMap()
[DEBUG] 2025-09-08 21:44:26.131 - >>> ENTERING ChangeMapService.changeMap()
[DEBUG] 2025-09-08 21:44:26.131 - Player: Broly 60
[DEBUG] 2025-09-08 21:44:26.132 - Player: Kuku
[DEBUG] 2025-09-08 21:44:26.132 - Player: Bui Bui
[DEBUG] 2025-09-08 21:44:26.132 - Target MapId: -1, ZoneId: -1
[DEBUG] 2025-09-08 21:44:26.132 - Target MapId: -1, ZoneId: -1
[DEBUG] 2025-09-08 21:44:26.132 - Target MapId: -1, ZoneId: -1
[DEBUG] 2025-09-08 21:44:26.133 - >>> ENTERING ChangeMapService.changeMap()
[DEBUG] 2025-09-08 21:44:26.132 - >>> ENTERING ChangeMapService.changeMap()
[DEBUG] 2025-09-08 21:44:26.133 - >>> ENTERING ChangeMapService.changeMap()
[DEBUG] 2025-09-08 21:44:26.133 - Player: Kuku
[DEBUG] 2025-09-08 21:44:26.133 - Player: Broly 86
[DEBUG] 2025-09-08 21:44:26.133 - Player: Bui Bui
[DEBUG] 2025-09-08 21:44:26.134 - Target MapId: -1, ZoneId: -1
[DEBUG] 2025-09-08 21:44:26.134 - Target MapId: -1, ZoneId: -1
[DEBUG] 2025-09-08 21:44:26.134 - Target MapId: -1, ZoneId: -1
[DEBUG] 2025-09-08 21:44:26.134 - >>> ENTERING ChangeMapService.changeMap()
[DEBUG] 2025-09-08 21:44:26.134 - >>> ENTERING ChangeMapService.changeMap()
[DEBUG] 2025-09-08 21:44:26.134 - Player: Kuku
[DEBUG] 2025-09-08 21:44:26.134 - >>> ENTERING ChangeMapService.changeMap()
[DEBUG] 2025-09-08 21:44:26.135 - Player: Bui Bui
[DEBUG] 2025-09-08 21:44:26.135 - Target MapId: -1, ZoneId: -1
[DEBUG] 2025-09-08 21:44:26.135 - Player: Broly 72
[DEBUG] 2025-09-08 21:44:26.135 - Target MapId: -1, ZoneId: -1
[DEBUG] 2025-09-08 21:44:26.136 - Target MapId: -1, ZoneId: -1
[DEBUG] 2025-09-08 21:44:26.136 - >>> ENTERING ChangeMapService.changeMap()
[DEBUG] 2025-09-08 21:44:26.136 - >>> ENTERING ChangeMapService.changeMap()
[DEBUG] 2025-09-08 21:44:26.136 - Player: Kuku
[DEBUG] 2025-09-08 21:44:26.136 - Player: Bui Bui
[DEBUG] 2025-09-08 21:44:26.137 - Target MapId: -1, ZoneId: -1
[DEBUG] 2025-09-08 21:44:26.137 - Target MapId: -1, ZoneId: -1
[DEBUG] 2025-09-08 21:44:26.137 - >>> ENTERING ChangeMapService.changeMap()
[DEBUG] 2025-09-08 21:44:26.137 - >>> ENTERING ChangeMapService.changeMap()
[DEBUG] 2025-09-08 21:44:26.138 - Player: Bui Bui
[DEBUG] 2025-09-08 21:44:26.138 - Player: Kuku
[DEBUG] 2025-09-08 21:44:26.138 - Target MapId: -1, ZoneId: -1
[DEBUG] 2025-09-08 21:44:26.138 - Target MapId: -1, ZoneId: -1
[DEBUG] 2025-09-08 21:44:26.139 - >>> ENTERING ChangeMapService.changeMap()
[DEBUG] 2025-09-08 21:44:26.139 - >>> ENTERING ChangeMapService.changeMap()
[DEBUG] 2025-09-08 21:44:26.139 - Player: Bui Bui
[DEBUG] 2025-09-08 21:44:26.139 - Player: Kuku
[DEBUG] 2025-09-08 21:44:26.139 - Target MapId: -1, ZoneId: -1
[DEBUG] 2025-09-08 21:44:26.140 - Target MapId: -1, ZoneId: -1
[DEBUG] 2025-09-08 21:44:26.140 - >>> ENTERING ChangeMapService.changeMap()
[DEBUG] 2025-09-08 21:44:26.140 - Player: Bui Bui
[DEBUG] 2025-09-08 21:44:26.140 - Target MapId: -1, ZoneId: -1
[DEBUG] 2025-09-08 21:44:26.140 - >>> ENTERING ChangeMapService.changeMap()
[DEBUG] 2025-09-08 21:44:26.140 - >>> ENTERING ChangeMapService.changeMap()
[DEBUG] 2025-09-08 21:44:26.140 - Player: Xên Hoàn Thiện
[DEBUG] 2025-09-08 21:44:26.140 - Player: Bui Bui
[DEBUG] 2025-09-08 21:44:26.141 - Target MapId: -1, ZoneId: -1
[DEBUG] 2025-09-08 21:44:26.141 - Target MapId: -1, ZoneId: -1
[DEBUG] 2025-09-08 21:44:26.141 - >>> ENTERING ChangeMapService.changeMap()
[DEBUG] 2025-09-08 21:44:26.141 - >>> ENTERING ChangeMapService.changeMap()
[DEBUG] 2025-09-08 21:44:26.142 - Player: Bui Bui
[DEBUG] 2025-09-08 21:44:26.142 - Player: Xên bọ hung 1
[DEBUG] 2025-09-08 21:44:26.142 - Target MapId: -1, ZoneId: -1
[DEBUG] 2025-09-08 21:44:26.142 - Target MapId: -1, ZoneId: -1
[DEBUG] 2025-09-08 21:44:26.143 - >>> ENTERING ChangeMapService.changeMap()
[DEBUG] 2025-09-08 21:44:26.143 - >>> ENTERING ChangeMapService.changeMap()
[DEBUG] 2025-09-08 21:44:26.144 - Player: Drabura
[DEBUG] 2025-09-08 21:44:26.144 - Player: King Kong
[DEBUG] 2025-09-08 21:44:26.144 - Target MapId: -1, ZoneId: -1
[DEBUG] 2025-09-08 21:44:26.144 - Target MapId: -1, ZoneId: -1
[DEBUG] 2025-09-08 21:44:26.144 - >>> ENTERING ChangeMapService.changeMap()
[DEBUG] 2025-09-08 21:44:26.145 - Player: Drabura
[DEBUG] 2025-09-08 21:44:26.145 - >>> ENTERING ChangeMapService.changeMap()
[DEBUG] 2025-09-08 21:44:26.145 - Target MapId: -1, ZoneId: -1
[DEBUG] 2025-09-08 21:44:26.145 - Player: Tiểu đội trưởng
[DEBUG] 2025-09-08 21:44:26.146 - >>> ENTERING ChangeMapService.changeMap()
[DEBUG] 2025-09-08 21:44:26.146 - Target MapId: -1, ZoneId: -1
[DEBUG] 2025-09-08 21:44:26.146 - Player: Drabura
[DEBUG] 2025-09-08 21:44:26.147 - Target MapId: -1, ZoneId: -1
[DEBUG] 2025-09-08 21:44:26.147 - >>> ENTERING ChangeMapService.changeMap()
[DEBUG] 2025-09-08 21:44:26.147 - >>> ENTERING ChangeMapService.changeMap()
[DEBUG] 2025-09-08 21:44:26.147 - Player: Tiểu đội trưởng
[DEBUG] 2025-09-08 21:44:26.147 - Player: Drabura
[DEBUG] 2025-09-08 21:44:26.148 - Target MapId: -1, ZoneId: -1
[DEBUG] 2025-09-08 21:44:26.148 - Target MapId: -1, ZoneId: -1
[DEBUG] 2025-09-08 21:44:26.149 - >>> ENTERING ChangeMapService.changeMap()
[DEBUG] 2025-09-08 21:44:26.149 - >>> ENTERING ChangeMapService.changeMap()
[DEBUG] 2025-09-08 21:44:26.149 - Player: Drabura
[DEBUG] 2025-09-08 21:44:26.149 - Player: Thỏ Đại Ka 97
[DEBUG] 2025-09-08 21:44:26.149 - Target MapId: -1, ZoneId: -1
[DEBUG] 2025-09-08 21:44:26.149 - Target MapId: -1, ZoneId: -1
[DEBUG] 2025-09-08 21:44:26.149 - >>> ENTERING ChangeMapService.changeMap()
[DEBUG] 2025-09-08 21:44:26.150 - Player: Drabura
[DEBUG] 2025-09-08 21:44:26.150 - >>> ENTERING ChangeMapService.changeMap()
[DEBUG] 2025-09-08 21:44:26.150 - Target MapId: -1, ZoneId: -1
[DEBUG] 2025-09-08 21:44:26.150 - Player: Thỏ Đại Ka 88
[DEBUG] 2025-09-08 21:44:26.150 - Target MapId: -1, ZoneId: -1
[DEBUG] 2025-09-08 21:44:26.150 - >>> ENTERING ChangeMapService.changeMap()
[DEBUG] 2025-09-08 21:44:26.152 - Player: Drabura
[DEBUG] 2025-09-08 21:44:26.152 - >>> ENTERING ChangeMapService.changeMap()
[DEBUG] 2025-09-08 21:44:26.152 - Target MapId: -1, ZoneId: -1
[DEBUG] 2025-09-08 21:44:26.152 - Player: Thỏ Đại Ka 77
[DEBUG] 2025-09-08 21:44:26.152 - >>> ENTERING ChangeMapService.changeMap()
[DEBUG] 2025-09-08 21:44:26.152 - Target MapId: -1, ZoneId: -1
[DEBUG] 2025-09-08 21:44:26.153 - Player: Drabura
[DEBUG] 2025-09-08 21:44:26.153 - Target MapId: -1, ZoneId: -1
[DEBUG] 2025-09-08 21:44:26.153 - >>> ENTERING ChangeMapService.changeMap()
[DEBUG] 2025-09-08 21:44:26.154 - >>> ENTERING ChangeMapService.changeMap()
[DEBUG] 2025-09-08 21:44:26.154 - Player: Thỏ Đại Ka 85
[DEBUG] 2025-09-08 21:44:26.154 - Player: Drabura
[DEBUG] 2025-09-08 21:44:26.154 - Target MapId: -1, ZoneId: -1
[DEBUG] 2025-09-08 21:44:26.155 - Target MapId: -1, ZoneId: -1
[DEBUG] 2025-09-08 21:44:26.155 - >>> ENTERING ChangeMapService.changeMap()
[DEBUG] 2025-09-08 21:44:26.155 - >>> ENTERING ChangeMapService.changeMap()
[DEBUG] 2025-09-08 21:44:26.155 - Player: Thỏ Đại Ka 86
[DEBUG] 2025-09-08 21:44:26.156 - Player: Drabura
[DEBUG] 2025-09-08 21:44:26.156 - Target MapId: -1, ZoneId: -1
[DEBUG] 2025-09-08 21:44:26.156 - Target MapId: -1, ZoneId: -1
[DEBUG] 2025-09-08 21:44:26.156 - >>> ENTERING ChangeMapService.changeMap()
[DEBUG] 2025-09-08 21:44:26.157 - >>> ENTERING ChangeMapService.changeMap()
[DEBUG] 2025-09-08 21:44:26.157 - Player: Ăn trộm 100
[DEBUG] 2025-09-08 21:44:26.157 - Player: Tàu Pảy Pảy
[DEBUG] 2025-09-08 21:44:26.157 - Target MapId: -1, ZoneId: -1
[DEBUG] 2025-09-08 21:44:26.158 - Target MapId: -1, ZoneId: -1
[DEBUG] 2025-09-08 21:44:26.158 - >>> ENTERING ChangeMapService.changeMap()
[DEBUG] 2025-09-08 21:44:26.158 - >>> ENTERING ChangeMapService.changeMap()
[DEBUG] 2025-09-08 21:44:26.158 - Player: Ăn trộm 80
[DEBUG] 2025-09-08 21:44:26.158 - Player: Tàu Pảy Pảy
[DEBUG] 2025-09-08 21:44:26.159 - Target MapId: -1, ZoneId: -1
[DEBUG] 2025-09-08 21:44:26.159 - Target MapId: -1, ZoneId: -1
[DEBUG] 2025-09-08 21:44:26.159 - >>> ENTERING ChangeMapService.changeMap()
[DEBUG] 2025-09-08 21:44:26.159 - >>> ENTERING ChangeMapService.changeMap()
[DEBUG] 2025-09-08 21:44:26.159 - Player: Ăn trộm 51
[DEBUG] 2025-09-08 21:44:26.161 - Player: Tàu Pảy Pảy
[DEBUG] 2025-09-08 21:44:26.161 - Target MapId: -1, ZoneId: -1
[DEBUG] 2025-09-08 21:44:26.161 - Target MapId: -1, ZoneId: -1
[DEBUG] 2025-09-08 21:44:26.161 - >>> ENTERING ChangeMapService.changeMap()
[DEBUG] 2025-09-08 21:44:26.162 - >>> ENTERING ChangeMapService.changeMap()
[DEBUG] 2025-09-08 21:44:26.162 - Player: Ăn trộm 63
[DEBUG] 2025-09-08 21:44:26.162 - Player: Tàu Pảy Pảy
[DEBUG] 2025-09-08 21:44:26.162 - Target MapId: -1, ZoneId: -1
[DEBUG] 2025-09-08 21:44:26.163 - Target MapId: -1, ZoneId: -1
[DEBUG] 2025-09-08 21:44:26.163 - >>> ENTERING ChangeMapService.changeMap()
[DEBUG] 2025-09-08 21:44:26.163 - >>> ENTERING ChangeMapService.changeMap()
[DEBUG] 2025-09-08 21:44:26.163 - Player: Ăn trộm 98
[DEBUG] 2025-09-08 21:44:26.163 - Player: Tàu Pảy Pảy
[DEBUG] 2025-09-08 21:44:26.164 - Target MapId: -1, ZoneId: -1
[DEBUG] 2025-09-08 21:44:26.164 - Target MapId: -1, ZoneId: -1
[DEBUG] 2025-09-08 21:44:26.164 - >>> ENTERING ChangeMapService.changeMap()
[DEBUG] 2025-09-08 21:44:26.165 - Player: Tàu Pảy Pảy
[DEBUG] 2025-09-08 21:44:26.165 - Target MapId: -1, ZoneId: -1
[DEBUG] 2025-09-08 21:44:26.166 - >>> ENTERING ChangeMapService.changeMap()
[DEBUG] 2025-09-08 21:44:26.166 - Player: Tàu Pảy Pảy
[DEBUG] 2025-09-08 21:44:26.166 - Target MapId: -1, ZoneId: -1
[DEBUG] 2025-09-08 21:44:26.167 - >>> ENTERING ChangeMapService.changeMap()
[DEBUG] 2025-09-08 21:44:26.167 - Player: Tàu Pảy Pảy
[DEBUG] 2025-09-08 21:44:26.168 - Target MapId: -1, ZoneId: -1
[DEBUG] 2025-09-08 21:44:26.168 - >>> ENTERING ChangeMapService.changeMap()
[DEBUG] 2025-09-08 21:44:26.168 - Player: Tàu Pảy Pảy
[DEBUG] 2025-09-08 21:44:26.169 - Target MapId: -1, ZoneId: -1
[DEBUG] 2025-09-08 21:44:26.169 - >>> ENTERING ChangeMapService.changeMap()
[DEBUG] 2025-09-08 21:44:26.170 - Player: Tàu Pảy Pảy
[DEBUG] 2025-09-08 21:44:26.170 - Target MapId: -1, ZoneId: -1
[DEBUG] 2025-09-08 21:44:26.170 - >>> ENTERING ChangeMapService.changeMap()
[DEBUG] 2025-09-08 21:44:26.170 - Player: Tàu Pảy Pảy
[DEBUG] 2025-09-08 21:44:26.171 - Target MapId: -1, ZoneId: -1
[DEBUG] 2025-09-08 21:44:26.171 - >>> ENTERING ChangeMapService.changeMap()
[DEBUG] 2025-09-08 21:44:26.171 - Player: Tàu Pảy Pảy
[DEBUG] 2025-09-08 21:44:26.171 - Target MapId: -1, ZoneId: -1
[DEBUG] 2025-09-08 21:44:26.172 - >>> ENTERING ChangeMapService.changeMap()
[DEBUG] 2025-09-08 21:44:26.172 - Player: Tàu Pảy Pảy
[DEBUG] 2025-09-08 21:44:26.172 - Target MapId: -1, ZoneId: -1
[DEBUG] 2025-09-08 21:44:26.172 - >>> ENTERING ChangeMapService.changeMap()
[DEBUG] 2025-09-08 21:44:26.172 - Player: Tàu Pảy Pảy
[DEBUG] 2025-09-08 21:44:26.173 - Target MapId: -1, ZoneId: -1
[DEBUG] 2025-09-08 21:44:26.173 - >>> ENTERING ChangeMapService.changeMap()
[DEBUG] 2025-09-08 21:44:26.173 - Player: Tàu Pảy Pảy
[DEBUG] 2025-09-08 21:44:26.173 - Target MapId: -1, ZoneId: -1
[DEBUG] 2025-09-08 21:44:26.174 - >>> ENTERING ChangeMapService.changeMap()
[DEBUG] 2025-09-08 21:44:26.174 - Player: Tàu Pảy Pảy
[DEBUG] 2025-09-08 21:44:26.174 - Target MapId: -1, ZoneId: -1
[DEBUG] 2025-09-08 21:44:26.174 - >>> ENTERING ChangeMapService.changeMap()
[DEBUG] 2025-09-08 21:44:26.174 - Player: Tàu Pảy Pảy
[DEBUG] 2025-09-08 21:44:26.174 - Target MapId: -1, ZoneId: -1
[DEBUG] 2025-09-08 21:44:26.175 - >>> ENTERING ChangeMapService.changeMap()
[DEBUG] 2025-09-08 21:44:26.175 - Player: Tàu Pảy Pảy
[DEBUG] 2025-09-08 21:44:26.175 - Target MapId: -1, ZoneId: -1
[DEBUG] 2025-09-08 21:44:26.175 - >>> ENTERING ChangeMapService.changeMap()
[DEBUG] 2025-09-08 21:44:26.175 - Player: Tàu Pảy Pảy
[DEBUG] 2025-09-08 21:44:26.176 - Target MapId: -1, ZoneId: -1
[DEBUG] 2025-09-08 21:44:26.176 - >>> ENTERING ChangeMapService.changeMap()
[DEBUG] 2025-09-08 21:44:26.176 - Player: Tàu Pảy Pảy
[DEBUG] 2025-09-08 21:44:26.176 - Target MapId: -1, ZoneId: -1
[DEBUG] 2025-09-08 21:44:26.176 - >>> ENTERING ChangeMapService.changeMap()
[DEBUG] 2025-09-08 21:44:26.176 - Player: Tàu Pảy Pảy
[DEBUG] 2025-09-08 21:44:26.176 - Target MapId: -1, ZoneId: -1
[DEBUG] 2025-09-08 21:44:26.177 - >>> ENTERING ChangeMapService.changeMap()
[DEBUG] 2025-09-08 21:44:26.177 - Player: Tàu Pảy Pảy
[DEBUG] 2025-09-08 21:44:26.177 - Target MapId: -1, ZoneId: -1
[DEBUG] 2025-09-08 21:44:26.177 - >>> ENTERING ChangeMapService.changeMap()
[DEBUG] 2025-09-08 21:44:26.177 - Player: Tàu Pảy Pảy
[DEBUG] 2025-09-08 21:44:26.178 - Target MapId: -1, ZoneId: -1
[DEBUG] 2025-09-08 21:44:26.178 - >>> ENTERING ChangeMapService.changeMap()
[DEBUG] 2025-09-08 21:44:26.178 - Player: Tàu Pảy Pảy
[DEBUG] 2025-09-08 21:44:26.178 - Target MapId: -1, ZoneId: -1
[DEBUG] 2025-09-08 21:44:26.178 - >>> ENTERING ChangeMapService.changeMap()
[DEBUG] 2025-09-08 21:44:26.178 - Player: Tàu Pảy Pảy
[DEBUG] 2025-09-08 21:44:26.178 - Target MapId: -1, ZoneId: -1
[DEBUG] 2025-09-08 21:44:26.178 - >>> ENTERING ChangeMapService.changeMap()
[DEBUG] 2025-09-08 21:44:26.179 - Player: Tàu Pảy Pảy
[DEBUG] 2025-09-08 21:44:26.179 - Target MapId: -1, ZoneId: -1
[DEBUG] 2025-09-08 21:44:26.292 - >>> ENTERING ChangeMapService.changeMap()
[DEBUG] 2025-09-08 21:44:26.293 - Player: Chiến binh-4
[DEBUG] 2025-09-08 21:44:26.293 - Target MapId: -1, ZoneId: -1
[DEBUG] 2025-09-08 21:44:26.293 - >>> ENTERING ChangeMapService.changeMap()
[DEBUG] 2025-09-08 21:44:26.294 - Player: Chiến binh-3
[DEBUG] 2025-09-08 21:44:26.294 - Target MapId: -1, ZoneId: -1
[DEBUG] 2025-09-08 21:44:26.295 - >>> ENTERING ChangeMapService.changeMap()
[DEBUG] 2025-09-08 21:44:26.295 - Player: Chiến binh-2
[DEBUG] 2025-09-08 21:44:26.295 - Target MapId: -1, ZoneId: -1
[DEBUG] 2025-09-08 21:44:26.295 - >>> ENTERING ChangeMapService.changeMap()
[DEBUG] 2025-09-08 21:44:26.295 - Player: Chiến binh-1
[DEBUG] 2025-09-08 21:44:26.296 - Target MapId: -1, ZoneId: -1
[DEBUG] 2025-09-08 21:44:26.296 - >>> ENTERING ChangeMapService.changeMap()
[DEBUG] 2025-09-08 21:44:26.296 - Player: Chiến binh-0
[DEBUG] 2025-09-08 21:44:26.296 - Target MapId: -1, ZoneId: -1
[DEBUG] 2025-09-08 21:44:26.297 - >>> ENTERING ChangeMapService.changeMap()
[DEBUG] 2025-09-08 21:44:26.297 - Player: Chiến binh-4
[DEBUG] 2025-09-08 21:44:26.297 - Target MapId: -1, ZoneId: -1
[DEBUG] 2025-09-08 21:44:26.297 - >>> ENTERING ChangeMapService.changeMap()
[DEBUG] 2025-09-08 21:44:26.297 - Player: Chiến binh-3
[DEBUG] 2025-09-08 21:44:26.297 - Target MapId: -1, ZoneId: -1
[DEBUG] 2025-09-08 21:44:26.297 - >>> ENTERING ChangeMapService.changeMap()
[DEBUG] 2025-09-08 21:44:26.298 - Player: Chiến binh-2
[DEBUG] 2025-09-08 21:44:26.298 - Target MapId: -1, ZoneId: -1
[DEBUG] 2025-09-08 21:44:26.298 - >>> ENTERING ChangeMapService.changeMap()
[DEBUG] 2025-09-08 21:44:26.298 - Player: Chiến binh-1
[DEBUG] 2025-09-08 21:44:26.298 - Target MapId: -1, ZoneId: -1
[DEBUG] 2025-09-08 21:44:26.298 - >>> ENTERING ChangeMapService.changeMap()
[DEBUG] 2025-09-08 21:44:26.298 - Player: Chiến binh-0
[DEBUG] 2025-09-08 21:44:26.298 - Target MapId: -1, ZoneId: -1
[DEBUG] 2025-09-08 21:44:26.299 - >>> ENTERING ChangeMapService.changeMap()
[DEBUG] 2025-09-08 21:44:26.299 - Player: Chiến binh-4
[DEBUG] 2025-09-08 21:44:26.299 - Target MapId: -1, ZoneId: -1
[DEBUG] 2025-09-08 21:44:26.299 - >>> ENTERING ChangeMapService.changeMap()
[DEBUG] 2025-09-08 21:44:26.299 - Player: Chiến binh-3
[DEBUG] 2025-09-08 21:44:26.299 - Target MapId: -1, ZoneId: -1
[DEBUG] 2025-09-08 21:44:26.299 - >>> ENTERING ChangeMapService.changeMap()
[DEBUG] 2025-09-08 21:44:26.299 - Player: Chiến binh-2
[DEBUG] 2025-09-08 21:44:26.299 - Target MapId: -1, ZoneId: -1
[DEBUG] 2025-09-08 21:44:26.299 - >>> ENTERING ChangeMapService.changeMap()
[DEBUG] 2025-09-08 21:44:26.301 - Player: Chiến binh-1
[DEBUG] 2025-09-08 21:44:26.301 - Target MapId: -1, ZoneId: -1
[DEBUG] 2025-09-08 21:44:26.301 - >>> ENTERING ChangeMapService.changeMap()
[DEBUG] 2025-09-08 21:44:26.301 - Player: Chiến binh-0
[DEBUG] 2025-09-08 21:44:26.301 - Target MapId: -1, ZoneId: -1
[DEBUG] 2025-09-08 21:44:26.301 - >>> ENTERING ChangeMapService.changeMap()
[DEBUG] 2025-09-08 21:44:26.301 - Player: Chiến binh-4
[DEBUG] 2025-09-08 21:44:26.301 - Target MapId: -1, ZoneId: -1
[DEBUG] 2025-09-08 21:44:26.301 - >>> ENTERING ChangeMapService.changeMap()
[DEBUG] 2025-09-08 21:44:26.301 - Player: Chiến binh-3
[DEBUG] 2025-09-08 21:44:26.301 - Target MapId: -1, ZoneId: -1
[DEBUG] 2025-09-08 21:44:26.301 - >>> ENTERING ChangeMapService.changeMap()
[DEBUG] 2025-09-08 21:44:26.301 - Player: Chiến binh-2
[DEBUG] 2025-09-08 21:44:26.301 - Target MapId: -1, ZoneId: -1
[DEBUG] 2025-09-08 21:44:26.302 - >>> ENTERING ChangeMapService.changeMap()
[DEBUG] 2025-09-08 21:44:26.302 - Player: Chiến binh-1
[DEBUG] 2025-09-08 21:44:26.302 - Target MapId: -1, ZoneId: -1
[DEBUG] 2025-09-08 21:44:26.303 - >>> ENTERING ChangeMapService.changeMap()
[DEBUG] 2025-09-08 21:44:26.303 - Player: Chiến binh-0
[DEBUG] 2025-09-08 21:44:26.303 - Target MapId: -1, ZoneId: -1
[DEBUG] 2025-09-08 21:44:26.304 - >>> ENTERING ChangeMapService.changeMap()
[DEBUG] 2025-09-08 21:44:26.304 - Player: Chiến binh-4
[DEBUG] 2025-09-08 21:44:26.304 - Target MapId: -1, ZoneId: -1
[DEBUG] 2025-09-08 21:44:26.304 - >>> ENTERING ChangeMapService.changeMap()
[DEBUG] 2025-09-08 21:44:26.304 - Player: Chiến binh-3
[DEBUG] 2025-09-08 21:44:26.304 - Target MapId: -1, ZoneId: -1
[DEBUG] 2025-09-08 21:44:26.305 - >>> ENTERING ChangeMapService.changeMap()
[DEBUG] 2025-09-08 21:44:26.305 - Player: Chiến binh-2
[DEBUG] 2025-09-08 21:44:26.305 - Target MapId: -1, ZoneId: -1
[DEBUG] 2025-09-08 21:44:26.305 - >>> ENTERING ChangeMapService.changeMap()
[DEBUG] 2025-09-08 21:44:26.305 - Player: Chiến binh-1
[DEBUG] 2025-09-08 21:44:26.305 - Target MapId: -1, ZoneId: -1
[DEBUG] 2025-09-08 21:44:26.305 - >>> ENTERING ChangeMapService.changeMap()
[DEBUG] 2025-09-08 21:44:26.305 - Player: Chiến binh-0
[DEBUG] 2025-09-08 21:44:26.305 - Target MapId: -1, ZoneId: -1
[DEBUG] 2025-09-08 21:44:26.306 - >>> ENTERING ChangeMapService.changeMap()
[DEBUG] 2025-09-08 21:44:26.306 - Player: Chiến binh-4
[DEBUG] 2025-09-08 21:44:26.306 - Target MapId: -1, ZoneId: -1
[DEBUG] 2025-09-08 21:44:26.306 - >>> ENTERING ChangeMapService.changeMap()
[DEBUG] 2025-09-08 21:44:26.306 - Player: Chiến binh-3
[DEBUG] 2025-09-08 21:44:26.306 - Target MapId: -1, ZoneId: -1
[DEBUG] 2025-09-08 21:44:26.306 - >>> ENTERING ChangeMapService.changeMap()
[DEBUG] 2025-09-08 21:44:26.306 - Player: Chiến binh-2
[DEBUG] 2025-09-08 21:44:26.306 - Target MapId: -1, ZoneId: -1
[DEBUG] 2025-09-08 21:44:26.306 - >>> ENTERING ChangeMapService.changeMap()
[DEBUG] 2025-09-08 21:44:26.307 - Player: Chiến binh-1
[DEBUG] 2025-09-08 21:44:26.307 - Target MapId: -1, ZoneId: -1
[DEBUG] 2025-09-08 21:44:26.307 - >>> ENTERING ChangeMapService.changeMap()
[DEBUG] 2025-09-08 21:44:26.308 - Player: Chiến binh-0
[DEBUG] 2025-09-08 21:44:26.308 - Target MapId: -1, ZoneId: -1
[DEBUG] 2025-09-08 21:44:26.308 - >>> ENTERING ChangeMapService.changeMap()
[DEBUG] 2025-09-08 21:44:26.308 - Player: Chiến binh-4
[DEBUG] 2025-09-08 21:44:26.308 - Target MapId: -1, ZoneId: -1
[DEBUG] 2025-09-08 21:44:26.308 - >>> ENTERING ChangeMapService.changeMap()
[DEBUG] 2025-09-08 21:44:26.308 - Player: Chiến binh-3
[DEBUG] 2025-09-08 21:44:26.308 - Target MapId: -1, ZoneId: -1
[DEBUG] 2025-09-08 21:44:26.308 - >>> ENTERING ChangeMapService.changeMap()
[DEBUG] 2025-09-08 21:44:26.308 - Player: Chiến binh-2
[DEBUG] 2025-09-08 21:44:26.310 - Target MapId: -1, ZoneId: -1
[DEBUG] 2025-09-08 21:44:26.310 - >>> ENTERING ChangeMapService.changeMap()
[DEBUG] 2025-09-08 21:44:26.310 - Player: Chiến binh-1
[DEBUG] 2025-09-08 21:44:26.310 - Target MapId: -1, ZoneId: -1
[DEBUG] 2025-09-08 21:44:26.310 - >>> ENTERING ChangeMapService.changeMap()
[DEBUG] 2025-09-08 21:44:26.310 - Player: Chiến binh-0
[DEBUG] 2025-09-08 21:44:26.310 - Target MapId: -1, ZoneId: -1
[DEBUG] 2025-09-08 21:44:26.311 - >>> ENTERING ChangeMapService.changeMap()
[DEBUG] 2025-09-08 21:44:26.311 - Player: Chiến binh-4
[DEBUG] 2025-09-08 21:44:26.311 - Target MapId: -1, ZoneId: -1
[DEBUG] 2025-09-08 21:44:26.311 - >>> ENTERING ChangeMapService.changeMap()
[DEBUG] 2025-09-08 21:44:26.311 - Player: Chiến binh-3
[DEBUG] 2025-09-08 21:44:26.311 - Target MapId: -1, ZoneId: -1
[DEBUG] 2025-09-08 21:44:26.311 - >>> ENTERING ChangeMapService.changeMap()
[DEBUG] 2025-09-08 21:44:26.311 - Player: Chiến binh-2
[DEBUG] 2025-09-08 21:44:26.311 - Target MapId: -1, ZoneId: -1
[DEBUG] 2025-09-08 21:44:26.312 - >>> ENTERING ChangeMapService.changeMap()
[DEBUG] 2025-09-08 21:44:26.312 - Player: Chiến binh-1
[DEBUG] 2025-09-08 21:44:26.312 - Target MapId: -1, ZoneId: -1
[DEBUG] 2025-09-08 21:44:26.312 - >>> ENTERING ChangeMapService.changeMap()
[DEBUG] 2025-09-08 21:44:26.312 - Player: Chiến binh-0
[DEBUG] 2025-09-08 21:44:26.312 - Target MapId: -1, ZoneId: -1
[DEBUG] 2025-09-08 21:44:26.312 - >>> ENTERING ChangeMapService.changeMap()
[DEBUG] 2025-09-08 21:44:26.313 - Player: Chiến binh-4
[DEBUG] 2025-09-08 21:44:26.313 - Target MapId: -1, ZoneId: -1
[DEBUG] 2025-09-08 21:44:26.314 - >>> ENTERING ChangeMapService.changeMap()
[DEBUG] 2025-09-08 21:44:26.314 - Player: Chiến binh-3
[DEBUG] 2025-09-08 21:44:26.314 - Target MapId: -1, ZoneId: -1
[DEBUG] 2025-09-08 21:44:26.315 - >>> ENTERING ChangeMapService.changeMap()
[DEBUG] 2025-09-08 21:44:26.315 - Player: Chiến binh-2
[DEBUG] 2025-09-08 21:44:26.315 - Target MapId: -1, ZoneId: -1
[DEBUG] 2025-09-08 21:44:26.316 - >>> ENTERING ChangeMapService.changeMap()
[DEBUG] 2025-09-08 21:44:26.316 - Player: Chiến binh-1
[DEBUG] 2025-09-08 21:44:26.316 - Target MapId: -1, ZoneId: -1
[DEBUG] 2025-09-08 21:44:26.316 - >>> ENTERING ChangeMapService.changeMap()
[DEBUG] 2025-09-08 21:44:26.316 - Player: Chiến binh-0
[DEBUG] 2025-09-08 21:44:26.316 - Target MapId: -1, ZoneId: -1
[DEBUG] 2025-09-08 21:44:26.316 - >>> ENTERING ChangeMapService.changeMap()
[DEBUG] 2025-09-08 21:44:26.316 - >>> ENTERING ChangeMapService.changeMap()
[DEBUG] 2025-09-08 21:44:26.317 - Player: Chiến binh-4
[DEBUG] 2025-09-08 21:44:26.317 - Player: Android 19
[DEBUG] 2025-09-08 21:44:26.317 - Target MapId: -1, ZoneId: -1
[DEBUG] 2025-09-08 21:44:26.317 - Target MapId: -1, ZoneId: -1
[DEBUG] 2025-09-08 21:44:26.318 - >>> ENTERING ChangeMapService.changeMap()
[DEBUG] 2025-09-08 21:44:26.318 - >>> ENTERING ChangeMapService.changeMap()
[DEBUG] 2025-09-08 21:44:26.318 - Player: Chiến binh-3
[DEBUG] 2025-09-08 21:44:26.318 - Player: Android 15
[DEBUG] 2025-09-08 21:44:26.318 - Target MapId: -1, ZoneId: -1
[DEBUG] 2025-09-08 21:44:26.319 - Target MapId: -1, ZoneId: -1
[DEBUG] 2025-09-08 21:44:26.319 - >>> ENTERING ChangeMapService.changeMap()
[DEBUG] 2025-09-08 21:44:26.320 - >>> ENTERING ChangeMapService.changeMap()
[DEBUG] 2025-09-08 21:44:26.320 - Player: Chiến binh-2
[DEBUG] 2025-09-08 21:44:26.321 - Player: Poc
[DEBUG] 2025-09-08 21:44:26.321 - Target MapId: -1, ZoneId: -1
[DEBUG] 2025-09-08 21:44:26.321 - Target MapId: -1, ZoneId: -1
[DEBUG] 2025-09-08 21:44:26.321 - >>> ENTERING ChangeMapService.changeMap()
[DEBUG] 2025-09-08 21:44:26.322 - >>> ENTERING ChangeMapService.changeMap()
[DEBUG] 2025-09-08 21:44:26.322 - Player: Chiến binh-1
[DEBUG] 2025-09-08 21:44:26.322 - Target MapId: -1, ZoneId: -1
[DEBUG] 2025-09-08 21:44:26.322 - Player: Pic
[DEBUG] 2025-09-08 21:44:26.323 - Target MapId: -1, ZoneId: -1
[DEBUG] 2025-09-08 21:44:26.323 - >>> ENTERING ChangeMapService.changeMap()
[DEBUG] 2025-09-08 21:44:26.323 - Player: Chiến binh-0
[DEBUG] 2025-09-08 21:44:26.324 - >>> ENTERING ChangeMapService.changeMap()
[DEBUG] 2025-09-08 21:44:26.324 - Target MapId: -1, ZoneId: -1
[DEBUG] 2025-09-08 21:44:26.324 - Player: Số 1
[DEBUG] 2025-09-08 21:44:26.324 - >>> ENTERING ChangeMapService.changeMap()
[DEBUG] 2025-09-08 21:44:26.324 - Target MapId: -1, ZoneId: -1
[DEBUG] 2025-09-08 21:44:26.325 - Player: Chiến binh-4
[DEBUG] 2025-09-08 21:44:26.325 - >>> ENTERING ChangeMapService.changeMap()
[DEBUG] 2025-09-08 21:44:26.325 - Target MapId: -1, ZoneId: -1
[DEBUG] 2025-09-08 21:44:26.325 - Player: Số 2
[DEBUG] 2025-09-08 21:44:26.325 - >>> ENTERING ChangeMapService.changeMap()
[DEBUG] 2025-09-08 21:44:26.326 - Player: Chiến binh-3
[DEBUG] 2025-09-08 21:44:26.326 - Target MapId: -1, ZoneId: -1
[DEBUG] 2025-09-08 21:44:26.327 - Target MapId: -1, ZoneId: -1
[DEBUG] 2025-09-08 21:44:26.327 - >>> ENTERING ChangeMapService.changeMap()
[DEBUG] 2025-09-08 21:44:26.328 - >>> ENTERING ChangeMapService.changeMap()
[DEBUG] 2025-09-08 21:44:26.328 - Player: Chiến binh-2
[DEBUG] 2025-09-08 21:44:26.328 - Player: Số 3
[DEBUG] 2025-09-08 21:44:26.328 - Target MapId: -1, ZoneId: -1
[DEBUG] 2025-09-08 21:44:26.330 - Target MapId: -1, ZoneId: -1
[DEBUG] 2025-09-08 21:44:26.330 - >>> ENTERING ChangeMapService.changeMap()
[DEBUG] 2025-09-08 21:44:26.330 - >>> ENTERING ChangeMapService.changeMap()
[DEBUG] 2025-09-08 21:44:26.330 - Player: Chiến binh-1
[DEBUG] 2025-09-08 21:44:26.331 - Player: Số 4
[DEBUG] 2025-09-08 21:44:26.331 - Target MapId: -1, ZoneId: -1
[DEBUG] 2025-09-08 21:44:26.331 - Target MapId: -1, ZoneId: -1
[DEBUG] 2025-09-08 21:44:26.331 - >>> ENTERING ChangeMapService.changeMap()
[DEBUG] 2025-09-08 21:44:26.332 - >>> ENTERING ChangeMapService.changeMap()
[DEBUG] 2025-09-08 21:44:26.332 - Player: Số 4
[DEBUG] 2025-09-08 21:44:26.333 - Target MapId: -1, ZoneId: -1
[DEBUG] 2025-09-08 21:44:26.333 - >>> ENTERING ChangeMapService.changeMap()
[DEBUG] 2025-09-08 21:44:26.333 - Player: Số 3
[DEBUG] 2025-09-08 21:44:26.333 - Target MapId: -1, ZoneId: -1
[DEBUG] 2025-09-08 21:44:26.333 - >>> ENTERING ChangeMapService.changeMap()
[DEBUG] 2025-09-08 21:44:26.333 - Player: Số 1
[DEBUG] 2025-09-08 21:44:26.333 - Target MapId: -1, ZoneId: -1
[DEBUG] 2025-09-08 21:44:26.333 - >>> ENTERING ChangeMapService.changeMap()
[DEBUG] 2025-09-08 21:44:26.334 - Player: Số 2
[DEBUG] 2025-09-08 21:44:26.334 - Target MapId: -1, ZoneId: -1
[DEBUG] 2025-09-08 21:44:26.332 - Player: Chiến binh-0
[DEBUG] 2025-09-08 21:44:26.334 - Target MapId: -1, ZoneId: -1
[DEBUG] 2025-09-08 21:44:26.334 - >>> ENTERING ChangeMapService.changeMap()
[DEBUG] 2025-09-08 21:44:26.334 - Player: Chiến binh-4
[DEBUG] 2025-09-08 21:44:26.334 - Target MapId: -1, ZoneId: -1
[DEBUG] 2025-09-08 21:44:26.334 - >>> ENTERING ChangeMapService.changeMap()
[DEBUG] 2025-09-08 21:44:26.334 - Player: Chiến binh-3
[DEBUG] 2025-09-08 21:44:26.335 - Target MapId: -1, ZoneId: -1
[DEBUG] 2025-09-08 21:44:26.335 - >>> ENTERING ChangeMapService.changeMap()
[DEBUG] 2025-09-08 21:44:26.335 - Player: Chiến binh-2
[DEBUG] 2025-09-08 21:44:26.335 - Target MapId: -1, ZoneId: -1
[DEBUG] 2025-09-08 21:44:26.335 - >>> ENTERING ChangeMapService.changeMap()
[DEBUG] 2025-09-08 21:44:26.335 - Player: Chiến binh-1
[DEBUG] 2025-09-08 21:44:26.335 - Target MapId: -1, ZoneId: -1
[DEBUG] 2025-09-08 21:44:26.335 - >>> ENTERING ChangeMapService.changeMap()
[DEBUG] 2025-09-08 21:44:26.335 - Player: Chiến binh-0
[DEBUG] 2025-09-08 21:44:26.335 - Target MapId: -1, ZoneId: -1
[DEBUG] 2025-09-08 21:44:26.336 - >>> ENTERING ChangeMapService.changeMap()
[DEBUG] 2025-09-08 21:44:26.336 - Player: Chiến binh-4
[DEBUG] 2025-09-08 21:44:26.336 - Target MapId: -1, ZoneId: -1
[DEBUG] 2025-09-08 21:44:26.337 - >>> ENTERING ChangeMapService.changeMap()
[DEBUG] 2025-09-08 21:44:26.337 - Player: Chiến binh-3
[DEBUG] 2025-09-08 21:44:26.337 - Target MapId: -1, ZoneId: -1
[DEBUG] 2025-09-08 21:44:26.337 - >>> ENTERING ChangeMapService.changeMap()
[DEBUG] 2025-09-08 21:44:26.337 - Player: Chiến binh-2
[DEBUG] 2025-09-08 21:44:26.338 - Target MapId: -1, ZoneId: -1
[DEBUG] 2025-09-08 21:44:26.338 - >>> ENTERING ChangeMapService.changeMap()
[DEBUG] 2025-09-08 21:44:26.338 - Player: Chiến binh-1
[DEBUG] 2025-09-08 21:44:26.338 - Target MapId: -1, ZoneId: -1
[DEBUG] 2025-09-08 21:44:26.338 - >>> ENTERING ChangeMapService.changeMap()
[DEBUG] 2025-09-08 21:44:26.338 - Player: Chiến binh-0
[DEBUG] 2025-09-08 21:44:26.338 - Target MapId: -1, ZoneId: -1
[DEBUG] 2025-09-08 21:44:26.338 - >>> ENTERING ChangeMapService.changeMap()
[DEBUG] 2025-09-08 21:44:26.338 - Player: Chiến binh-4
[DEBUG] 2025-09-08 21:44:26.338 - Target MapId: -1, ZoneId: -1
[DEBUG] 2025-09-08 21:44:26.338 - >>> ENTERING ChangeMapService.changeMap()
[DEBUG] 2025-09-08 21:44:26.338 - Player: Chiến binh-3
[DEBUG] 2025-09-08 21:44:26.338 - Target MapId: -1, ZoneId: -1
[DEBUG] 2025-09-08 21:44:26.338 - >>> ENTERING ChangeMapService.changeMap()
[DEBUG] 2025-09-08 21:44:26.340 - Player: Chiến binh-2
[DEBUG] 2025-09-08 21:44:26.340 - Target MapId: -1, ZoneId: -1
[DEBUG] 2025-09-08 21:44:26.341 - >>> ENTERING ChangeMapService.changeMap()
[DEBUG] 2025-09-08 21:44:26.341 - Player: Chiến binh-1
[DEBUG] 2025-09-08 21:44:26.341 - Target MapId: -1, ZoneId: -1
[DEBUG] 2025-09-08 21:44:26.342 - >>> ENTERING ChangeMapService.changeMap()
[DEBUG] 2025-09-08 21:44:26.342 - Player: Chiến binh-0
[DEBUG] 2025-09-08 21:44:26.342 - Target MapId: -1, ZoneId: -1
[DEBUG] 2025-09-08 21:44:26.343 - >>> ENTERING ChangeMapService.changeMap()
[DEBUG] 2025-09-08 21:44:26.343 - Player: Chiến binh-4
[DEBUG] 2025-09-08 21:44:26.344 - Target MapId: -1, ZoneId: -1
[DEBUG] 2025-09-08 21:44:26.344 - >>> ENTERING ChangeMapService.changeMap()
[DEBUG] 2025-09-08 21:44:26.345 - Player: Chiến binh-3
[DEBUG] 2025-09-08 21:44:26.345 - Target MapId: -1, ZoneId: -1
[DEBUG] 2025-09-08 21:44:26.345 - >>> ENTERING ChangeMapService.changeMap()
[DEBUG] 2025-09-08 21:44:26.345 - Player: Chiến binh-2
[DEBUG] 2025-09-08 21:44:26.346 - Target MapId: -1, ZoneId: -1
[DEBUG] 2025-09-08 21:44:26.346 - >>> ENTERING ChangeMapService.changeMap()
[DEBUG] 2025-09-08 21:44:26.346 - Player: Chiến binh-1
[DEBUG] 2025-09-08 21:44:26.346 - Target MapId: -1, ZoneId: -1
[DEBUG] 2025-09-08 21:44:26.346 - >>> ENTERING ChangeMapService.changeMap()
[DEBUG] 2025-09-08 21:44:26.346 - Player: Chiến binh-0
[DEBUG] 2025-09-08 21:44:26.346 - Target MapId: -1, ZoneId: -1
[DEBUG] 2025-09-08 21:44:26.346 - >>> ENTERING ChangeMapService.changeMap()
[DEBUG] 2025-09-08 21:44:26.346 - Player: Tân binh-4
[DEBUG] 2025-09-08 21:44:26.347 - Target MapId: -1, ZoneId: -1
[DEBUG] 2025-09-08 21:44:26.347 - >>> ENTERING ChangeMapService.changeMap()
[DEBUG] 2025-09-08 21:44:26.347 - Player: Tân binh-3
[DEBUG] 2025-09-08 21:44:26.347 - Target MapId: -1, ZoneId: -1
[DEBUG] 2025-09-08 21:44:26.347 - >>> ENTERING ChangeMapService.changeMap()
[DEBUG] 2025-09-08 21:44:26.347 - Player: Tân binh-2
[DEBUG] 2025-09-08 21:44:26.347 - Target MapId: -1, ZoneId: -1
[DEBUG] 2025-09-08 21:44:26.347 - >>> ENTERING ChangeMapService.changeMap()
[DEBUG] 2025-09-08 21:44:26.347 - Player: Tân binh-1
[DEBUG] 2025-09-08 21:44:26.347 - Target MapId: -1, ZoneId: -1
[DEBUG] 2025-09-08 21:44:26.348 - >>> ENTERING ChangeMapService.changeMap()
[DEBUG] 2025-09-08 21:44:26.348 - Player: Tân binh-0
[DEBUG] 2025-09-08 21:44:26.348 - Target MapId: -1, ZoneId: -1
[DEBUG] 2025-09-08 21:44:26.348 - >>> ENTERING ChangeMapService.changeMap()
[DEBUG] 2025-09-08 21:44:26.348 - Player: Tân binh-4
[DEBUG] 2025-09-08 21:44:26.348 - Target MapId: -1, ZoneId: -1
[DEBUG] 2025-09-08 21:44:26.348 - >>> ENTERING ChangeMapService.changeMap()
[DEBUG] 2025-09-08 21:44:26.348 - Player: Tân binh-3
[DEBUG] 2025-09-08 21:44:26.348 - Target MapId: -1, ZoneId: -1
[DEBUG] 2025-09-08 21:44:26.348 - >>> ENTERING ChangeMapService.changeMap()
[DEBUG] 2025-09-08 21:44:26.349 - Player: Tân binh-2
[DEBUG] 2025-09-08 21:44:26.349 - Target MapId: -1, ZoneId: -1
[DEBUG] 2025-09-08 21:44:26.349 - >>> ENTERING ChangeMapService.changeMap()
[DEBUG] 2025-09-08 21:44:26.349 - Player: Tân binh-1
[DEBUG] 2025-09-08 21:44:26.349 - Target MapId: -1, ZoneId: -1
[DEBUG] 2025-09-08 21:44:26.349 - >>> ENTERING ChangeMapService.changeMap()
[DEBUG] 2025-09-08 21:44:26.349 - Player: Tân binh-0
[DEBUG] 2025-09-08 21:44:26.349 - Target MapId: -1, ZoneId: -1
[DEBUG] 2025-09-08 21:44:26.349 - >>> ENTERING ChangeMapService.changeMap()
[DEBUG] 2025-09-08 21:44:26.349 - Player: Tân binh-4
[DEBUG] 2025-09-08 21:44:26.350 - Target MapId: -1, ZoneId: -1
[DEBUG] 2025-09-08 21:44:26.350 - >>> ENTERING ChangeMapService.changeMap()
[DEBUG] 2025-09-08 21:44:26.350 - Player: Tân binh-3
[DEBUG] 2025-09-08 21:44:26.350 - Target MapId: -1, ZoneId: -1
[DEBUG] 2025-09-08 21:44:26.350 - >>> ENTERING ChangeMapService.changeMap()
[DEBUG] 2025-09-08 21:44:26.350 - Player: Tân binh-2
[DEBUG] 2025-09-08 21:44:26.350 - Target MapId: -1, ZoneId: -1
[DEBUG] 2025-09-08 21:44:26.350 - >>> ENTERING ChangeMapService.changeMap()
[DEBUG] 2025-09-08 21:44:26.350 - Player: Tân binh-1
[DEBUG] 2025-09-08 21:44:26.350 - Target MapId: -1, ZoneId: -1
[DEBUG] 2025-09-08 21:44:26.350 - >>> ENTERING ChangeMapService.changeMap()
[DEBUG] 2025-09-08 21:44:26.350 - Player: Tân binh-0
[DEBUG] 2025-09-08 21:44:26.350 - Target MapId: -1, ZoneId: -1
[DEBUG] 2025-09-08 21:44:26.350 - >>> ENTERING ChangeMapService.changeMap()
[DEBUG] 2025-09-08 21:44:26.350 - Player: Tân binh-4
[DEBUG] 2025-09-08 21:44:26.350 - Target MapId: -1, ZoneId: -1
[DEBUG] 2025-09-08 21:44:26.351 - >>> ENTERING ChangeMapService.changeMap()
[DEBUG] 2025-09-08 21:44:26.351 - Player: Tân binh-3
[DEBUG] 2025-09-08 21:44:26.351 - Target MapId: -1, ZoneId: -1
[DEBUG] 2025-09-08 21:44:26.351 - >>> ENTERING ChangeMapService.changeMap()
[DEBUG] 2025-09-08 21:44:26.351 - Player: Tân binh-2
[DEBUG] 2025-09-08 21:44:26.351 - Target MapId: -1, ZoneId: -1
[DEBUG] 2025-09-08 21:44:26.351 - >>> ENTERING ChangeMapService.changeMap()
[DEBUG] 2025-09-08 21:44:26.351 - Player: Tân binh-1
[DEBUG] 2025-09-08 21:44:26.351 - Target MapId: -1, ZoneId: -1
[DEBUG] 2025-09-08 21:44:26.351 - >>> ENTERING ChangeMapService.changeMap()
[DEBUG] 2025-09-08 21:44:26.351 - Player: Tân binh-0
[DEBUG] 2025-09-08 21:44:26.351 - Target MapId: -1, ZoneId: -1
[DEBUG] 2025-09-08 21:44:26.353 - >>> ENTERING ChangeMapService.changeMap()
[DEBUG] 2025-09-08 21:44:26.353 - Player: Tân binh-4
[DEBUG] 2025-09-08 21:44:26.354 - Target MapId: -1, ZoneId: -1
[DEBUG] 2025-09-08 21:44:26.354 - >>> ENTERING ChangeMapService.changeMap()
[DEBUG] 2025-09-08 21:44:26.354 - Player: Tân binh-3
[DEBUG] 2025-09-08 21:44:26.354 - Target MapId: -1, ZoneId: -1
[DEBUG] 2025-09-08 21:44:26.354 - >>> ENTERING ChangeMapService.changeMap()
[DEBUG] 2025-09-08 21:44:26.354 - Player: Tân binh-2
[DEBUG] 2025-09-08 21:44:26.354 - Target MapId: -1, ZoneId: -1
[DEBUG] 2025-09-08 21:44:26.354 - >>> ENTERING ChangeMapService.changeMap()
[DEBUG] 2025-09-08 21:44:26.354 - Player: Tân binh-1
[DEBUG] 2025-09-08 21:44:26.354 - Target MapId: -1, ZoneId: -1
[DEBUG] 2025-09-08 21:44:26.355 - >>> ENTERING ChangeMapService.changeMap()
[DEBUG] 2025-09-08 21:44:26.355 - Player: Tân binh-0
[DEBUG] 2025-09-08 21:44:26.355 - Target MapId: -1, ZoneId: -1
[DEBUG] 2025-09-08 21:44:26.355 - >>> ENTERING ChangeMapService.changeMap()
[DEBUG] 2025-09-08 21:44:26.355 - Player: Tân binh-4
[DEBUG] 2025-09-08 21:44:26.355 - Target MapId: -1, ZoneId: -1
[DEBUG] 2025-09-08 21:44:26.355 - >>> ENTERING ChangeMapService.changeMap()
[DEBUG] 2025-09-08 21:44:26.355 - Player: Tân binh-3
[DEBUG] 2025-09-08 21:44:26.355 - Target MapId: -1, ZoneId: -1
[DEBUG] 2025-09-08 21:44:26.356 - >>> ENTERING ChangeMapService.changeMap()
[DEBUG] 2025-09-08 21:44:26.356 - Player: Tân binh-2
[DEBUG] 2025-09-08 21:44:26.356 - Target MapId: -1, ZoneId: -1
[DEBUG] 2025-09-08 21:44:26.356 - >>> ENTERING ChangeMapService.changeMap()
[DEBUG] 2025-09-08 21:44:26.356 - Player: Tân binh-1
[DEBUG] 2025-09-08 21:44:26.356 - Target MapId: -1, ZoneId: -1
[DEBUG] 2025-09-08 21:44:26.356 - >>> ENTERING ChangeMapService.changeMap()
[DEBUG] 2025-09-08 21:44:26.356 - Player: Tân binh-0
[DEBUG] 2025-09-08 21:44:26.356 - Target MapId: -1, ZoneId: -1
[DEBUG] 2025-09-08 21:44:26.357 - >>> ENTERING ChangeMapService.changeMap()
[DEBUG] 2025-09-08 21:44:26.357 - Player: Tân binh-4
[DEBUG] 2025-09-08 21:44:26.357 - Target MapId: -1, ZoneId: -1
[DEBUG] 2025-09-08 21:44:26.357 - >>> ENTERING ChangeMapService.changeMap()
[DEBUG] 2025-09-08 21:44:26.357 - Player: Tân binh-3
[DEBUG] 2025-09-08 21:44:26.357 - Target MapId: -1, ZoneId: -1
[DEBUG] 2025-09-08 21:44:26.357 - >>> ENTERING ChangeMapService.changeMap()
[DEBUG] 2025-09-08 21:44:26.357 - Player: Tân binh-2
[DEBUG] 2025-09-08 21:44:26.357 - Target MapId: -1, ZoneId: -1
[DEBUG] 2025-09-08 21:44:26.357 - >>> ENTERING ChangeMapService.changeMap()
[DEBUG] 2025-09-08 21:44:26.358 - Player: Tân binh-1
[DEBUG] 2025-09-08 21:44:26.358 - Target MapId: -1, ZoneId: -1
[DEBUG] 2025-09-08 21:44:26.358 - >>> ENTERING ChangeMapService.changeMap()
[DEBUG] 2025-09-08 21:44:26.358 - Player: Tân binh-0
[DEBUG] 2025-09-08 21:44:26.358 - Target MapId: -1, ZoneId: -1
[DEBUG] 2025-09-08 21:44:26.358 - >>> ENTERING ChangeMapService.changeMap()
[DEBUG] 2025-09-08 21:44:26.358 - Player: Tân binh-4
[DEBUG] 2025-09-08 21:44:26.358 - Target MapId: -1, ZoneId: -1
[DEBUG] 2025-09-08 21:44:26.358 - >>> ENTERING ChangeMapService.changeMap()
[DEBUG] 2025-09-08 21:44:26.358 - Player: Tân binh-3
[DEBUG] 2025-09-08 21:44:26.359 - Target MapId: -1, ZoneId: -1
[DEBUG] 2025-09-08 21:44:26.359 - >>> ENTERING ChangeMapService.changeMap()
[DEBUG] 2025-09-08 21:44:26.359 - Player: Tân binh-2
[DEBUG] 2025-09-08 21:44:26.360 - Target MapId: -1, ZoneId: -1
[DEBUG] 2025-09-08 21:44:26.360 - >>> ENTERING ChangeMapService.changeMap()
[DEBUG] 2025-09-08 21:44:26.361 - Player: Tân binh-1
[DEBUG] 2025-09-08 21:44:26.361 - Target MapId: -1, ZoneId: -1
[DEBUG] 2025-09-08 21:44:26.361 - >>> ENTERING ChangeMapService.changeMap()
[DEBUG] 2025-09-08 21:44:26.362 - Player: Tân binh-0
[DEBUG] 2025-09-08 21:44:26.362 - Target MapId: -1, ZoneId: -1
[DEBUG] 2025-09-08 21:44:26.363 - >>> ENTERING ChangeMapService.changeMap()
[DEBUG] 2025-09-08 21:44:26.363 - Player: Tân binh-4
[DEBUG] 2025-09-08 21:44:26.363 - Target MapId: -1, ZoneId: -1
[DEBUG] 2025-09-08 21:44:26.364 - >>> ENTERING ChangeMapService.changeMap()
[DEBUG] 2025-09-08 21:44:26.364 - Player: Tân binh-3
[DEBUG] 2025-09-08 21:44:26.364 - Target MapId: -1, ZoneId: -1
[DEBUG] 2025-09-08 21:44:26.365 - >>> ENTERING ChangeMapService.changeMap()
[DEBUG] 2025-09-08 21:44:26.365 - Player: Tân binh-2
[DEBUG] 2025-09-08 21:44:26.365 - Target MapId: -1, ZoneId: -1
[DEBUG] 2025-09-08 21:44:26.365 - >>> ENTERING ChangeMapService.changeMap()
[DEBUG] 2025-09-08 21:44:26.366 - Player: Tân binh-1
[DEBUG] 2025-09-08 21:44:26.366 - Target MapId: -1, ZoneId: -1
[DEBUG] 2025-09-08 21:44:26.367 - >>> ENTERING ChangeMapService.changeMap()
[DEBUG] 2025-09-08 21:44:26.367 - Player: Tân binh-0
[DEBUG] 2025-09-08 21:44:26.367 - Target MapId: -1, ZoneId: -1
[DEBUG] 2025-09-08 21:44:26.368 - >>> ENTERING ChangeMapService.changeMap()
[DEBUG] 2025-09-08 21:44:26.368 - Player: Tân binh-4
[DEBUG] 2025-09-08 21:44:26.368 - Target MapId: -1, ZoneId: -1
[DEBUG] 2025-09-08 21:44:26.369 - >>> ENTERING ChangeMapService.changeMap()
[DEBUG] 2025-09-08 21:44:26.369 - Player: Tân binh-3
[DEBUG] 2025-09-08 21:44:26.370 - Target MapId: -1, ZoneId: -1
[DEBUG] 2025-09-08 21:44:26.370 - >>> ENTERING ChangeMapService.changeMap()
[DEBUG] 2025-09-08 21:44:26.371 - Player: Tân binh-2
[DEBUG] 2025-09-08 21:44:26.371 - Target MapId: -1, ZoneId: -1
[DEBUG] 2025-09-08 21:44:26.372 - >>> ENTERING ChangeMapService.changeMap()
[DEBUG] 2025-09-08 21:44:26.372 - Player: Tân binh-1
[DEBUG] 2025-09-08 21:44:26.372 - Target MapId: -1, ZoneId: -1
[DEBUG] 2025-09-08 21:44:26.373 - >>> ENTERING ChangeMapService.changeMap()
[DEBUG] 2025-09-08 21:44:26.373 - Player: Tân binh-0
[DEBUG] 2025-09-08 21:44:26.374 - Target MapId: -1, ZoneId: -1
[DEBUG] 2025-09-08 21:44:26.374 - >>> ENTERING ChangeMapService.changeMap()
[DEBUG] 2025-09-08 21:44:26.374 - Player: Tân binh-4
[DEBUG] 2025-09-08 21:44:26.375 - Target MapId: -1, ZoneId: -1
[DEBUG] 2025-09-08 21:44:26.375 - >>> ENTERING ChangeMapService.changeMap()
[DEBUG] 2025-09-08 21:44:26.376 - Player: Tân binh-3
[DEBUG] 2025-09-08 21:44:26.376 - Target MapId: -1, ZoneId: -1
[DEBUG] 2025-09-08 21:44:26.376 - >>> ENTERING ChangeMapService.changeMap()
[DEBUG] 2025-09-08 21:44:26.377 - Player: Tân binh-2
[DEBUG] 2025-09-08 21:44:26.377 - Target MapId: -1, ZoneId: -1
[DEBUG] 2025-09-08 21:44:26.377 - >>> ENTERING ChangeMapService.changeMap()
[DEBUG] 2025-09-08 21:44:26.378 - Player: Tân binh-1
[DEBUG] 2025-09-08 21:44:26.378 - Target MapId: -1, ZoneId: -1
[DEBUG] 2025-09-08 21:44:26.378 - >>> ENTERING ChangeMapService.changeMap()
[DEBUG] 2025-09-08 21:44:26.379 - Player: Tân binh-0
[DEBUG] 2025-09-08 21:44:26.379 - Target MapId: -1, ZoneId: -1
[DEBUG] 2025-09-08 21:44:26.379 - >>> ENTERING ChangeMapService.changeMap()
[DEBUG] 2025-09-08 21:44:26.380 - Player: Tân binh-4
[DEBUG] 2025-09-08 21:44:26.380 - Target MapId: -1, ZoneId: -1
[DEBUG] 2025-09-08 21:44:26.380 - >>> ENTERING ChangeMapService.changeMap()
[DEBUG] 2025-09-08 21:44:26.381 - Player: Tân binh-3
[DEBUG] 2025-09-08 21:44:26.381 - Target MapId: -1, ZoneId: -1
[DEBUG] 2025-09-08 21:44:26.381 - >>> ENTERING ChangeMapService.changeMap()
[DEBUG] 2025-09-08 21:44:26.382 - Player: Tân binh-2
[DEBUG] 2025-09-08 21:44:26.382 - Target MapId: -1, ZoneId: -1
[DEBUG] 2025-09-08 21:44:26.383 - >>> ENTERING ChangeMapService.changeMap()
[DEBUG] 2025-09-08 21:44:26.383 - Player: Tân binh-1
[DEBUG] 2025-09-08 21:44:26.384 - Target MapId: -1, ZoneId: -1
[DEBUG] 2025-09-08 21:44:26.384 - >>> ENTERING ChangeMapService.changeMap()
[DEBUG] 2025-09-08 21:44:26.384 - Player: Tân binh-0
[DEBUG] 2025-09-08 21:44:26.384 - Target MapId: -1, ZoneId: -1
[DEBUG] 2025-09-08 21:44:26.385 - >>> ENTERING ChangeMapService.changeMap()
[DEBUG] 2025-09-08 21:44:26.385 - Player: Tân binh-4
[DEBUG] 2025-09-08 21:44:26.386 - Target MapId: -1, ZoneId: -1
[DEBUG] 2025-09-08 21:44:26.386 - >>> ENTERING ChangeMapService.changeMap()
[DEBUG] 2025-09-08 21:44:26.386 - Player: Tân binh-3
[DEBUG] 2025-09-08 21:44:26.387 - Target MapId: -1, ZoneId: -1
[DEBUG] 2025-09-08 21:44:26.387 - >>> ENTERING ChangeMapService.changeMap()
[DEBUG] 2025-09-08 21:44:26.388 - Player: Tân binh-2
[DEBUG] 2025-09-08 21:44:26.388 - Target MapId: -1, ZoneId: -1
[DEBUG] 2025-09-08 21:44:26.388 - >>> ENTERING ChangeMapService.changeMap()
[DEBUG] 2025-09-08 21:44:26.389 - Player: Tân binh-1
[DEBUG] 2025-09-08 21:44:26.389 - Target MapId: -1, ZoneId: -1
[DEBUG] 2025-09-08 21:44:26.389 - >>> ENTERING ChangeMapService.changeMap()
[DEBUG] 2025-09-08 21:44:26.391 - Player: Tân binh-0
[DEBUG] 2025-09-08 21:44:26.391 - Target MapId: -1, ZoneId: -1
[DEBUG] 2025-09-08 21:44:26.391 - >>> ENTERING ChangeMapService.changeMap()
[DEBUG] 2025-09-08 21:44:26.392 - Player: Tân binh-4
[DEBUG] 2025-09-08 21:44:26.392 - Target MapId: -1, ZoneId: -1
[DEBUG] 2025-09-08 21:44:26.392 - >>> ENTERING ChangeMapService.changeMap()
[DEBUG] 2025-09-08 21:44:26.393 - Player: Tân binh-3
[DEBUG] 2025-09-08 21:44:26.393 - Target MapId: -1, ZoneId: -1
[DEBUG] 2025-09-08 21:44:26.394 - >>> ENTERING ChangeMapService.changeMap()
[DEBUG] 2025-09-08 21:44:26.394 - Player: Tân binh-2
[DEBUG] 2025-09-08 21:44:26.395 - Target MapId: -1, ZoneId: -1
[DEBUG] 2025-09-08 21:44:26.395 - >>> ENTERING ChangeMapService.changeMap()
[DEBUG] 2025-09-08 21:44:26.395 - Player: Tân binh-1
[DEBUG] 2025-09-08 21:44:26.396 - Target MapId: -1, ZoneId: -1
[DEBUG] 2025-09-08 21:44:26.396 - >>> ENTERING ChangeMapService.changeMap()
[DEBUG] 2025-09-08 21:44:26.396 - Player: Tân binh-0
[DEBUG] 2025-09-08 21:44:26.397 - Target MapId: -1, ZoneId: -1
[DEBUG] 2025-09-08 21:44:26.397 - >>> ENTERING ChangeMapService.changeMap()
[DEBUG] 2025-09-08 21:44:26.398 - Player: Tân binh-4
[DEBUG] 2025-09-08 21:44:26.398 - Target MapId: -1, ZoneId: -1
[DEBUG] 2025-09-08 21:44:26.398 - >>> ENTERING ChangeMapService.changeMap()
[DEBUG] 2025-09-08 21:44:26.399 - Player: Tân binh-3
[DEBUG] 2025-09-08 21:44:26.399 - Target MapId: -1, ZoneId: -1
[DEBUG] 2025-09-08 21:44:26.399 - >>> ENTERING ChangeMapService.changeMap()
[DEBUG] 2025-09-08 21:44:26.400 - Player: Tân binh-2
[DEBUG] 2025-09-08 21:44:26.400 - Target MapId: -1, ZoneId: -1
[DEBUG] 2025-09-08 21:44:26.400 - >>> ENTERING ChangeMapService.changeMap()
[DEBUG] 2025-09-08 21:44:26.400 - Player: Tân binh-1
[DEBUG] 2025-09-08 21:44:26.401 - Target MapId: -1, ZoneId: -1
[DEBUG] 2025-09-08 21:44:26.401 - >>> ENTERING ChangeMapService.changeMap()
[DEBUG] 2025-09-08 21:44:26.401 - Player: Tân binh-0
[DEBUG] 2025-09-08 21:44:26.401 - Target MapId: -1, ZoneId: -1
[DEBUG] 2025-09-08 21:44:26.402 - >>> ENTERING ChangeMapService.changeMap()
[DEBUG] 2025-09-08 21:44:26.403 - Player: Tập sự-4
[DEBUG] 2025-09-08 21:44:26.403 - Target MapId: -1, ZoneId: -1
[DEBUG] 2025-09-08 21:44:26.404 - >>> ENTERING ChangeMapService.changeMap()
[DEBUG] 2025-09-08 21:44:26.404 - Player: Tập sự-3
[DEBUG] 2025-09-08 21:44:26.404 - Target MapId: -1, ZoneId: -1
[DEBUG] 2025-09-08 21:44:26.405 - >>> ENTERING ChangeMapService.changeMap()
[DEBUG] 2025-09-08 21:44:26.405 - Player: Tập sự-2
[DEBUG] 2025-09-08 21:44:26.406 - Target MapId: -1, ZoneId: -1
[DEBUG] 2025-09-08 21:44:26.406 - >>> ENTERING ChangeMapService.changeMap()
[DEBUG] 2025-09-08 21:44:26.406 - Player: Tập sự-1
[DEBUG] 2025-09-08 21:44:26.407 - Target MapId: -1, ZoneId: -1
[DEBUG] 2025-09-08 21:44:26.407 - >>> ENTERING ChangeMapService.changeMap()
[DEBUG] 2025-09-08 21:44:26.407 - Player: Tập sự-0
[DEBUG] 2025-09-08 21:44:26.408 - Target MapId: -1, ZoneId: -1
[DEBUG] 2025-09-08 21:44:26.408 - >>> ENTERING ChangeMapService.changeMap()
[DEBUG] 2025-09-08 21:44:26.409 - Player: Tập sự-4
[DEBUG] 2025-09-08 21:44:26.409 - Target MapId: -1, ZoneId: -1
[DEBUG] 2025-09-08 21:44:26.409 - >>> ENTERING ChangeMapService.changeMap()
[DEBUG] 2025-09-08 21:44:26.410 - Player: Tập sự-3
[DEBUG] 2025-09-08 21:44:26.410 - Target MapId: -1, ZoneId: -1
[DEBUG] 2025-09-08 21:44:26.411 - >>> ENTERING ChangeMapService.changeMap()
[DEBUG] 2025-09-08 21:44:26.411 - Player: Tập sự-2
[DEBUG] 2025-09-08 21:44:26.411 - Target MapId: -1, ZoneId: -1
[DEBUG] 2025-09-08 21:44:26.412 - >>> ENTERING ChangeMapService.changeMap()
[DEBUG] 2025-09-08 21:44:26.412 - Player: Tập sự-1
[DEBUG] 2025-09-08 21:44:26.412 - Target MapId: -1, ZoneId: -1
[DEBUG] 2025-09-08 21:44:26.413 - >>> ENTERING ChangeMapService.changeMap()
[DEBUG] 2025-09-08 21:44:26.413 - Player: Tập sự-0
[DEBUG] 2025-09-08 21:44:26.414 - Target MapId: -1, ZoneId: -1
[DEBUG] 2025-09-08 21:44:26.415 - >>> ENTERING ChangeMapService.changeMap()
[DEBUG] 2025-09-08 21:44:26.415 - Player: Tập sự-4
[DEBUG] 2025-09-08 21:44:26.415 - Target MapId: -1, ZoneId: -1
[DEBUG] 2025-09-08 21:44:26.416 - >>> ENTERING ChangeMapService.changeMap()
[DEBUG] 2025-09-08 21:44:26.416 - Player: Tập sự-3
[DEBUG] 2025-09-08 21:44:26.417 - Target MapId: -1, ZoneId: -1
[DEBUG] 2025-09-08 21:44:26.417 - >>> ENTERING ChangeMapService.changeMap()
[DEBUG] 2025-09-08 21:44:26.418 - Player: Tập sự-2
[DEBUG] 2025-09-08 21:44:26.418 - Target MapId: -1, ZoneId: -1
[DEBUG] 2025-09-08 21:44:26.419 - >>> ENTERING ChangeMapService.changeMap()
[DEBUG] 2025-09-08 21:44:26.419 - Player: Tập sự-1
[DEBUG] 2025-09-08 21:44:26.420 - Target MapId: -1, ZoneId: -1
[DEBUG] 2025-09-08 21:44:26.420 - >>> ENTERING ChangeMapService.changeMap()
[DEBUG] 2025-09-08 21:44:26.421 - Player: Tập sự-0
[DEBUG] 2025-09-08 21:44:26.421 - Target MapId: -1, ZoneId: -1
[DEBUG] 2025-09-08 21:44:26.422 - >>> ENTERING ChangeMapService.changeMap()
[DEBUG] 2025-09-08 21:44:26.422 - Player: Tập sự-4
[DEBUG] 2025-09-08 21:44:26.422 - Target MapId: -1, ZoneId: -1
[DEBUG] 2025-09-08 21:44:26.423 - >>> ENTERING ChangeMapService.changeMap()
[DEBUG] 2025-09-08 21:44:26.423 - Player: Tập sự-3
[DEBUG] 2025-09-08 21:44:26.423 - Target MapId: -1, ZoneId: -1
[DEBUG] 2025-09-08 21:44:26.423 - >>> ENTERING ChangeMapService.changeMap()
[DEBUG] 2025-09-08 21:44:26.423 - Player: Tập sự-2
[DEBUG] 2025-09-08 21:44:26.423 - Target MapId: -1, ZoneId: -1
[DEBUG] 2025-09-08 21:44:26.423 - >>> ENTERING ChangeMapService.changeMap()
[DEBUG] 2025-09-08 21:44:26.423 - Player: Tập sự-1
[DEBUG] 2025-09-08 21:44:26.424 - Target MapId: -1, ZoneId: -1
[DEBUG] 2025-09-08 21:44:26.424 - >>> ENTERING ChangeMapService.changeMap()
[DEBUG] 2025-09-08 21:44:26.424 - Player: Tập sự-0
[DEBUG] 2025-09-08 21:44:26.424 - Target MapId: -1, ZoneId: -1
[DEBUG] 2025-09-08 21:44:26.424 - >>> ENTERING ChangeMapService.changeMap()
[DEBUG] 2025-09-08 21:44:26.424 - Player: Tập sự-4
[DEBUG] 2025-09-08 21:44:26.424 - Target MapId: -1, ZoneId: -1
[DEBUG] 2025-09-08 21:44:26.424 - >>> ENTERING ChangeMapService.changeMap()
[DEBUG] 2025-09-08 21:44:26.424 - Player: Tập sự-3
[DEBUG] 2025-09-08 21:44:26.425 - Target MapId: -1, ZoneId: -1
[DEBUG] 2025-09-08 21:44:26.425 - >>> ENTERING ChangeMapService.changeMap()
[DEBUG] 2025-09-08 21:44:26.425 - Player: Tập sự-2
[DEBUG] 2025-09-08 21:44:26.425 - Target MapId: -1, ZoneId: -1
[DEBUG] 2025-09-08 21:44:26.425 - >>> ENTERING ChangeMapService.changeMap()
[DEBUG] 2025-09-08 21:44:26.425 - Player: Tập sự-1
[DEBUG] 2025-09-08 21:44:26.425 - Target MapId: -1, ZoneId: -1
[DEBUG] 2025-09-08 21:44:26.425 - >>> ENTERING ChangeMapService.changeMap()
[DEBUG] 2025-09-08 21:44:26.425 - Player: Tập sự-0
[DEBUG] 2025-09-08 21:44:26.425 - Target MapId: -1, ZoneId: -1
[DEBUG] 2025-09-08 21:44:26.426 - >>> ENTERING ChangeMapService.changeMap()
[DEBUG] 2025-09-08 21:44:26.426 - Player: Tập sự-4
[DEBUG] 2025-09-08 21:44:26.426 - Target MapId: -1, ZoneId: -1
[DEBUG] 2025-09-08 21:44:26.426 - >>> ENTERING ChangeMapService.changeMap()
[DEBUG] 2025-09-08 21:44:26.426 - Player: Tập sự-3
[DEBUG] 2025-09-08 21:44:26.426 - Target MapId: -1, ZoneId: -1
[DEBUG] 2025-09-08 21:44:26.426 - >>> ENTERING ChangeMapService.changeMap()
[DEBUG] 2025-09-08 21:44:26.426 - Player: Tập sự-2
[DEBUG] 2025-09-08 21:44:26.426 - Target MapId: -1, ZoneId: -1
[DEBUG] 2025-09-08 21:44:26.427 - >>> ENTERING ChangeMapService.changeMap()
[DEBUG] 2025-09-08 21:44:26.427 - Player: Tập sự-1
[DEBUG] 2025-09-08 21:44:26.427 - Target MapId: -1, ZoneId: -1
[DEBUG] 2025-09-08 21:44:26.427 - >>> ENTERING ChangeMapService.changeMap()
[DEBUG] 2025-09-08 21:44:26.427 - Player: Tập sự-0
[DEBUG] 2025-09-08 21:44:26.427 - Target MapId: -1, ZoneId: -1
[DEBUG] 2025-09-08 21:44:26.427 - >>> ENTERING ChangeMapService.changeMap()
[DEBUG] 2025-09-08 21:44:26.427 - Player: Tập sự-4
[DEBUG] 2025-09-08 21:44:26.427 - Target MapId: -1, ZoneId: -1
[DEBUG] 2025-09-08 21:44:26.428 - >>> ENTERING ChangeMapService.changeMap()
[DEBUG] 2025-09-08 21:44:26.428 - Player: Tập sự-3
[DEBUG] 2025-09-08 21:44:26.428 - Target MapId: -1, ZoneId: -1
[DEBUG] 2025-09-08 21:44:26.428 - >>> ENTERING ChangeMapService.changeMap()
[DEBUG] 2025-09-08 21:44:26.428 - Player: Tập sự-2
[DEBUG] 2025-09-08 21:44:26.428 - Target MapId: -1, ZoneId: -1
[DEBUG] 2025-09-08 21:44:26.428 - >>> ENTERING ChangeMapService.changeMap()
[DEBUG] 2025-09-08 21:44:26.428 - Player: Tập sự-1
[DEBUG] 2025-09-08 21:44:26.428 - Target MapId: -1, ZoneId: -1
[DEBUG] 2025-09-08 21:44:26.428 - >>> ENTERING ChangeMapService.changeMap()
[DEBUG] 2025-09-08 21:44:26.429 - Player: Tập sự-0
[DEBUG] 2025-09-08 21:44:26.429 - Target MapId: -1, ZoneId: -1
[DEBUG] 2025-09-08 21:44:26.429 - >>> ENTERING ChangeMapService.changeMap()
[DEBUG] 2025-09-08 21:44:26.429 - Player: Tập sự-4
[DEBUG] 2025-09-08 21:44:26.429 - Target MapId: -1, ZoneId: -1
[DEBUG] 2025-09-08 21:44:26.429 - >>> ENTERING ChangeMapService.changeMap()
[DEBUG] 2025-09-08 21:44:26.429 - Player: Tập sự-3
[DEBUG] 2025-09-08 21:44:26.429 - Target MapId: -1, ZoneId: -1
[DEBUG] 2025-09-08 21:44:26.430 - >>> ENTERING ChangeMapService.changeMap()
[DEBUG] 2025-09-08 21:44:26.430 - Player: Tập sự-2
[DEBUG] 2025-09-08 21:44:26.430 - Target MapId: -1, ZoneId: -1
[DEBUG] 2025-09-08 21:44:26.430 - >>> ENTERING ChangeMapService.changeMap()
[DEBUG] 2025-09-08 21:44:26.430 - Player: Tập sự-1
[DEBUG] 2025-09-08 21:44:26.430 - Target MapId: -1, ZoneId: -1
[DEBUG] 2025-09-08 21:44:26.430 - >>> ENTERING ChangeMapService.changeMap()
[DEBUG] 2025-09-08 21:44:26.430 - Player: Tập sự-0
[DEBUG] 2025-09-08 21:44:26.430 - Target MapId: -1, ZoneId: -1
[DEBUG] 2025-09-08 21:44:26.430 - >>> ENTERING ChangeMapService.changeMap()
[DEBUG] 2025-09-08 21:44:26.430 - Player: Tập sự-4
[DEBUG] 2025-09-08 21:44:26.430 - Target MapId: -1, ZoneId: -1
[DEBUG] 2025-09-08 21:44:26.430 - >>> ENTERING ChangeMapService.changeMap()
[DEBUG] 2025-09-08 21:44:26.430 - Player: Tập sự-3
[DEBUG] 2025-09-08 21:44:26.430 - Target MapId: -1, ZoneId: -1
[DEBUG] 2025-09-08 21:44:26.431 - >>> ENTERING ChangeMapService.changeMap()
[DEBUG] 2025-09-08 21:44:26.431 - Player: Tập sự-2
[DEBUG] 2025-09-08 21:44:26.431 - Target MapId: -1, ZoneId: -1
[DEBUG] 2025-09-08 21:44:26.431 - >>> ENTERING ChangeMapService.changeMap()
[DEBUG] 2025-09-08 21:44:26.431 - Player: Tập sự-1
[DEBUG] 2025-09-08 21:44:26.431 - Target MapId: -1, ZoneId: -1
[DEBUG] 2025-09-08 21:44:26.431 - >>> ENTERING ChangeMapService.changeMap()
[DEBUG] 2025-09-08 21:44:26.431 - Player: Tập sự-0
[DEBUG] 2025-09-08 21:44:26.431 - Target MapId: -1, ZoneId: -1
[DEBUG] 2025-09-08 21:44:26.431 - >>> ENTERING ChangeMapService.changeMap()
[DEBUG] 2025-09-08 21:44:26.432 - Player: Tập sự-4
[DEBUG] 2025-09-08 21:44:26.432 - Target MapId: -1, ZoneId: -1
[DEBUG] 2025-09-08 21:44:26.432 - >>> ENTERING ChangeMapService.changeMap()
[DEBUG] 2025-09-08 21:44:26.432 - Player: Tập sự-3
[DEBUG] 2025-09-08 21:44:26.432 - Target MapId: -1, ZoneId: -1
[DEBUG] 2025-09-08 21:44:26.432 - >>> ENTERING ChangeMapService.changeMap()
[DEBUG] 2025-09-08 21:44:26.432 - Player: Tập sự-2
[DEBUG] 2025-09-08 21:44:26.432 - Target MapId: -1, ZoneId: -1
[DEBUG] 2025-09-08 21:44:26.432 - >>> ENTERING ChangeMapService.changeMap()
[DEBUG] 2025-09-08 21:44:26.432 - Player: Tập sự-1
[DEBUG] 2025-09-08 21:44:26.432 - Target MapId: -1, ZoneId: -1
[DEBUG] 2025-09-08 21:44:26.433 - >>> ENTERING ChangeMapService.changeMap()
[DEBUG] 2025-09-08 21:44:26.433 - Player: Tập sự-0
[DEBUG] 2025-09-08 21:44:26.433 - Target MapId: -1, ZoneId: -1
[DEBUG] 2025-09-08 21:44:26.433 - >>> ENTERING ChangeMapService.changeMap()
[DEBUG] 2025-09-08 21:44:26.433 - Player: Tập sự-4
[DEBUG] 2025-09-08 21:44:26.433 - Target MapId: -1, ZoneId: -1
[DEBUG] 2025-09-08 21:44:26.433 - >>> ENTERING ChangeMapService.changeMap()
[DEBUG] 2025-09-08 21:44:26.433 - Player: Tập sự-3
[DEBUG] 2025-09-08 21:44:26.433 - Target MapId: -1, ZoneId: -1
[DEBUG] 2025-09-08 21:44:26.434 - >>> ENTERING ChangeMapService.changeMap()
[DEBUG] 2025-09-08 21:44:26.434 - Player: Tập sự-2
[DEBUG] 2025-09-08 21:44:26.434 - Target MapId: -1, ZoneId: -1
[DEBUG] 2025-09-08 21:44:26.434 - >>> ENTERING ChangeMapService.changeMap()
[DEBUG] 2025-09-08 21:44:26.434 - Player: Tập sự-1
[DEBUG] 2025-09-08 21:44:26.434 - Target MapId: -1, ZoneId: -1
[DEBUG] 2025-09-08 21:44:26.434 - >>> ENTERING ChangeMapService.changeMap()
[DEBUG] 2025-09-08 21:44:26.434 - Player: Tập sự-0
[DEBUG] 2025-09-08 21:44:26.434 - Target MapId: -1, ZoneId: -1
[DEBUG] 2025-09-08 21:44:26.434 - >>> ENTERING ChangeMapService.changeMap()
[DEBUG] 2025-09-08 21:44:26.434 - Player: Tập sự-4
[DEBUG] 2025-09-08 21:44:26.434 - Target MapId: -1, ZoneId: -1
[DEBUG] 2025-09-08 21:44:26.434 - >>> ENTERING ChangeMapService.changeMap()
[DEBUG] 2025-09-08 21:44:26.434 - Player: Tập sự-3
[DEBUG] 2025-09-08 21:44:26.434 - Target MapId: -1, ZoneId: -1
[DEBUG] 2025-09-08 21:44:26.434 - >>> ENTERING ChangeMapService.changeMap()
[DEBUG] 2025-09-08 21:44:26.436 - Player: Tập sự-2
[DEBUG] 2025-09-08 21:44:26.436 - Target MapId: -1, ZoneId: -1
[DEBUG] 2025-09-08 21:44:26.437 - >>> ENTERING ChangeMapService.changeMap()
[DEBUG] 2025-09-08 21:44:26.437 - Player: Tập sự-1
[DEBUG] 2025-09-08 21:44:26.437 - Target MapId: -1, ZoneId: -1
[DEBUG] 2025-09-08 21:44:26.438 - >>> ENTERING ChangeMapService.changeMap()
[DEBUG] 2025-09-08 21:44:26.438 - Player: Tập sự-0
[DEBUG] 2025-09-08 21:44:26.439 - Target MapId: -1, ZoneId: -1
[DEBUG] 2025-09-08 21:44:26.439 - >>> ENTERING ChangeMapService.changeMap()
[DEBUG] 2025-09-08 21:44:26.440 - Player: Tập sự-4
[DEBUG] 2025-09-08 21:44:26.440 - Target MapId: -1, ZoneId: -1
[DEBUG] 2025-09-08 21:44:26.441 - >>> ENTERING ChangeMapService.changeMap()
[DEBUG] 2025-09-08 21:44:26.441 - Player: Tập sự-3
[DEBUG] 2025-09-08 21:44:26.441 - Target MapId: -1, ZoneId: -1
[DEBUG] 2025-09-08 21:44:26.442 - >>> ENTERING ChangeMapService.changeMap()
[DEBUG] 2025-09-08 21:44:26.442 - Player: Tập sự-2
[DEBUG] 2025-09-08 21:44:26.442 - Target MapId: -1, ZoneId: -1
[DEBUG] 2025-09-08 21:44:26.443 - >>> ENTERING ChangeMapService.changeMap()
[DEBUG] 2025-09-08 21:44:26.444 - Player: Tập sự-1
[DEBUG] 2025-09-08 21:44:26.444 - Target MapId: -1, ZoneId: -1
[DEBUG] 2025-09-08 21:44:26.445 - >>> ENTERING ChangeMapService.changeMap()
[DEBUG] 2025-09-08 21:44:26.445 - Player: Tập sự-0
[DEBUG] 2025-09-08 21:44:26.445 - Target MapId: -1, ZoneId: -1
[DEBUG] 2025-09-08 21:44:26.446 - >>> ENTERING ChangeMapService.changeMap()
[DEBUG] 2025-09-08 21:44:26.446 - Player: Tập sự-4
[DEBUG] 2025-09-08 21:44:26.446 - Target MapId: -1, ZoneId: -1
[DEBUG] 2025-09-08 21:44:26.447 - >>> ENTERING ChangeMapService.changeMap()
[DEBUG] 2025-09-08 21:44:26.447 - Player: Tập sự-3
[DEBUG] 2025-09-08 21:44:26.448 - Target MapId: -1, ZoneId: -1
[DEBUG] 2025-09-08 21:44:26.448 - >>> ENTERING ChangeMapService.changeMap()
[DEBUG] 2025-09-08 21:44:26.448 - Player: Tập sự-2
[DEBUG] 2025-09-08 21:44:26.449 - Target MapId: -1, ZoneId: -1
[DEBUG] 2025-09-08 21:44:26.449 - >>> ENTERING ChangeMapService.changeMap()
[DEBUG] 2025-09-08 21:44:26.449 - Player: Tập sự-1
[DEBUG] 2025-09-08 21:44:26.450 - Target MapId: -1, ZoneId: -1
[DEBUG] 2025-09-08 21:44:26.450 - >>> ENTERING ChangeMapService.changeMap()
[DEBUG] 2025-09-08 21:44:26.450 - Player: Tập sự-0
[DEBUG] 2025-09-08 21:44:26.450 - Target MapId: -1, ZoneId: -1
[DEBUG] 2025-09-08 21:44:26.450 - >>> ENTERING ChangeMapService.changeMap()
[DEBUG] 2025-09-08 21:44:26.451 - Player: Tập sự-4
[DEBUG] 2025-09-08 21:44:26.451 - Target MapId: -1, ZoneId: -1
[DEBUG] 2025-09-08 21:44:26.451 - >>> ENTERING ChangeMapService.changeMap()
[DEBUG] 2025-09-08 21:44:26.452 - Player: Tập sự-3
[DEBUG] 2025-09-08 21:44:26.453 - Target MapId: -1, ZoneId: -1
[DEBUG] 2025-09-08 21:44:26.453 - >>> ENTERING ChangeMapService.changeMap()
[DEBUG] 2025-09-08 21:44:26.453 - Player: Tập sự-2
[DEBUG] 2025-09-08 21:44:26.454 - Target MapId: -1, ZoneId: -1
[DEBUG] 2025-09-08 21:44:26.454 - >>> ENTERING ChangeMapService.changeMap()
[DEBUG] 2025-09-08 21:44:26.455 - Player: Tập sự-1
[DEBUG] 2025-09-08 21:44:26.455 - Target MapId: -1, ZoneId: -1
[DEBUG] 2025-09-08 21:44:26.455 - >>> ENTERING ChangeMapService.changeMap()
[DEBUG] 2025-09-08 21:44:26.456 - Player: Tập sự-0
[DEBUG] 2025-09-08 21:44:26.456 - Target MapId: -1, ZoneId: -1
[DEBUG] 2025-09-08 21:44:26.595 - >>> ENTERING ChangeMapService.changeMap()
[DEBUG] 2025-09-08 21:44:26.595 - Player: $
[DEBUG] 2025-09-08 21:44:26.596 - Target MapId: -1, ZoneId: -1
[DEBUG] 2025-09-08 21:44:26.596 - >>> ENTERING ChangeMapService.changeMap()
[DEBUG] 2025-09-08 21:44:26.596 - Player: $
[DEBUG] 2025-09-08 21:44:26.596 - Target MapId: -1, ZoneId: -1
[DEBUG] 2025-09-08 21:44:26.596 - >>> ENTERING ChangeMapService.changeMap()
[DEBUG] 2025-09-08 21:44:26.596 - Player: $
[DEBUG] 2025-09-08 21:44:26.597 - Target MapId: -1, ZoneId: -1
[DEBUG] 2025-09-08 21:44:26.597 - >>> ENTERING ChangeMapService.changeMap()
[DEBUG] 2025-09-08 21:44:26.597 - Player: $
[DEBUG] 2025-09-08 21:44:26.597 - Target MapId: -1, ZoneId: -1
[DEBUG] 2025-09-08 21:44:26.597 - >>> ENTERING ChangeMapService.changeMap()
[DEBUG] 2025-09-08 21:44:26.597 - Player: $
[DEBUG] 2025-09-08 21:44:26.598 - Target MapId: -1, ZoneId: -1
[DEBUG] 2025-09-08 21:44:26.598 - >>> ENTERING ChangeMapService.changeMap()
[DEBUG] 2025-09-08 21:44:26.598 - Player: $
[DEBUG] 2025-09-08 21:44:26.598 - Target MapId: -1, ZoneId: -1
[DEBUG] 2025-09-08 21:44:26.598 - >>> ENTERING ChangeMapService.changeMap()
[DEBUG] 2025-09-08 21:44:26.598 - Player: $
[DEBUG] 2025-09-08 21:44:26.598 - Target MapId: -1, ZoneId: -1
[DEBUG] 2025-09-08 21:44:26.598 - >>> ENTERING ChangeMapService.changeMap()
[DEBUG] 2025-09-08 21:44:26.598 - Player: $
[DEBUG] 2025-09-08 21:44:26.599 - Target MapId: -1, ZoneId: -1
[DEBUG] 2025-09-08 21:44:26.599 - >>> ENTERING ChangeMapService.changeMap()
[DEBUG] 2025-09-08 21:44:26.599 - Player: $
[DEBUG] 2025-09-08 21:44:26.599 - Target MapId: -1, ZoneId: -1
[DEBUG] 2025-09-08 21:44:26.599 - >>> ENTERING ChangeMapService.changeMap()
[DEBUG] 2025-09-08 21:44:26.599 - Player: $
[DEBUG] 2025-09-08 21:44:26.599 - Target MapId: -1, ZoneId: -1
[DEBUG] 2025-09-08 21:44:30.242 - >>> ENTERING ChangeMapService.changeMap()
[DEBUG] 2025-09-08 21:44:30.243 - Player: test2
[DEBUG] 2025-09-08 21:44:30.244 - Target MapId: -1, ZoneId: -1
[DEBUG] 2025-09-08 21:44:30.244 - ==================================================
[DEBUG] 2025-09-08 21:44:30.245 - Player entered map 47 - checking for boss spawn
[DEBUG] 2025-09-08 21:44:30.246 - Current task: 18432
[DEBUG] 2025-09-08 21:44:30.246 - TASK_9_0: 18432
[DEBUG] 2025-09-08 21:44:30.246 - TASK_10_2: 20484
[DEBUG] 2025-09-08 21:44:30.246 - Task condition NOT met - no boss spawn
[DEBUG] 2025-09-08 21:44:30.247 - ==================================================
[DEBUG] 2025-09-08 21:44:31.038 - >>> ENTERING TrainingService.callBoss()
[DEBUG] 2025-09-08 21:44:31.044 - Parameters - Player: test2, BossID: -457547, isThachDau: false
[DEBUG] 2025-09-08 21:44:31.045 - Player zone: 47
[DEBUG] 2025-09-08 21:44:31.046 - Setting isThachDau to: false
[DEBUG] 2025-09-08 21:44:31.046 - NPC ID for boss: -1
[DEBUG] 2025-09-08 21:44:31.046 - Creating boss with ID: -457547
[DEBUG] 2025-09-08 21:44:31.046 - Creating TauPayPay1 boss...
[DEBUG] 2025-09-08 21:44:31.048 - TauPayPay1 created successfully
[DEBUG] 2025-09-08 21:44:31.048 - <<< EXITING TrainingService.callBoss()
[DEBUG] 2025-09-08 21:44:31.270 - >>> ENTERING TauPayPay1.joinMap()
[DEBUG] 2025-09-08 21:44:31.271 - playerAtt: test2
[DEBUG] 2025-09-08 21:44:31.272 - playerAtt.zone: 47
[DEBUG] 2025-09-08 21:44:31.273 - Setting boss zone...
[DEBUG] 2025-09-08 21:44:31.274 - Boss zone set successfully
[DEBUG] 2025-09-08 21:44:31.274 - Calling changeMapBySpaceShip...
[DEBUG] 2025-09-08 21:44:31.276 - changeMapBySpaceShip completed
[DEBUG] 2025-09-08 21:44:31.277 - Changing status to CHAT_S...
[DEBUG] 2025-09-08 21:44:31.277 - Status changed successfully
[DEBUG] 2025-09-08 21:44:31.278 - <<< EXITING TauPayPay1.joinMap()
[DEBUG] 2025-09-08 21:44:39.938 - >>> ENTERING ChangeMapService.changeMap()
[DEBUG] 2025-09-08 21:44:39.938 - Player: test2
[DEBUG] 2025-09-08 21:44:39.940 - Target MapId: -1, ZoneId: -1
[DEBUG] 2025-09-08 21:44:40.893 - >>> ENTERING ChangeMapService.changeMap()
[DEBUG] 2025-09-08 21:44:40.894 - Player: test2
[DEBUG] 2025-09-08 21:44:40.895 - Target MapId: -1, ZoneId: -1
[DEBUG] 2025-09-08 21:44:40.895 - ==================================================
[DEBUG] 2025-09-08 21:44:40.896 - Player entered map 47 - checking for boss spawn
[DEBUG] 2025-09-08 21:44:40.896 - Current task: 18436
[DEBUG] 2025-09-08 21:44:40.896 - TASK_9_0: 18432
[DEBUG] 2025-09-08 21:44:40.896 - TASK_10_2: 20484
[DEBUG] 2025-09-08 21:44:40.896 - Task condition met - calling boss spawn
[DEBUG] 2025-09-08 21:44:40.897 - >>> ENTERING TrainingService.callBoss()
[DEBUG] 2025-09-08 21:44:40.897 - Parameters - Player: test2, BossID: -457547, isThachDau: false
[DEBUG] 2025-09-08 21:44:40.897 - Player zone: 47
[DEBUG] 2025-09-08 21:44:40.897 - Setting isThachDau to: false
[DEBUG] 2025-09-08 21:44:40.897 - NPC ID for boss: -1
[DEBUG] 2025-09-08 21:44:40.897 - Creating boss with ID: -457547
[DEBUG] 2025-09-08 21:44:40.897 - Creating TauPayPay1 boss...
[DEBUG] 2025-09-08 21:44:40.899 - TauPayPay1 created successfully
[DEBUG] 2025-09-08 21:44:40.899 - <<< EXITING TrainingService.callBoss()
[DEBUG] 2025-09-08 21:44:40.899 - BOSS_SPAWN - Player: test2, BossID: -457547, Success: true
[DEBUG] 2025-09-08 21:44:40.900 - ==================================================
[DEBUG] 2025-09-08 21:44:41.067 - >>> ENTERING TauPayPay1.joinMap()
[DEBUG] 2025-09-08 21:44:41.068 - playerAtt: test2
[DEBUG] 2025-09-08 21:44:41.069 - playerAtt.zone: 47
[DEBUG] 2025-09-08 21:44:41.070 - Setting boss zone...
[DEBUG] 2025-09-08 21:44:41.070 - Boss zone set successfully
[DEBUG] 2025-09-08 21:44:41.071 - Calling changeMapBySpaceShip...
[DEBUG] 2025-09-08 21:44:41.071 - changeMapBySpaceShip completed
[DEBUG] 2025-09-08 21:44:41.073 - Changing status to CHAT_S...
[DEBUG] 2025-09-08 21:44:41.074 - Status changed successfully
[DEBUG] 2025-09-08 21:44:41.074 - <<< EXITING TauPayPay1.joinMap()
[DEBUG] 2025-09-08 21:49:20.603 - >>> ENTERING ChangeMapService.changeMap()
[DEBUG] 2025-09-08 21:49:20.603 - Player: null
[DEBUG] 2025-09-08 21:49:20.605 - Target MapId: -1, ZoneId: -1
[DEBUG] 2025-09-08 21:49:20.606 - >>> ENTERING ChangeMapService.changeMap()
[DEBUG] 2025-09-08 21:49:20.606 - Player: null
[DEBUG] 2025-09-08 21:49:20.607 - Target MapId: -1, ZoneId: -1
[DEBUG] 2025-09-08 21:49:20.607 - >>> ENTERING ChangeMapService.changeMap()
[DEBUG] 2025-09-08 21:49:20.607 - Player: null
[DEBUG] 2025-09-08 21:49:20.608 - Target MapId: -1, ZoneId: -1
[DEBUG] 2025-09-08 21:49:20.608 - >>> ENTERING ChangeMapService.changeMap()
[DEBUG] 2025-09-08 21:49:20.608 - Player: null
[DEBUG] 2025-09-08 21:49:20.608 - Target MapId: -1, ZoneId: -1
[DEBUG] 2025-09-08 21:49:20.609 - >>> ENTERING ChangeMapService.changeMap()
[DEBUG] 2025-09-08 21:49:20.609 - Player: null
[DEBUG] 2025-09-08 21:49:20.609 - Target MapId: -1, ZoneId: -1
[DEBUG] 2025-09-08 21:49:20.610 - >>> ENTERING ChangeMapService.changeMap()
[DEBUG] 2025-09-08 21:49:20.610 - Player: null
[DEBUG] 2025-09-08 21:49:20.610 - Target MapId: -1, ZoneId: -1
[DEBUG] 2025-09-08 21:49:20.610 - >>> ENTERING ChangeMapService.changeMap()
[DEBUG] 2025-09-08 21:49:20.610 - Player: null
[DEBUG] 2025-09-08 21:49:20.611 - Target MapId: -1, ZoneId: -1
[DEBUG] 2025-09-08 21:49:20.611 - >>> ENTERING ChangeMapService.changeMap()
[DEBUG] 2025-09-08 21:49:20.611 - Player: null
[DEBUG] 2025-09-08 21:49:20.612 - Target MapId: -1, ZoneId: -1
[DEBUG] 2025-09-08 21:49:20.612 - >>> ENTERING ChangeMapService.changeMap()
[DEBUG] 2025-09-08 21:49:20.612 - Player: null
[DEBUG] 2025-09-08 21:49:20.613 - Target MapId: -1, ZoneId: -1
[DEBUG] 2025-09-08 21:49:20.613 - >>> ENTERING ChangeMapService.changeMap()
[DEBUG] 2025-09-08 21:49:20.613 - Player: null
[DEBUG] 2025-09-08 21:49:20.614 - Target MapId: -1, ZoneId: -1
[DEBUG] 2025-09-08 21:49:20.614 - >>> ENTERING ChangeMapService.changeMap()
[DEBUG] 2025-09-08 21:49:20.614 - Player: null
[DEBUG] 2025-09-08 21:49:20.614 - Target MapId: -1, ZoneId: -1
[DEBUG] 2025-09-08 21:49:20.615 - >>> ENTERING ChangeMapService.changeMap()
[DEBUG] 2025-09-08 21:49:20.615 - Player: null
[DEBUG] 2025-09-08 21:49:20.615 - Target MapId: -1, ZoneId: -1
[DEBUG] 2025-09-08 21:49:20.616 - >>> ENTERING ChangeMapService.changeMap()
[DEBUG] 2025-09-08 21:49:20.616 - Player: null
[DEBUG] 2025-09-08 21:49:20.616 - Target MapId: -1, ZoneId: -1
[DEBUG] 2025-09-08 21:49:20.617 - >>> ENTERING ChangeMapService.changeMap()
[DEBUG] 2025-09-08 21:49:20.617 - Player: null
[DEBUG] 2025-09-08 21:49:20.617 - Target MapId: -1, ZoneId: -1
[DEBUG] 2025-09-08 21:49:20.617 - >>> ENTERING ChangeMapService.changeMap()
[DEBUG] 2025-09-08 21:49:20.618 - Player: null
[DEBUG] 2025-09-08 21:49:20.618 - Target MapId: -1, ZoneId: -1
[DEBUG] 2025-09-08 21:49:20.618 - >>> ENTERING ChangeMapService.changeMap()
[DEBUG] 2025-09-08 21:49:20.619 - Player: null
[DEBUG] 2025-09-08 21:49:20.619 - Target MapId: -1, ZoneId: -1
[DEBUG] 2025-09-08 21:49:20.619 - >>> ENTERING ChangeMapService.changeMap()
[DEBUG] 2025-09-08 21:49:20.620 - Player: null
[DEBUG] 2025-09-08 21:49:20.620 - Target MapId: -1, ZoneId: -1
[DEBUG] 2025-09-08 21:49:20.620 - >>> ENTERING ChangeMapService.changeMap()
[DEBUG] 2025-09-08 21:49:20.620 - Player: null
[DEBUG] 2025-09-08 21:49:20.620 - Target MapId: -1, ZoneId: -1
[DEBUG] 2025-09-08 21:49:20.620 - >>> ENTERING ChangeMapService.changeMap()
[DEBUG] 2025-09-08 21:49:20.622 - Player: null
[DEBUG] 2025-09-08 21:49:20.622 - Target MapId: -1, ZoneId: -1
[DEBUG] 2025-09-08 21:49:20.622 - >>> ENTERING ChangeMapService.changeMap()
[DEBUG] 2025-09-08 21:49:20.623 - Player: null
[DEBUG] 2025-09-08 21:49:20.623 - Target MapId: -1, ZoneId: -1
[DEBUG] 2025-09-08 21:49:20.623 - >>> ENTERING ChangeMapService.changeMap()
[DEBUG] 2025-09-08 21:49:20.623 - Player: null
[DEBUG] 2025-09-08 21:49:20.623 - Target MapId: -1, ZoneId: -1
[DEBUG] 2025-09-08 21:49:20.624 - >>> ENTERING ChangeMapService.changeMap()
[DEBUG] 2025-09-08 21:49:20.624 - Player: null
[DEBUG] 2025-09-08 21:49:20.624 - Target MapId: -1, ZoneId: -1
[DEBUG] 2025-09-08 21:49:20.625 - >>> ENTERING ChangeMapService.changeMap()
[DEBUG] 2025-09-08 21:49:20.625 - Player: null
[DEBUG] 2025-09-08 21:49:20.625 - Target MapId: -1, ZoneId: -1
[DEBUG] 2025-09-08 21:49:20.625 - >>> ENTERING ChangeMapService.changeMap()
[DEBUG] 2025-09-08 21:49:20.625 - Player: null
[DEBUG] 2025-09-08 21:49:20.626 - Target MapId: -1, ZoneId: -1
[DEBUG] 2025-09-08 21:49:20.626 - >>> ENTERING ChangeMapService.changeMap()
[DEBUG] 2025-09-08 21:49:20.626 - Player: null
[DEBUG] 2025-09-08 21:49:20.627 - Target MapId: -1, ZoneId: -1
[DEBUG] 2025-09-08 21:49:20.627 - >>> ENTERING ChangeMapService.changeMap()
[DEBUG] 2025-09-08 21:49:20.628 - Player: null
[DEBUG] 2025-09-08 21:49:20.628 - Target MapId: -1, ZoneId: -1
[DEBUG] 2025-09-08 21:49:20.630 - >>> ENTERING ChangeMapService.changeMap()
[DEBUG] 2025-09-08 21:49:20.630 - Player: null
[DEBUG] 2025-09-08 21:49:20.630 - Target MapId: -1, ZoneId: -1
[DEBUG] 2025-09-08 21:49:20.631 - >>> ENTERING ChangeMapService.changeMap()
[DEBUG] 2025-09-08 21:49:20.631 - Player: null
[DEBUG] 2025-09-08 21:49:20.631 - Target MapId: -1, ZoneId: -1
[DEBUG] 2025-09-08 21:49:20.632 - >>> ENTERING ChangeMapService.changeMap()
[DEBUG] 2025-09-08 21:49:20.632 - Player: null
[DEBUG] 2025-09-08 21:49:20.632 - Target MapId: -1, ZoneId: -1
[DEBUG] 2025-09-08 21:49:20.632 - >>> ENTERING ChangeMapService.changeMap()
[DEBUG] 2025-09-08 21:49:20.633 - Player: null
[DEBUG] 2025-09-08 21:49:20.633 - Target MapId: -1, ZoneId: -1
[DEBUG] 2025-09-08 21:49:20.633 - >>> ENTERING ChangeMapService.changeMap()
[DEBUG] 2025-09-08 21:49:20.633 - Player: null
[DEBUG] 2025-09-08 21:49:20.633 - Target MapId: -1, ZoneId: -1
[DEBUG] 2025-09-08 21:49:20.634 - >>> ENTERING ChangeMapService.changeMap()
[DEBUG] 2025-09-08 21:49:20.634 - Player: null
[DEBUG] 2025-09-08 21:49:20.634 - Target MapId: -1, ZoneId: -1
[DEBUG] 2025-09-08 21:49:20.634 - >>> ENTERING ChangeMapService.changeMap()
[DEBUG] 2025-09-08 21:49:20.635 - Player: null
[DEBUG] 2025-09-08 21:49:20.635 - Target MapId: -1, ZoneId: -1
[DEBUG] 2025-09-08 21:49:20.635 - >>> ENTERING ChangeMapService.changeMap()
[DEBUG] 2025-09-08 21:49:20.635 - Player: null
[DEBUG] 2025-09-08 21:49:20.635 - Target MapId: -1, ZoneId: -1
[DEBUG] 2025-09-08 21:49:20.635 - >>> ENTERING ChangeMapService.changeMap()
[DEBUG] 2025-09-08 21:49:20.635 - Player: null
[DEBUG] 2025-09-08 21:49:20.636 - Target MapId: -1, ZoneId: -1
[DEBUG] 2025-09-08 21:49:20.636 - >>> ENTERING ChangeMapService.changeMap()
[DEBUG] 2025-09-08 21:49:20.636 - Player: null
[DEBUG] 2025-09-08 21:49:20.636 - Target MapId: -1, ZoneId: -1
[DEBUG] 2025-09-08 21:49:20.636 - >>> ENTERING ChangeMapService.changeMap()
[DEBUG] 2025-09-08 21:49:20.636 - Player: null
[DEBUG] 2025-09-08 21:49:20.638 - Target MapId: -1, ZoneId: -1
[DEBUG] 2025-09-08 21:49:20.638 - >>> ENTERING ChangeMapService.changeMap()
[DEBUG] 2025-09-08 21:49:20.638 - Player: null
[DEBUG] 2025-09-08 21:49:20.638 - Target MapId: -1, ZoneId: -1
[DEBUG] 2025-09-08 21:49:20.638 - >>> ENTERING ChangeMapService.changeMap()
[DEBUG] 2025-09-08 21:49:20.638 - Player: null
[DEBUG] 2025-09-08 21:49:20.638 - Target MapId: -1, ZoneId: -1
[DEBUG] 2025-09-08 21:49:20.638 - >>> ENTERING ChangeMapService.changeMap()
[DEBUG] 2025-09-08 21:49:20.640 - Player: null
[DEBUG] 2025-09-08 21:49:20.640 - Target MapId: -1, ZoneId: -1
[DEBUG] 2025-09-08 21:49:20.641 - >>> ENTERING ChangeMapService.changeMap()
[DEBUG] 2025-09-08 21:49:20.641 - Player: null
[DEBUG] 2025-09-08 21:49:20.642 - Target MapId: -1, ZoneId: -1
[DEBUG] 2025-09-08 21:49:20.642 - >>> ENTERING ChangeMapService.changeMap()
[DEBUG] 2025-09-08 21:49:20.642 - Player: null
[DEBUG] 2025-09-08 21:49:20.642 - Target MapId: -1, ZoneId: -1
[DEBUG] 2025-09-08 21:49:20.643 - >>> ENTERING ChangeMapService.changeMap()
[DEBUG] 2025-09-08 21:49:20.643 - Player: null
[DEBUG] 2025-09-08 21:49:20.643 - Target MapId: -1, ZoneId: -1
[DEBUG] 2025-09-08 21:49:20.644 - >>> ENTERING ChangeMapService.changeMap()
[DEBUG] 2025-09-08 21:49:20.644 - Player: null
[DEBUG] 2025-09-08 21:49:20.644 - Target MapId: -1, ZoneId: -1
[DEBUG] 2025-09-08 21:49:20.644 - >>> ENTERING ChangeMapService.changeMap()
[DEBUG] 2025-09-08 21:49:20.644 - Player: null
[DEBUG] 2025-09-08 21:49:20.645 - Target MapId: -1, ZoneId: -1
[DEBUG] 2025-09-08 21:49:20.645 - >>> ENTERING ChangeMapService.changeMap()
[DEBUG] 2025-09-08 21:49:20.645 - Player: null
[DEBUG] 2025-09-08 21:49:20.645 - Target MapId: -1, ZoneId: -1
[DEBUG] 2025-09-08 21:49:20.646 - >>> ENTERING ChangeMapService.changeMap()
[DEBUG] 2025-09-08 21:49:20.646 - Player: null
[DEBUG] 2025-09-08 21:49:20.646 - Target MapId: -1, ZoneId: -1
[DEBUG] 2025-09-08 21:49:20.646 - >>> ENTERING ChangeMapService.changeMap()
[DEBUG] 2025-09-08 21:49:20.646 - Player: null
[DEBUG] 2025-09-08 21:49:20.647 - Target MapId: -1, ZoneId: -1
[DEBUG] 2025-09-08 21:49:20.647 - >>> ENTERING ChangeMapService.changeMap()
[DEBUG] 2025-09-08 21:49:20.647 - Player: null
[DEBUG] 2025-09-08 21:49:20.648 - Target MapId: -1, ZoneId: -1
[DEBUG] 2025-09-08 21:49:20.648 - >>> ENTERING ChangeMapService.changeMap()
[DEBUG] 2025-09-08 21:49:20.648 - Player: null
[DEBUG] 2025-09-08 21:49:20.648 - Target MapId: -1, ZoneId: -1
[DEBUG] 2025-09-08 21:49:20.648 - >>> ENTERING ChangeMapService.changeMap()
[DEBUG] 2025-09-08 21:49:20.649 - Player: null
[DEBUG] 2025-09-08 21:49:20.649 - Target MapId: -1, ZoneId: -1
[DEBUG] 2025-09-08 21:49:20.649 - >>> ENTERING ChangeMapService.changeMap()
[DEBUG] 2025-09-08 21:49:20.649 - Player: null
[DEBUG] 2025-09-08 21:49:20.649 - Target MapId: -1, ZoneId: -1
[DEBUG] 2025-09-08 21:49:20.650 - >>> ENTERING ChangeMapService.changeMap()
[DEBUG] 2025-09-08 21:49:20.650 - Player: null
[DEBUG] 2025-09-08 21:49:20.650 - Target MapId: -1, ZoneId: -1
[DEBUG] 2025-09-08 21:49:20.650 - >>> ENTERING ChangeMapService.changeMap()
[DEBUG] 2025-09-08 21:49:20.650 - Player: null
[DEBUG] 2025-09-08 21:49:20.650 - Target MapId: -1, ZoneId: -1
[DEBUG] 2025-09-08 21:49:20.650 - >>> ENTERING ChangeMapService.changeMap()
[DEBUG] 2025-09-08 21:49:20.651 - Player: null
[DEBUG] 2025-09-08 21:49:20.651 - Target MapId: -1, ZoneId: -1
[DEBUG] 2025-09-08 21:49:20.651 - >>> ENTERING ChangeMapService.changeMap()
[DEBUG] 2025-09-08 21:49:20.651 - Player: null
[DEBUG] 2025-09-08 21:49:20.652 - Target MapId: -1, ZoneId: -1
[DEBUG] 2025-09-08 21:49:20.652 - >>> ENTERING ChangeMapService.changeMap()
[DEBUG] 2025-09-08 21:49:20.652 - Player: null
[DEBUG] 2025-09-08 21:49:20.653 - Target MapId: -1, ZoneId: -1
[DEBUG] 2025-09-08 21:49:20.653 - >>> ENTERING ChangeMapService.changeMap()
[DEBUG] 2025-09-08 21:49:20.653 - Player: null
[DEBUG] 2025-09-08 21:49:20.653 - Target MapId: -1, ZoneId: -1
[DEBUG] 2025-09-08 21:49:20.653 - >>> ENTERING ChangeMapService.changeMap()
[DEBUG] 2025-09-08 21:49:20.653 - Player: null
[DEBUG] 2025-09-08 21:49:20.653 - Target MapId: -1, ZoneId: -1
[DEBUG] 2025-09-08 21:49:20.655 - >>> ENTERING ChangeMapService.changeMap()
[DEBUG] 2025-09-08 21:49:20.655 - Player: null
[DEBUG] 2025-09-08 21:49:20.655 - Target MapId: -1, ZoneId: -1
[DEBUG] 2025-09-08 21:49:20.656 - >>> ENTERING ChangeMapService.changeMap()
[DEBUG] 2025-09-08 21:49:20.656 - Player: null
[DEBUG] 2025-09-08 21:49:20.656 - Target MapId: -1, ZoneId: -1
[DEBUG] 2025-09-08 21:49:20.657 - >>> ENTERING ChangeMapService.changeMap()
[DEBUG] 2025-09-08 21:49:20.657 - Player: null
[DEBUG] 2025-09-08 21:49:20.657 - Target MapId: -1, ZoneId: -1
[DEBUG] 2025-09-08 21:49:20.658 - >>> ENTERING ChangeMapService.changeMap()
[DEBUG] 2025-09-08 21:49:20.658 - Player: null
[DEBUG] 2025-09-08 21:49:20.658 - Target MapId: -1, ZoneId: -1
[DEBUG] 2025-09-08 21:49:20.659 - >>> ENTERING ChangeMapService.changeMap()
[DEBUG] 2025-09-08 21:49:20.659 - Player: null
[DEBUG] 2025-09-08 21:49:20.660 - Target MapId: -1, ZoneId: -1
[DEBUG] 2025-09-08 21:49:20.660 - >>> ENTERING ChangeMapService.changeMap()
[DEBUG] 2025-09-08 21:49:20.660 - Player: null
[DEBUG] 2025-09-08 21:49:20.661 - Target MapId: -1, ZoneId: -1
[DEBUG] 2025-09-08 21:49:20.661 - >>> ENTERING ChangeMapService.changeMap()
[DEBUG] 2025-09-08 21:49:20.661 - Player: null
[DEBUG] 2025-09-08 21:49:20.662 - Target MapId: -1, ZoneId: -1
[DEBUG] 2025-09-08 21:49:20.662 - >>> ENTERING ChangeMapService.changeMap()
[DEBUG] 2025-09-08 21:49:20.663 - Player: null
[DEBUG] 2025-09-08 21:49:20.663 - Target MapId: -1, ZoneId: -1
[DEBUG] 2025-09-08 21:49:20.663 - >>> ENTERING ChangeMapService.changeMap()
[DEBUG] 2025-09-08 21:49:20.663 - Player: null
[DEBUG] 2025-09-08 21:49:20.664 - Target MapId: -1, ZoneId: -1
[DEBUG] 2025-09-08 21:49:20.664 - >>> ENTERING ChangeMapService.changeMap()
[DEBUG] 2025-09-08 21:49:20.664 - Player: null
[DEBUG] 2025-09-08 21:49:20.664 - Target MapId: -1, ZoneId: -1
[DEBUG] 2025-09-08 21:49:20.665 - >>> ENTERING ChangeMapService.changeMap()
[DEBUG] 2025-09-08 21:49:20.665 - Player: null
[DEBUG] 2025-09-08 21:49:20.665 - Target MapId: -1, ZoneId: -1
[DEBUG] 2025-09-08 21:49:20.665 - >>> ENTERING ChangeMapService.changeMap()
[DEBUG] 2025-09-08 21:49:20.665 - Player: null
[DEBUG] 2025-09-08 21:49:20.666 - Target MapId: -1, ZoneId: -1
[DEBUG] 2025-09-08 21:49:20.666 - >>> ENTERING ChangeMapService.changeMap()
[DEBUG] 2025-09-08 21:49:20.666 - Player: null
[DEBUG] 2025-09-08 21:49:20.666 - Target MapId: -1, ZoneId: -1
[DEBUG] 2025-09-08 21:49:20.666 - >>> ENTERING ChangeMapService.changeMap()
[DEBUG] 2025-09-08 21:49:20.666 - Player: null
[DEBUG] 2025-09-08 21:49:20.667 - Target MapId: -1, ZoneId: -1
[DEBUG] 2025-09-08 21:49:20.667 - >>> ENTERING ChangeMapService.changeMap()
[DEBUG] 2025-09-08 21:49:20.668 - Player: null
[DEBUG] 2025-09-08 21:49:20.668 - Target MapId: -1, ZoneId: -1
[DEBUG] 2025-09-08 21:49:20.669 - >>> ENTERING ChangeMapService.changeMap()
[DEBUG] 2025-09-08 21:49:20.669 - Player: null
[DEBUG] 2025-09-08 21:49:20.669 - Target MapId: -1, ZoneId: -1
[DEBUG] 2025-09-08 21:49:20.669 - >>> ENTERING ChangeMapService.changeMap()
[DEBUG] 2025-09-08 21:49:20.670 - Player: null
[DEBUG] 2025-09-08 21:49:20.670 - Target MapId: -1, ZoneId: -1
[DEBUG] 2025-09-08 21:49:20.670 - >>> ENTERING ChangeMapService.changeMap()
[DEBUG] 2025-09-08 21:49:20.670 - Player: null
[DEBUG] 2025-09-08 21:49:20.672 - Target MapId: -1, ZoneId: -1
[DEBUG] 2025-09-08 21:49:20.672 - >>> ENTERING ChangeMapService.changeMap()
[DEBUG] 2025-09-08 21:49:20.672 - Player: null
[DEBUG] 2025-09-08 21:49:20.672 - Target MapId: -1, ZoneId: -1
[DEBUG] 2025-09-08 21:49:20.672 - >>> ENTERING ChangeMapService.changeMap()
[DEBUG] 2025-09-08 21:49:20.673 - Player: null
[DEBUG] 2025-09-08 21:49:20.673 - Target MapId: -1, ZoneId: -1
[DEBUG] 2025-09-08 21:49:20.673 - >>> ENTERING ChangeMapService.changeMap()
[DEBUG] 2025-09-08 21:49:20.673 - Player: null
[DEBUG] 2025-09-08 21:49:20.674 - Target MapId: -1, ZoneId: -1
[DEBUG] 2025-09-08 21:49:20.674 - >>> ENTERING ChangeMapService.changeMap()
[DEBUG] 2025-09-08 21:49:20.675 - Player: null
[DEBUG] 2025-09-08 21:49:20.675 - Target MapId: -1, ZoneId: -1
[DEBUG] 2025-09-08 21:49:20.675 - >>> ENTERING ChangeMapService.changeMap()
[DEBUG] 2025-09-08 21:49:20.675 - Player: null
[DEBUG] 2025-09-08 21:49:20.676 - Target MapId: -1, ZoneId: -1
[DEBUG] 2025-09-08 21:49:20.676 - >>> ENTERING ChangeMapService.changeMap()
[DEBUG] 2025-09-08 21:49:20.676 - Player: null
[DEBUG] 2025-09-08 21:49:20.677 - Target MapId: -1, ZoneId: -1
[DEBUG] 2025-09-08 21:49:20.677 - >>> ENTERING ChangeMapService.changeMap()
[DEBUG] 2025-09-08 21:49:20.677 - Player: null
[DEBUG] 2025-09-08 21:49:20.677 - Target MapId: -1, ZoneId: -1
[DEBUG] 2025-09-08 21:49:20.678 - >>> ENTERING ChangeMapService.changeMap()
[DEBUG] 2025-09-08 21:49:20.678 - Player: null
[DEBUG] 2025-09-08 21:49:20.678 - Target MapId: -1, ZoneId: -1
[DEBUG] 2025-09-08 21:49:20.678 - >>> ENTERING ChangeMapService.changeMap()
[DEBUG] 2025-09-08 21:49:20.678 - Player: null
[DEBUG] 2025-09-08 21:49:20.678 - Target MapId: -1, ZoneId: -1
[DEBUG] 2025-09-08 21:49:20.680 - >>> ENTERING ChangeMapService.changeMap()
[DEBUG] 2025-09-08 21:49:20.680 - Player: null
[DEBUG] 2025-09-08 21:49:20.680 - Target MapId: -1, ZoneId: -1
[DEBUG] 2025-09-08 21:49:20.680 - >>> ENTERING ChangeMapService.changeMap()
[DEBUG] 2025-09-08 21:49:20.681 - Player: null
[DEBUG] 2025-09-08 21:49:20.681 - Target MapId: -1, ZoneId: -1
[DEBUG] 2025-09-08 21:49:20.681 - >>> ENTERING ChangeMapService.changeMap()
[DEBUG] 2025-09-08 21:49:20.681 - Player: null
[DEBUG] 2025-09-08 21:49:20.682 - Target MapId: -1, ZoneId: -1
[DEBUG] 2025-09-08 21:49:20.682 - >>> ENTERING ChangeMapService.changeMap()
[DEBUG] 2025-09-08 21:49:20.683 - Player: null
[DEBUG] 2025-09-08 21:49:20.683 - Target MapId: -1, ZoneId: -1
[DEBUG] 2025-09-08 21:49:20.684 - >>> ENTERING ChangeMapService.changeMap()
[DEBUG] 2025-09-08 21:49:20.684 - Player: null
[DEBUG] 2025-09-08 21:49:20.684 - Target MapId: -1, ZoneId: -1
[DEBUG] 2025-09-08 21:49:20.684 - >>> ENTERING ChangeMapService.changeMap()
[DEBUG] 2025-09-08 21:49:20.685 - Player: null
[DEBUG] 2025-09-08 21:49:20.685 - Target MapId: -1, ZoneId: -1
[DEBUG] 2025-09-08 21:49:20.685 - >>> ENTERING ChangeMapService.changeMap()
[DEBUG] 2025-09-08 21:49:20.685 - Player: null
[DEBUG] 2025-09-08 21:49:20.685 - Target MapId: -1, ZoneId: -1
[DEBUG] 2025-09-08 21:49:20.686 - >>> ENTERING ChangeMapService.changeMap()
[DEBUG] 2025-09-08 21:49:20.686 - Player: null
[DEBUG] 2025-09-08 21:49:20.686 - Target MapId: -1, ZoneId: -1
[DEBUG] 2025-09-08 21:49:20.686 - >>> ENTERING ChangeMapService.changeMap()
[DEBUG] 2025-09-08 21:49:20.686 - Player: null
[DEBUG] 2025-09-08 21:49:20.686 - Target MapId: -1, ZoneId: -1
[DEBUG] 2025-09-08 21:49:20.687 - >>> ENTERING ChangeMapService.changeMap()
[DEBUG] 2025-09-08 21:49:20.687 - Player: null
[DEBUG] 2025-09-08 21:49:20.687 - Target MapId: -1, ZoneId: -1
[DEBUG] 2025-09-08 21:49:20.687 - >>> ENTERING ChangeMapService.changeMap()
[DEBUG] 2025-09-08 21:49:20.687 - Player: null
[DEBUG] 2025-09-08 21:49:20.687 - Target MapId: -1, ZoneId: -1
[DEBUG] 2025-09-08 21:49:20.688 - >>> ENTERING ChangeMapService.changeMap()
[DEBUG] 2025-09-08 21:49:20.688 - Player: null
[DEBUG] 2025-09-08 21:49:20.688 - Target MapId: -1, ZoneId: -1
[DEBUG] 2025-09-08 21:49:20.689 - >>> ENTERING ChangeMapService.changeMap()
[DEBUG] 2025-09-08 21:49:20.689 - Player: null
[DEBUG] 2025-09-08 21:49:20.689 - Target MapId: -1, ZoneId: -1
[DEBUG] 2025-09-08 21:49:20.690 - >>> ENTERING ChangeMapService.changeMap()
[DEBUG] 2025-09-08 21:49:20.690 - Player: null
[DEBUG] 2025-09-08 21:49:20.690 - Target MapId: -1, ZoneId: -1
[DEBUG] 2025-09-08 21:49:20.692 - >>> ENTERING ChangeMapService.changeMap()
[DEBUG] 2025-09-08 21:49:20.692 - Player: null
[DEBUG] 2025-09-08 21:49:20.692 - Target MapId: -1, ZoneId: -1
[DEBUG] 2025-09-08 21:49:20.693 - >>> ENTERING ChangeMapService.changeMap()
[DEBUG] 2025-09-08 21:49:20.693 - Player: null
[DEBUG] 2025-09-08 21:49:20.693 - Target MapId: -1, ZoneId: -1
[DEBUG] 2025-09-08 21:49:20.694 - >>> ENTERING ChangeMapService.changeMap()
[DEBUG] 2025-09-08 21:49:20.694 - Player: null
[DEBUG] 2025-09-08 21:49:20.694 - Target MapId: -1, ZoneId: -1
[DEBUG] 2025-09-08 21:49:20.695 - >>> ENTERING ChangeMapService.changeMap()
[DEBUG] 2025-09-08 21:49:20.695 - Player: null
[DEBUG] 2025-09-08 21:49:20.695 - Target MapId: -1, ZoneId: -1
[DEBUG] 2025-09-08 21:49:20.695 - >>> ENTERING ChangeMapService.changeMap()
[DEBUG] 2025-09-08 21:49:20.695 - Player: null
[DEBUG] 2025-09-08 21:49:20.695 - Target MapId: -1, ZoneId: -1
[DEBUG] 2025-09-08 21:49:20.695 - >>> ENTERING ChangeMapService.changeMap()
[DEBUG] 2025-09-08 21:49:20.696 - Player: null
[DEBUG] 2025-09-08 21:49:20.696 - Target MapId: -1, ZoneId: -1
[DEBUG] 2025-09-08 21:49:20.696 - >>> ENTERING ChangeMapService.changeMap()
[DEBUG] 2025-09-08 21:49:20.696 - Player: null
[DEBUG] 2025-09-08 21:49:20.696 - Target MapId: -1, ZoneId: -1
[DEBUG] 2025-09-08 21:49:20.697 - >>> ENTERING ChangeMapService.changeMap()
[DEBUG] 2025-09-08 21:49:20.697 - Player: null
[DEBUG] 2025-09-08 21:49:20.697 - Target MapId: -1, ZoneId: -1
[DEBUG] 2025-09-08 21:49:20.697 - >>> ENTERING ChangeMapService.changeMap()
[DEBUG] 2025-09-08 21:49:20.698 - Player: null
[DEBUG] 2025-09-08 21:49:20.698 - Target MapId: -1, ZoneId: -1
[DEBUG] 2025-09-08 21:49:20.698 - >>> ENTERING ChangeMapService.changeMap()
[DEBUG] 2025-09-08 21:49:20.698 - Player: null
[DEBUG] 2025-09-08 21:49:20.698 - Target MapId: -1, ZoneId: -1
[DEBUG] 2025-09-08 21:49:20.699 - >>> ENTERING ChangeMapService.changeMap()
[DEBUG] 2025-09-08 21:49:20.699 - Player: null
[DEBUG] 2025-09-08 21:49:20.699 - Target MapId: -1, ZoneId: -1
[DEBUG] 2025-09-08 21:49:20.699 - >>> ENTERING ChangeMapService.changeMap()
[DEBUG] 2025-09-08 21:49:20.700 - Player: null
[DEBUG] 2025-09-08 21:49:20.700 - Target MapId: -1, ZoneId: -1
[DEBUG] 2025-09-08 21:49:20.700 - >>> ENTERING ChangeMapService.changeMap()
[DEBUG] 2025-09-08 21:49:20.701 - Player: null
[DEBUG] 2025-09-08 21:49:20.701 - Target MapId: -1, ZoneId: -1
[DEBUG] 2025-09-08 21:49:20.701 - >>> ENTERING ChangeMapService.changeMap()
[DEBUG] 2025-09-08 21:49:20.701 - Player: null
[DEBUG] 2025-09-08 21:49:20.701 - Target MapId: -1, ZoneId: -1
[DEBUG] 2025-09-08 21:49:20.702 - >>> ENTERING ChangeMapService.changeMap()
[DEBUG] 2025-09-08 21:49:20.702 - Player: null
[DEBUG] 2025-09-08 21:49:20.702 - Target MapId: -1, ZoneId: -1
[DEBUG] 2025-09-08 21:49:20.702 - >>> ENTERING ChangeMapService.changeMap()
[DEBUG] 2025-09-08 21:49:20.703 - Player: null
[DEBUG] 2025-09-08 21:49:20.703 - Target MapId: -1, ZoneId: -1
[DEBUG] 2025-09-08 21:49:20.703 - >>> ENTERING ChangeMapService.changeMap()
[DEBUG] 2025-09-08 21:49:20.703 - Player: null
[DEBUG] 2025-09-08 21:49:20.703 - Target MapId: -1, ZoneId: -1
[DEBUG] 2025-09-08 21:49:20.705 - >>> ENTERING ChangeMapService.changeMap()
[DEBUG] 2025-09-08 21:49:20.705 - Player: null
[DEBUG] 2025-09-08 21:49:20.705 - Target MapId: -1, ZoneId: -1
[DEBUG] 2025-09-08 21:49:20.705 - >>> ENTERING ChangeMapService.changeMap()
[DEBUG] 2025-09-08 21:49:20.705 - Player: null
[DEBUG] 2025-09-08 21:49:20.705 - Target MapId: -1, ZoneId: -1
[DEBUG] 2025-09-08 21:49:20.706 - >>> ENTERING ChangeMapService.changeMap()
[DEBUG] 2025-09-08 21:49:20.706 - Player: null
[DEBUG] 2025-09-08 21:49:20.706 - Target MapId: -1, ZoneId: -1
[DEBUG] 2025-09-08 21:49:20.707 - >>> ENTERING ChangeMapService.changeMap()
[DEBUG] 2025-09-08 21:49:20.707 - Player: null
[DEBUG] 2025-09-08 21:49:20.707 - Target MapId: -1, ZoneId: -1
[DEBUG] 2025-09-08 21:49:20.709 - >>> ENTERING ChangeMapService.changeMap()
[DEBUG] 2025-09-08 21:49:20.709 - Player: null
[DEBUG] 2025-09-08 21:49:20.709 - Target MapId: -1, ZoneId: -1
[DEBUG] 2025-09-08 21:49:20.709 - >>> ENTERING ChangeMapService.changeMap()
[DEBUG] 2025-09-08 21:49:20.709 - Player: null
[DEBUG] 2025-09-08 21:49:20.710 - Target MapId: -1, ZoneId: -1
[DEBUG] 2025-09-08 21:49:20.710 - >>> ENTERING ChangeMapService.changeMap()
[DEBUG] 2025-09-08 21:49:20.710 - Player: null
[DEBUG] 2025-09-08 21:49:20.710 - Target MapId: -1, ZoneId: -1
[DEBUG] 2025-09-08 21:49:20.711 - >>> ENTERING ChangeMapService.changeMap()
[DEBUG] 2025-09-08 21:49:20.711 - Player: null
[DEBUG] 2025-09-08 21:49:20.711 - Target MapId: -1, ZoneId: -1
[DEBUG] 2025-09-08 21:49:20.711 - >>> ENTERING ChangeMapService.changeMap()
[DEBUG] 2025-09-08 21:49:20.712 - Player: null
[DEBUG] 2025-09-08 21:49:20.712 - Target MapId: -1, ZoneId: -1
[DEBUG] 2025-09-08 21:49:20.712 - >>> ENTERING ChangeMapService.changeMap()
[DEBUG] 2025-09-08 21:49:20.712 - Player: null
[DEBUG] 2025-09-08 21:49:20.712 - Target MapId: -1, ZoneId: -1
[DEBUG] 2025-09-08 21:49:20.714 - >>> ENTERING ChangeMapService.changeMap()
[DEBUG] 2025-09-08 21:49:20.714 - Player: null
[DEBUG] 2025-09-08 21:49:20.714 - Target MapId: -1, ZoneId: -1
[DEBUG] 2025-09-08 21:49:20.714 - >>> ENTERING ChangeMapService.changeMap()
[DEBUG] 2025-09-08 21:49:20.715 - Player: null
[DEBUG] 2025-09-08 21:49:20.715 - Target MapId: -1, ZoneId: -1
[DEBUG] 2025-09-08 21:49:20.715 - >>> ENTERING ChangeMapService.changeMap()
[DEBUG] 2025-09-08 21:49:20.715 - Player: null
[DEBUG] 2025-09-08 21:49:20.715 - Target MapId: -1, ZoneId: -1
[DEBUG] 2025-09-08 21:49:20.716 - >>> ENTERING ChangeMapService.changeMap()
[DEBUG] 2025-09-08 21:49:20.716 - Player: null
[DEBUG] 2025-09-08 21:49:20.716 - Target MapId: -1, ZoneId: -1
[DEBUG] 2025-09-08 21:49:20.716 - >>> ENTERING ChangeMapService.changeMap()
[DEBUG] 2025-09-08 21:49:20.717 - Player: null
[DEBUG] 2025-09-08 21:49:20.717 - Target MapId: -1, ZoneId: -1
[DEBUG] 2025-09-08 21:49:20.717 - >>> ENTERING ChangeMapService.changeMap()
[DEBUG] 2025-09-08 21:49:20.718 - Player: null
[DEBUG] 2025-09-08 21:49:20.718 - Target MapId: -1, ZoneId: -1
[DEBUG] 2025-09-08 21:49:20.718 - >>> ENTERING ChangeMapService.changeMap()
[DEBUG] 2025-09-08 21:49:20.718 - Player: null
[DEBUG] 2025-09-08 21:49:20.718 - Target MapId: -1, ZoneId: -1
[DEBUG] 2025-09-08 21:49:20.718 - >>> ENTERING ChangeMapService.changeMap()
[DEBUG] 2025-09-08 21:49:20.719 - Player: null
[DEBUG] 2025-09-08 21:49:20.719 - Target MapId: -1, ZoneId: -1
[DEBUG] 2025-09-08 21:49:20.719 - >>> ENTERING ChangeMapService.changeMap()
[DEBUG] 2025-09-08 21:49:20.719 - Player: null
[DEBUG] 2025-09-08 21:49:20.719 - Target MapId: -1, ZoneId: -1
[DEBUG] 2025-09-08 21:49:20.719 - >>> ENTERING ChangeMapService.changeMap()
[DEBUG] 2025-09-08 21:49:20.719 - Player: null
[DEBUG] 2025-09-08 21:49:20.720 - Target MapId: -1, ZoneId: -1
[DEBUG] 2025-09-08 21:49:20.720 - >>> ENTERING ChangeMapService.changeMap()
[DEBUG] 2025-09-08 21:49:20.720 - Player: null
[DEBUG] 2025-09-08 21:49:20.720 - Target MapId: -1, ZoneId: -1
[DEBUG] 2025-09-08 21:49:20.720 - >>> ENTERING ChangeMapService.changeMap()
[DEBUG] 2025-09-08 21:49:20.720 - Player: null
[DEBUG] 2025-09-08 21:49:20.720 - Target MapId: -1, ZoneId: -1
[DEBUG] 2025-09-08 21:49:20.721 - >>> ENTERING ChangeMapService.changeMap()
[DEBUG] 2025-09-08 21:49:20.721 - Player: null
[DEBUG] 2025-09-08 21:49:20.721 - Target MapId: -1, ZoneId: -1
[DEBUG] 2025-09-08 21:49:20.721 - >>> ENTERING ChangeMapService.changeMap()
[DEBUG] 2025-09-08 21:49:20.721 - Player: null
[DEBUG] 2025-09-08 21:49:20.721 - Target MapId: -1, ZoneId: -1
[DEBUG] 2025-09-08 21:49:20.721 - >>> ENTERING ChangeMapService.changeMap()
[DEBUG] 2025-09-08 21:49:20.722 - Player: null
[DEBUG] 2025-09-08 21:49:20.722 - Target MapId: -1, ZoneId: -1
[DEBUG] 2025-09-08 21:49:20.722 - >>> ENTERING ChangeMapService.changeMap()
[DEBUG] 2025-09-08 21:49:20.722 - Player: null
[DEBUG] 2025-09-08 21:49:20.723 - Target MapId: -1, ZoneId: -1
[DEBUG] 2025-09-08 21:49:20.723 - >>> ENTERING ChangeMapService.changeMap()
[DEBUG] 2025-09-08 21:49:20.723 - Player: null
[DEBUG] 2025-09-08 21:49:20.724 - Target MapId: -1, ZoneId: -1
[DEBUG] 2025-09-08 21:49:20.724 - >>> ENTERING ChangeMapService.changeMap()
[DEBUG] 2025-09-08 21:49:20.725 - Player: null
[DEBUG] 2025-09-08 21:49:20.725 - Target MapId: -1, ZoneId: -1
[DEBUG] 2025-09-08 21:49:21.031 - >>> ENTERING ChangeMapService.changeMap()
[DEBUG] 2025-09-08 21:49:21.031 - >>> ENTERING ChangeMapService.changeMap()
[DEBUG] 2025-09-08 21:49:21.032 - Player: Đội trưởng-5
[DEBUG] 2025-09-08 21:49:21.032 - Target MapId: -1, ZoneId: -1
[DEBUG] 2025-09-08 21:49:21.032 - Player: Ở dơ
[DEBUG] 2025-09-08 21:49:21.032 - >>> ENTERING ChangeMapService.changeMap()
[DEBUG] 2025-09-08 21:49:21.033 - >>> ENTERING ChangeMapService.changeMap()
[DEBUG] 2025-09-08 21:49:21.033 - Target MapId: -1, ZoneId: -1
[DEBUG] 2025-09-08 21:49:21.033 - >>> ENTERING ChangeMapService.changeMap()
[DEBUG] 2025-09-08 21:49:21.033 - Player: Broly 64
[DEBUG] 2025-09-08 21:49:21.034 - Player: Đội trưởng-5
[DEBUG] 2025-09-08 21:49:21.034 - >>> ENTERING ChangeMapService.changeMap()
[DEBUG] 2025-09-08 21:49:21.034 - Player: Super Bư
[DEBUG] 2025-09-08 21:49:21.034 - Target MapId: -1, ZoneId: -1
[DEBUG] 2025-09-08 21:49:21.035 - Target MapId: -1, ZoneId: -1
[DEBUG] 2025-09-08 21:49:21.035 - Target MapId: -1, ZoneId: -1
[DEBUG] 2025-09-08 21:49:21.036 - >>> ENTERING ChangeMapService.changeMap()
[DEBUG] 2025-09-08 21:49:21.035 - Player: Xinbatô
[DEBUG] 2025-09-08 21:49:21.036 - >>> ENTERING ChangeMapService.changeMap()
[DEBUG] 2025-09-08 21:49:21.036 - >>> ENTERING ChangeMapService.changeMap()
[DEBUG] 2025-09-08 21:49:21.037 - Player: Broly 43
[DEBUG] 2025-09-08 21:49:21.037 - Target MapId: -1, ZoneId: -1
[DEBUG] 2025-09-08 21:49:21.037 - Player: Super Bư
[DEBUG] 2025-09-08 21:49:21.037 - Player: Đội trưởng-5
[DEBUG] 2025-09-08 21:49:21.038 - Target MapId: -1, ZoneId: -1
[DEBUG] 2025-09-08 21:49:21.037 - >>> ENTERING ChangeMapService.changeMap()
[DEBUG] 2025-09-08 21:49:21.038 - Target MapId: -1, ZoneId: -1
[DEBUG] 2025-09-08 21:49:21.038 - >>> ENTERING ChangeMapService.changeMap()
[DEBUG] 2025-09-08 21:49:21.040 - Target MapId: -1, ZoneId: -1
[DEBUG] 2025-09-08 21:49:21.041 - >>> ENTERING ChangeMapService.changeMap()
[DEBUG] 2025-09-08 21:49:21.041 - Player: Dơi 23
[DEBUG] 2025-09-08 21:49:21.042 - >>> ENTERING ChangeMapService.changeMap()
[DEBUG] 2025-09-08 21:49:21.042 - Target MapId: -1, ZoneId: -1
[DEBUG] 2025-09-08 21:49:21.042 - Player: Broly 22
[DEBUG] 2025-09-08 21:49:21.043 - >>> ENTERING ChangeMapService.changeMap()
[DEBUG] 2025-09-08 21:49:21.042 - Player: Raiti
[DEBUG] 2025-09-08 21:49:21.043 - Player: Super Bư
[DEBUG] 2025-09-08 21:49:21.044 - >>> ENTERING ChangeMapService.changeMap()
[DEBUG] 2025-09-08 21:49:21.044 - Target MapId: -1, ZoneId: -1
[DEBUG] 2025-09-08 21:49:21.045 - Player: Đội trưởng-5
[DEBUG] 2025-09-08 21:49:21.045 - Target MapId: -1, ZoneId: -1
[DEBUG] 2025-09-08 21:49:21.045 - Target MapId: -1, ZoneId: -1
[DEBUG] 2025-09-08 21:49:21.045 - Player: Dơi 83
[DEBUG] 2025-09-08 21:49:21.046 - >>> ENTERING ChangeMapService.changeMap()
[DEBUG] 2025-09-08 21:49:21.046 - Target MapId: -1, ZoneId: -1
[DEBUG] 2025-09-08 21:49:21.047 - >>> ENTERING ChangeMapService.changeMap()
[DEBUG] 2025-09-08 21:49:21.047 - Target MapId: -1, ZoneId: -1
[DEBUG] 2025-09-08 21:49:21.048 - >>> ENTERING ChangeMapService.changeMap()
[DEBUG] 2025-09-08 21:49:21.047 - Player: Broly 80
[DEBUG] 2025-09-08 21:49:21.047 - >>> ENTERING ChangeMapService.changeMap()
[DEBUG] 2025-09-08 21:49:21.049 - Player: Sói hẹc quyn
[DEBUG] 2025-09-08 21:49:21.050 - >>> ENTERING ChangeMapService.changeMap()
[DEBUG] 2025-09-08 21:49:21.050 - Player: Đội trưởng-5
[DEBUG] 2025-09-08 21:49:21.050 - Target MapId: -1, ZoneId: -1
[DEBUG] 2025-09-08 21:49:21.050 - Target MapId: -1, ZoneId: -1
[DEBUG] 2025-09-08 21:49:21.050 - Player: Super Bư
[DEBUG] 2025-09-08 21:49:21.051 - Player: Dơi 47
[DEBUG] 2025-09-08 21:49:21.052 - Target MapId: -1, ZoneId: -1
[DEBUG] 2025-09-08 21:49:21.053 - >>> ENTERING ChangeMapService.changeMap()
[DEBUG] 2025-09-08 21:49:21.053 - Target MapId: -1, ZoneId: -1
[DEBUG] 2025-09-08 21:49:21.055 - Player: Broly 71
[DEBUG] 2025-09-08 21:49:21.053 - >>> ENTERING ChangeMapService.changeMap()
[DEBUG] 2025-09-08 21:49:21.055 - >>> ENTERING ChangeMapService.changeMap()
[DEBUG] 2025-09-08 21:49:21.054 - Target MapId: -1, ZoneId: -1
[DEBUG] 2025-09-08 21:49:21.056 - Target MapId: -1, ZoneId: -1
[DEBUG] 2025-09-08 21:49:21.056 - >>> ENTERING ChangeMapService.changeMap()
[DEBUG] 2025-09-08 21:49:21.057 - Player: Ở dơ
[DEBUG] 2025-09-08 21:49:21.057 - Player: Đội trưởng-5
[DEBUG] 2025-09-08 21:49:21.058 - Player: Super Bư
[DEBUG] 2025-09-08 21:49:21.058 - >>> ENTERING ChangeMapService.changeMap()
[DEBUG] 2025-09-08 21:49:21.058 - >>> ENTERING ChangeMapService.changeMap()
[DEBUG] 2025-09-08 21:49:21.059 - Target MapId: -1, ZoneId: -1
[DEBUG] 2025-09-08 21:49:21.059 - Target MapId: -1, ZoneId: -1
[DEBUG] 2025-09-08 21:49:21.059 - Target MapId: -1, ZoneId: -1
[DEBUG] 2025-09-08 21:49:21.059 - Player: Broly 16
[DEBUG] 2025-09-08 21:49:21.059 - Player: Dơi 80
[DEBUG] 2025-09-08 21:49:21.060 - >>> ENTERING ChangeMapService.changeMap()
[DEBUG] 2025-09-08 21:49:21.060 - >>> ENTERING ChangeMapService.changeMap()
[DEBUG] 2025-09-08 21:49:21.060 - >>> ENTERING ChangeMapService.changeMap()
[DEBUG] 2025-09-08 21:49:21.060 - Target MapId: -1, ZoneId: -1
[DEBUG] 2025-09-08 21:49:21.062 - Target MapId: -1, ZoneId: -1
[DEBUG] 2025-09-08 21:49:21.062 - Player: Xinbatô
[DEBUG] 2025-09-08 21:49:21.064 - Player: Super Bư
[DEBUG] 2025-09-08 21:49:21.064 - Player: Đội trưởng-5
[DEBUG] 2025-09-08 21:49:21.066 - >>> ENTERING ChangeMapService.changeMap()
[DEBUG] 2025-09-08 21:49:21.066 - Target MapId: -1, ZoneId: -1
[DEBUG] 2025-09-08 21:49:21.066 - >>> ENTERING ChangeMapService.changeMap()
[DEBUG] 2025-09-08 21:49:21.066 - Target MapId: -1, ZoneId: -1
[DEBUG] 2025-09-08 21:49:21.066 - Target MapId: -1, ZoneId: -1
[DEBUG] 2025-09-08 21:49:21.068 - Player: Broly 11
[DEBUG] 2025-09-08 21:49:21.069 - >>> ENTERING ChangeMapService.changeMap()
[DEBUG] 2025-09-08 21:49:21.069 - Player: Dơi 46
[DEBUG] 2025-09-08 21:49:21.069 - >>> ENTERING ChangeMapService.changeMap()
[DEBUG] 2025-09-08 21:49:21.069 - Target MapId: -1, ZoneId: -1
[DEBUG] 2025-09-08 21:49:21.070 - Player: Raiti
[DEBUG] 2025-09-08 21:49:21.070 - >>> ENTERING ChangeMapService.changeMap()
[DEBUG] 2025-09-08 21:49:21.070 - Target MapId: -1, ZoneId: -1
[DEBUG] 2025-09-08 21:49:21.070 - Player: Super Bư
[DEBUG] 2025-09-08 21:49:21.072 - >>> ENTERING ChangeMapService.changeMap()
[DEBUG] 2025-09-08 21:49:21.072 - Player: Đội trưởng-5
[DEBUG] 2025-09-08 21:49:21.072 - Target MapId: -1, ZoneId: -1
[DEBUG] 2025-09-08 21:49:21.072 - >>> ENTERING ChangeMapService.changeMap()
[DEBUG] 2025-09-08 21:49:21.070 - Target MapId: -1, ZoneId: -1
[DEBUG] 2025-09-08 21:49:21.073 - Player: Broly 91
[DEBUG] 2025-09-08 21:49:21.073 - Target MapId: -1, ZoneId: -1
[DEBUG] 2025-09-08 21:49:21.075 - >>> ENTERING ChangeMapService.changeMap()
[DEBUG] 2025-09-08 21:49:21.075 - Target MapId: -1, ZoneId: -1
[DEBUG] 2025-09-08 21:49:21.075 - Player: Dơi 49
[DEBUG] 2025-09-08 21:49:21.076 - >>> ENTERING ChangeMapService.changeMap()
[DEBUG] 2025-09-08 21:49:21.077 - Player: Mabư mập
[DEBUG] 2025-09-08 21:49:21.077 - >>> ENTERING ChangeMapService.changeMap()
[DEBUG] 2025-09-08 21:49:21.077 - Target MapId: -1, ZoneId: -1
[DEBUG] 2025-09-08 21:49:21.077 - >>> ENTERING ChangeMapService.changeMap()
[DEBUG] 2025-09-08 21:49:21.077 - Player: Sói hẹc quyn
[DEBUG] 2025-09-08 21:49:21.078 - Target MapId: -1, ZoneId: -1
[DEBUG] 2025-09-08 21:49:21.078 - Player: Đội trưởng-5
[DEBUG] 2025-09-08 21:49:21.078 - Player: Broly 17
[DEBUG] 2025-09-08 21:49:21.080 - >>> ENTERING ChangeMapService.changeMap()
[DEBUG] 2025-09-08 21:49:21.080 - Target MapId: -1, ZoneId: -1
[DEBUG] 2025-09-08 21:49:21.080 - >>> ENTERING ChangeMapService.changeMap()
[DEBUG] 2025-09-08 21:49:21.080 - Target MapId: -1, ZoneId: -1
[DEBUG] 2025-09-08 21:49:21.081 - Player: Dơi 62
[DEBUG] 2025-09-08 21:49:21.080 - Target MapId: -1, ZoneId: -1
[DEBUG] 2025-09-08 21:49:21.082 - >>> ENTERING ChangeMapService.changeMap()
[DEBUG] 2025-09-08 21:49:21.082 - Player: Mabư mập
[DEBUG] 2025-09-08 21:49:21.083 - >>> ENTERING ChangeMapService.changeMap()
[DEBUG] 2025-09-08 21:49:21.083 - Target MapId: -1, ZoneId: -1
[DEBUG] 2025-09-08 21:49:21.083 - >>> ENTERING ChangeMapService.changeMap()
[DEBUG] 2025-09-08 21:49:21.084 - Player: Ở dơ
[DEBUG] 2025-09-08 21:49:21.084 - Target MapId: -1, ZoneId: -1
[DEBUG] 2025-09-08 21:49:21.084 - Player: Đội trưởng-5
[DEBUG] 2025-09-08 21:49:21.085 - >>> ENTERING ChangeMapService.changeMap()
[DEBUG] 2025-09-08 21:49:21.085 - Player: Broly 50
[DEBUG] 2025-09-08 21:49:21.086 - Target MapId: -1, ZoneId: -1
[DEBUG] 2025-09-08 21:49:21.086 - Target MapId: -1, ZoneId: -1
[DEBUG] 2025-09-08 21:49:21.086 - Player: Dơi 35
[DEBUG] 2025-09-08 21:49:21.086 - >>> ENTERING ChangeMapService.changeMap()
[DEBUG] 2025-09-08 21:49:21.087 - Target MapId: -1, ZoneId: -1
[DEBUG] 2025-09-08 21:49:21.087 - >>> ENTERING ChangeMapService.changeMap()
[DEBUG] 2025-09-08 21:49:21.088 - Target MapId: -1, ZoneId: -1
[DEBUG] 2025-09-08 21:49:21.088 - >>> ENTERING ChangeMapService.changeMap()
[DEBUG] 2025-09-08 21:49:21.088 - >>> ENTERING ChangeMapService.changeMap()
[DEBUG] 2025-09-08 21:49:21.088 - Player: Mabư mập
[DEBUG] 2025-09-08 21:49:21.089 - >>> ENTERING ChangeMapService.changeMap()
[DEBUG] 2025-09-08 21:49:21.088 - Player: Xinbatô
[DEBUG] 2025-09-08 21:49:21.090 - Player: Đội trưởng-5
[DEBUG] 2025-09-08 21:49:21.091 - Player: Broly 98
[DEBUG] 2025-09-08 21:49:21.091 - Target MapId: -1, ZoneId: -1
[DEBUG] 2025-09-08 21:49:21.091 - Target MapId: -1, ZoneId: -1
[DEBUG] 2025-09-08 21:49:21.091 - Player: Dơi 97
[DEBUG] 2025-09-08 21:49:21.091 - Target MapId: -1, ZoneId: -1
[DEBUG] 2025-09-08 21:49:21.092 - Target MapId: -1, ZoneId: -1
[DEBUG] 2025-09-08 21:49:21.092 - >>> ENTERING ChangeMapService.changeMap()
[DEBUG] 2025-09-08 21:49:21.093 - Target MapId: -1, ZoneId: -1
[DEBUG] 2025-09-08 21:49:21.093 - >>> ENTERING ChangeMapService.changeMap()
[DEBUG] 2025-09-08 21:49:21.093 - Player: Mabư mập
[DEBUG] 2025-09-08 21:49:21.093 - >>> ENTERING ChangeMapService.changeMap()
[DEBUG] 2025-09-08 21:49:21.093 - >>> ENTERING ChangeMapService.changeMap()
[DEBUG] 2025-09-08 21:49:21.095 - >>> ENTERING ChangeMapService.changeMap()
[DEBUG] 2025-09-08 21:49:21.095 - Player: Raiti
[DEBUG] 2025-09-08 21:49:21.096 - Target MapId: -1, ZoneId: -1
[DEBUG] 2025-09-08 21:49:21.096 - Player: Đội trưởng-5
[DEBUG] 2025-09-08 21:49:21.096 - Player: Broly 38
[DEBUG] 2025-09-08 21:49:21.097 - Player: Dơi 46
[DEBUG] 2025-09-08 21:49:21.097 - Target MapId: -1, ZoneId: -1
[DEBUG] 2025-09-08 21:49:21.098 - >>> ENTERING ChangeMapService.changeMap()
[DEBUG] 2025-09-08 21:49:21.098 - Target MapId: -1, ZoneId: -1
[DEBUG] 2025-09-08 21:49:21.099 - >>> ENTERING ChangeMapService.changeMap()
[DEBUG] 2025-09-08 21:49:21.099 - Target MapId: -1, ZoneId: -1
[DEBUG] 2025-09-08 21:49:21.099 - Target MapId: -1, ZoneId: -1
[DEBUG] 2025-09-08 21:49:21.099 - Player: Mabư mập
[DEBUG] 2025-09-08 21:49:21.102 - Player: Sói hẹc quyn
[DEBUG] 2025-09-08 21:49:21.102 - >>> ENTERING ChangeMapService.changeMap()
[DEBUG] 2025-09-08 21:49:21.102 - Target MapId: -1, ZoneId: -1
[DEBUG] 2025-09-08 21:49:21.102 - >>> ENTERING ChangeMapService.changeMap()
[DEBUG] 2025-09-08 21:49:21.102 - >>> ENTERING ChangeMapService.changeMap()
[DEBUG] 2025-09-08 21:49:21.103 - Target MapId: -1, ZoneId: -1
[DEBUG] 2025-09-08 21:49:21.103 - Player: Broly 17
[DEBUG] 2025-09-08 21:49:21.103 - Player: Đội trưởng-5
[DEBUG] 2025-09-08 21:49:21.104 - Player: Ma trơi 82
[DEBUG] 2025-09-08 21:49:21.104 - >>> ENTERING ChangeMapService.changeMap()
[DEBUG] 2025-09-08 21:49:21.104 - Target MapId: -1, ZoneId: -1
[DEBUG] 2025-09-08 21:49:21.104 - >>> ENTERING ChangeMapService.changeMap()
[DEBUG] 2025-09-08 21:49:21.104 - Target MapId: -1, ZoneId: -1
[DEBUG] 2025-09-08 21:49:21.105 - Target MapId: -1, ZoneId: -1
[DEBUG] 2025-09-08 21:49:21.105 - Player: Mabư mập
[DEBUG] 2025-09-08 21:49:21.106 - Player: Ở dơ
[DEBUG] 2025-09-08 21:49:21.106 - >>> ENTERING ChangeMapService.changeMap()
[DEBUG] 2025-09-08 21:49:21.106 - >>> ENTERING ChangeMapService.changeMap()
[DEBUG] 2025-09-08 21:49:21.106 - Target MapId: -1, ZoneId: -1
[DEBUG] 2025-09-08 21:49:21.106 - >>> ENTERING ChangeMapService.changeMap()
[DEBUG] 2025-09-08 21:49:21.107 - Target MapId: -1, ZoneId: -1
[DEBUG] 2025-09-08 21:49:21.107 - Player: Đội trưởng-5
[DEBUG] 2025-09-08 21:49:21.107 - Player: Broly 80
[DEBUG] 2025-09-08 21:49:21.108 - Player: Ma trơi 33
[DEBUG] 2025-09-08 21:49:21.108 - >>> ENTERING ChangeMapService.changeMap()
[DEBUG] 2025-09-08 21:49:21.108 - >>> ENTERING ChangeMapService.changeMap()
[DEBUG] 2025-09-08 21:49:21.108 - Target MapId: -1, ZoneId: -1
[DEBUG] 2025-09-08 21:49:21.108 - Target MapId: -1, ZoneId: -1
[DEBUG] 2025-09-08 21:49:21.109 - Player: Xinbatô
[DEBUG] 2025-09-08 21:49:21.109 - Target MapId: -1, ZoneId: -1
[DEBUG] 2025-09-08 21:49:21.109 - Player: Mabư mập
[DEBUG] 2025-09-08 21:49:21.109 - >>> ENTERING ChangeMapService.changeMap()
[DEBUG] 2025-09-08 21:49:21.109 - >>> ENTERING ChangeMapService.changeMap()
[DEBUG] 2025-09-08 21:49:21.109 - Target MapId: -1, ZoneId: -1
[DEBUG] 2025-09-08 21:49:21.110 - >>> ENTERING ChangeMapService.changeMap()
[DEBUG] 2025-09-08 21:49:21.110 - Player: Broly 37
[DEBUG] 2025-09-08 21:49:21.110 - Target MapId: -1, ZoneId: -1
[DEBUG] 2025-09-08 21:49:21.110 - Player: Đội trưởng-5
[DEBUG] 2025-09-08 21:49:21.110 - Player: Ma trơi 32
[DEBUG] 2025-09-08 21:49:21.110 - Target MapId: -1, ZoneId: -1
[DEBUG] 2025-09-08 21:49:21.110 - >>> ENTERING ChangeMapService.changeMap()
[DEBUG] 2025-09-08 21:49:21.110 - Target MapId: -1, ZoneId: -1
[DEBUG] 2025-09-08 21:49:21.110 - >>> ENTERING ChangeMapService.changeMap()
[DEBUG] 2025-09-08 21:49:21.111 - Target MapId: -1, ZoneId: -1
[DEBUG] 2025-09-08 21:49:21.111 - Player: Mabư
[DEBUG] 2025-09-08 21:49:21.111 - Player: Raiti
[DEBUG] 2025-09-08 21:49:21.112 - >>> ENTERING ChangeMapService.changeMap()
[DEBUG] 2025-09-08 21:49:21.112 - >>> ENTERING ChangeMapService.changeMap()
[DEBUG] 2025-09-08 21:49:21.112 - >>> ENTERING ChangeMapService.changeMap()
[DEBUG] 2025-09-08 21:49:21.112 - Target MapId: -1, ZoneId: -1
[DEBUG] 2025-09-08 21:49:21.112 - Target MapId: -1, ZoneId: -1
[DEBUG] 2025-09-08 21:49:21.112 - Player: Broly 22
[DEBUG] 2025-09-08 21:49:21.113 - Player: Chiến binh-5
[DEBUG] 2025-09-08 21:49:21.113 - Player: Ma trơi 43
[DEBUG] 2025-09-08 21:49:21.113 - >>> ENTERING ChangeMapService.changeMap()
[DEBUG] 2025-09-08 21:49:21.113 - >>> ENTERING ChangeMapService.changeMap()
[DEBUG] 2025-09-08 21:49:21.113 - Target MapId: -1, ZoneId: -1
[DEBUG] 2025-09-08 21:49:21.113 - Target MapId: -1, ZoneId: -1
[DEBUG] 2025-09-08 21:49:21.114 - Player: Mabư
[DEBUG] 2025-09-08 21:49:21.114 - Target MapId: -1, ZoneId: -1
[DEBUG] 2025-09-08 21:49:21.115 - Player: Sói hẹc quyn
[DEBUG] 2025-09-08 21:49:21.115 - >>> ENTERING ChangeMapService.changeMap()
[DEBUG] 2025-09-08 21:49:21.115 - Target MapId: -1, ZoneId: -1
[DEBUG] 2025-09-08 21:49:21.116 - Target MapId: -1, ZoneId: -1
[DEBUG] 2025-09-08 21:49:21.116 - Player: Broly 63
[DEBUG] 2025-09-08 21:49:21.116 - >>> ENTERING ChangeMapService.changeMap()
[DEBUG] 2025-09-08 21:49:21.116 - >>> ENTERING ChangeMapService.changeMap()
[DEBUG] 2025-09-08 21:49:21.117 - >>> ENTERING ChangeMapService.changeMap()
[DEBUG] 2025-09-08 21:49:21.117 - Player: Ma trơi 71
[DEBUG] 2025-09-08 21:49:21.117 - Target MapId: -1, ZoneId: -1
[DEBUG] 2025-09-08 21:49:21.117 - Player: Chiến binh-5
[DEBUG] 2025-09-08 21:49:21.117 - >>> ENTERING ChangeMapService.changeMap()
[DEBUG] 2025-09-08 21:49:21.118 - Player: Mabư
[DEBUG] 2025-09-08 21:49:21.118 - Target MapId: -1, ZoneId: -1
[DEBUG] 2025-09-08 21:49:21.118 - Target MapId: -1, ZoneId: -1
[DEBUG] 2025-09-08 21:49:21.118 - >>> ENTERING ChangeMapService.changeMap()
[DEBUG] 2025-09-08 21:49:21.118 - Player: Cumber
[DEBUG] 2025-09-08 21:49:21.118 - >>> ENTERING ChangeMapService.changeMap()
[DEBUG] 2025-09-08 21:49:21.118 - Target MapId: -1, ZoneId: -1
[DEBUG] 2025-09-08 21:49:21.120 - Target MapId: -1, ZoneId: -1
[DEBUG] 2025-09-08 21:49:21.120 - Player: Broly 52
[DEBUG] 2025-09-08 21:49:21.120 - >>> ENTERING ChangeMapService.changeMap()
[DEBUG] 2025-09-08 21:49:21.120 - >>> ENTERING ChangeMapService.changeMap()
[DEBUG] 2025-09-08 21:49:21.120 - Player: Ma trơi 60
[DEBUG] 2025-09-08 21:49:21.121 - Target MapId: -1, ZoneId: -1
[DEBUG] 2025-09-08 21:49:21.121 - Player: Chiến binh-5
[DEBUG] 2025-09-08 21:49:21.121 - Target MapId: -1, ZoneId: -1
[DEBUG] 2025-09-08 21:49:21.121 - Player: Mabư
[DEBUG] 2025-09-08 21:49:21.122 - >>> ENTERING ChangeMapService.changeMap()
[DEBUG] 2025-09-08 21:49:21.122 - >>> ENTERING ChangeMapService.changeMap()
[DEBUG] 2025-09-08 21:49:21.122 - Target MapId: -1, ZoneId: -1
[DEBUG] 2025-09-08 21:49:21.122 - Target MapId: -1, ZoneId: -1
[DEBUG] 2025-09-08 21:49:21.122 - Player: Broly 92
[DEBUG] 2025-09-08 21:49:21.123 - Player: Ma trơi 71
[DEBUG] 2025-09-08 21:49:21.123 - >>> ENTERING ChangeMapService.changeMap()
[DEBUG] 2025-09-08 21:49:21.123 - >>> ENTERING ChangeMapService.changeMap()
[DEBUG] 2025-09-08 21:49:21.123 - Target MapId: -1, ZoneId: -1
[DEBUG] 2025-09-08 21:49:21.123 - >>> ENTERING ChangeMapService.changeMap()
[DEBUG] 2025-09-08 21:49:21.123 - Target MapId: -1, ZoneId: -1
[DEBUG] 2025-09-08 21:49:21.123 - Player: Chilled
[DEBUG] 2025-09-08 21:49:21.124 - >>> ENTERING ChangeMapService.changeMap()
[DEBUG] 2025-09-08 21:49:21.123 - Player: Chiến binh-5
[DEBUG] 2025-09-08 21:49:21.124 - Player: Mabư
[DEBUG] 2025-09-08 21:49:21.124 - Target MapId: -1, ZoneId: -1
[DEBUG] 2025-09-08 21:49:21.125 - >>> ENTERING ChangeMapService.changeMap()
[DEBUG] 2025-09-08 21:49:21.125 - Target MapId: -1, ZoneId: -1
[DEBUG] 2025-09-08 21:49:21.125 - Player: Broly 35
[DEBUG] 2025-09-08 21:49:21.125 - Target MapId: -1, ZoneId: -1
[DEBUG] 2025-09-08 21:49:21.126 - Target MapId: -1, ZoneId: -1
[DEBUG] 2025-09-08 21:49:21.126 - Player: Ma trơi 38
[DEBUG] 2025-09-08 21:49:21.126 - >>> ENTERING ChangeMapService.changeMap()
[DEBUG] 2025-09-08 21:49:21.126 - >>> ENTERING ChangeMapService.changeMap()
[DEBUG] 2025-09-08 21:49:21.127 - >>> ENTERING ChangeMapService.changeMap()
[DEBUG] 2025-09-08 21:49:21.126 - >>> ENTERING ChangeMapService.changeMap()
[DEBUG] 2025-09-08 21:49:21.127 - Target MapId: -1, ZoneId: -1
[DEBUG] 2025-09-08 21:49:21.127 - Player: Chiến binh-5
[DEBUG] 2025-09-08 21:49:21.127 - Player: Mabư
[DEBUG] 2025-09-08 21:49:21.127 - Player: Fide Vàng 84
[DEBUG] 2025-09-08 21:49:21.127 - Player: Broly 67
[DEBUG] 2025-09-08 21:49:21.127 - >>> ENTERING ChangeMapService.changeMap()
[DEBUG] 2025-09-08 21:49:21.128 - Target MapId: -1, ZoneId: -1
[DEBUG] 2025-09-08 21:49:21.128 - Target MapId: -1, ZoneId: -1
[DEBUG] 2025-09-08 21:49:21.128 - Target MapId: -1, ZoneId: -1
[DEBUG] 2025-09-08 21:49:21.128 - Player: Ma trơi 43
[DEBUG] 2025-09-08 21:49:21.128 - Target MapId: -1, ZoneId: -1
[DEBUG] 2025-09-08 21:49:21.128 - >>> ENTERING ChangeMapService.changeMap()
[DEBUG] 2025-09-08 21:49:21.128 - >>> ENTERING ChangeMapService.changeMap()
[DEBUG] 2025-09-08 21:49:21.130 - Target MapId: -1, ZoneId: -1
[DEBUG] 2025-09-08 21:49:21.130 - Player: Chiến binh-5
[DEBUG] 2025-09-08 21:49:21.130 - >>> ENTERING ChangeMapService.changeMap()
[DEBUG] 2025-09-08 21:49:21.130 - Player: Mabư
[DEBUG] 2025-09-08 21:49:21.130 - >>> ENTERING ChangeMapService.changeMap()
[DEBUG] 2025-09-08 21:49:21.130 - Target MapId: -1, ZoneId: -1
[DEBUG] 2025-09-08 21:49:21.131 - Target MapId: -1, ZoneId: -1
[DEBUG] 2025-09-08 21:49:21.130 - Player: Broly 31
[DEBUG] 2025-09-08 21:49:21.131 - Player: Ma trơi 10
[DEBUG] 2025-09-08 21:49:21.131 - >>> ENTERING ChangeMapService.changeMap()
[DEBUG] 2025-09-08 21:49:21.131 - Target MapId: -1, ZoneId: -1
[DEBUG] 2025-09-08 21:49:21.131 - Target MapId: -1, ZoneId: -1
[DEBUG] 2025-09-08 21:49:21.131 - >>> ENTERING ChangeMapService.changeMap()
[DEBUG] 2025-09-08 21:49:21.132 - >>> ENTERING ChangeMapService.changeMap()
[DEBUG] 2025-09-08 21:49:21.132 - Player: Mabư
[DEBUG] 2025-09-08 21:49:21.132 - Player: Broly 80
[DEBUG] 2025-09-08 21:49:21.132 - Player: Chiến binh-5
[DEBUG] 2025-09-08 21:49:21.132 - Target MapId: -1, ZoneId: -1
[DEBUG] 2025-09-08 21:49:21.132 - Target MapId: -1, ZoneId: -1
[DEBUG] 2025-09-08 21:49:21.132 - Target MapId: -1, ZoneId: -1
[DEBUG] 2025-09-08 21:49:21.133 - >>> ENTERING ChangeMapService.changeMap()
[DEBUG] 2025-09-08 21:49:21.133 - >>> ENTERING ChangeMapService.changeMap()
[DEBUG] 2025-09-08 21:49:21.133 - >>> ENTERING ChangeMapService.changeMap()
[DEBUG] 2025-09-08 21:49:21.133 - Player: Bí ma 85
[DEBUG] 2025-09-08 21:49:21.133 - >>> ENTERING ChangeMapService.changeMap()
[DEBUG] 2025-09-08 21:49:21.134 - Player: Mabư
[DEBUG] 2025-09-08 21:49:21.134 - Player: Broly 83
[DEBUG] 2025-09-08 21:49:21.134 - Player: Chiến binh-5
[DEBUG] 2025-09-08 21:49:21.134 - Target MapId: -1, ZoneId: -1
[DEBUG] 2025-09-08 21:49:21.134 - Target MapId: -1, ZoneId: -1
[DEBUG] 2025-09-08 21:49:21.135 - Target MapId: -1, ZoneId: -1
[DEBUG] 2025-09-08 21:49:21.135 - Target MapId: -1, ZoneId: -1
[DEBUG] 2025-09-08 21:49:21.135 - >>> ENTERING ChangeMapService.changeMap()
[DEBUG] 2025-09-08 21:49:21.135 - >>> ENTERING ChangeMapService.changeMap()
[DEBUG] 2025-09-08 21:49:21.135 - >>> ENTERING ChangeMapService.changeMap()
[DEBUG] 2025-09-08 21:49:21.135 - Player: Bí ma 37
[DEBUG] 2025-09-08 21:49:21.135 - >>> ENTERING ChangeMapService.changeMap()
[DEBUG] 2025-09-08 21:49:21.136 - Player: Mabư
[DEBUG] 2025-09-08 21:49:21.136 - Player: Broly 56
[DEBUG] 2025-09-08 21:49:21.136 - Target MapId: -1, ZoneId: -1
[DEBUG] 2025-09-08 21:49:21.136 - Player: Chiến binh-5
[DEBUG] 2025-09-08 21:49:21.136 - Target MapId: -1, ZoneId: -1
[DEBUG] 2025-09-08 21:49:21.136 - Target MapId: -1, ZoneId: -1
[DEBUG] 2025-09-08 21:49:21.137 - >>> ENTERING ChangeMapService.changeMap()
[DEBUG] 2025-09-08 21:49:21.137 - Target MapId: -1, ZoneId: -1
[DEBUG] 2025-09-08 21:49:21.137 - >>> ENTERING ChangeMapService.changeMap()
[DEBUG] 2025-09-08 21:49:21.137 - >>> ENTERING ChangeMapService.changeMap()
[DEBUG] 2025-09-08 21:49:21.137 - Player: Bí ma 84
[DEBUG] 2025-09-08 21:49:21.137 - Player: Drabura
[DEBUG] 2025-09-08 21:49:21.137 - >>> ENTERING ChangeMapService.changeMap()
[DEBUG] 2025-09-08 21:49:21.137 - >>> ENTERING ChangeMapService.changeMap()
[DEBUG] 2025-09-08 21:49:21.137 - Player: Broly 23
[DEBUG] 2025-09-08 21:49:21.137 - Target MapId: -1, ZoneId: -1
[DEBUG] 2025-09-08 21:49:21.138 - Target MapId: -1, ZoneId: -1
[DEBUG] 2025-09-08 21:49:21.138 - Player: Fide Vàng 74
[DEBUG] 2025-09-08 21:49:21.138 - Player: Chiến binh-5
[DEBUG] 2025-09-08 21:49:21.138 - Target MapId: -1, ZoneId: -1
[DEBUG] 2025-09-08 21:49:21.138 - >>> ENTERING ChangeMapService.changeMap()
[DEBUG] 2025-09-08 21:49:21.138 - >>> ENTERING ChangeMapService.changeMap()
[DEBUG] 2025-09-08 21:49:21.138 - Target MapId: -1, ZoneId: -1
[DEBUG] 2025-09-08 21:49:21.138 - Target MapId: -1, ZoneId: -1
[DEBUG] 2025-09-08 21:49:21.140 - Player: Bí ma 44
[DEBUG] 2025-09-08 21:49:21.140 - >>> ENTERING ChangeMapService.changeMap()
[DEBUG] 2025-09-08 21:49:21.140 - Player: Drabura
[DEBUG] 2025-09-08 21:49:21.140 - Target MapId: -1, ZoneId: -1
[DEBUG] 2025-09-08 21:49:21.140 - >>> ENTERING ChangeMapService.changeMap()
[DEBUG] 2025-09-08 21:49:21.141 - Player: Broly 89
[DEBUG] 2025-09-08 21:49:21.141 - >>> ENTERING ChangeMapService.changeMap()
[DEBUG] 2025-09-08 21:49:21.141 - Target MapId: -1, ZoneId: -1
[DEBUG] 2025-09-08 21:49:21.141 - Player: Chiến binh-5
[DEBUG] 2025-09-08 21:49:21.141 - >>> ENTERING ChangeMapService.changeMap()
[DEBUG] 2025-09-08 21:49:21.141 - Target MapId: -1, ZoneId: -1
[DEBUG] 2025-09-08 21:49:21.141 - Player: Fide Vàng 20
[DEBUG] 2025-09-08 21:49:21.142 - >>> ENTERING ChangeMapService.changeMap()
[DEBUG] 2025-09-08 21:49:21.142 - Target MapId: -1, ZoneId: -1
[DEBUG] 2025-09-08 21:49:21.142 - Player: Bí ma 27
[DEBUG] 2025-09-08 21:49:21.142 - Target MapId: -1, ZoneId: -1
[DEBUG] 2025-09-08 21:49:21.142 - >>> ENTERING ChangeMapService.changeMap()
[DEBUG] 2025-09-08 21:49:21.143 - Player: Drabura
[DEBUG] 2025-09-08 21:49:21.143 - Target MapId: -1, ZoneId: -1
[DEBUG] 2025-09-08 21:49:21.143 - Player: Broly 100
[DEBUG] 2025-09-08 21:49:21.143 - >>> ENTERING ChangeMapService.changeMap()
[DEBUG] 2025-09-08 21:49:21.143 - Target MapId: -1, ZoneId: -1
[DEBUG] 2025-09-08 21:49:21.143 - >>> ENTERING ChangeMapService.changeMap()
[DEBUG] 2025-09-08 21:49:21.143 - >>> ENTERING ChangeMapService.changeMap()
[DEBUG] 2025-09-08 21:49:21.144 - Target MapId: -1, ZoneId: -1
[DEBUG] 2025-09-08 21:49:21.144 - Player: Chiến binh-5
[DEBUG] 2025-09-08 21:49:21.144 - Player: Bí ma 49
[DEBUG] 2025-09-08 21:49:21.144 - >>> ENTERING ChangeMapService.changeMap()
[DEBUG] 2025-09-08 21:49:21.144 - Player: Fide Vàng 39
[DEBUG] 2025-09-08 21:49:21.145 - Target MapId: -1, ZoneId: -1
[DEBUG] 2025-09-08 21:49:21.145 - >>> ENTERING ChangeMapService.changeMap()
[DEBUG] 2025-09-08 21:49:21.145 - Target MapId: -1, ZoneId: -1
[DEBUG] 2025-09-08 21:49:21.145 - Player: Drabura
[DEBUG] 2025-09-08 21:49:21.145 - Target MapId: -1, ZoneId: -1
[DEBUG] 2025-09-08 21:49:21.146 - Player: Broly 56
[DEBUG] 2025-09-08 21:49:21.146 - >>> ENTERING ChangeMapService.changeMap()
[DEBUG] 2025-09-08 21:49:21.146 - >>> ENTERING ChangeMapService.changeMap()
[DEBUG] 2025-09-08 21:49:21.146 - Target MapId: -1, ZoneId: -1
[DEBUG] 2025-09-08 21:49:21.146 - Target MapId: -1, ZoneId: -1
[DEBUG] 2025-09-08 21:49:21.147 - >>> ENTERING ChangeMapService.changeMap()
[DEBUG] 2025-09-08 21:49:21.147 - Player: Chiến binh-5
[DEBUG] 2025-09-08 21:49:21.147 - >>> ENTERING ChangeMapService.changeMap()
[DEBUG] 2025-09-08 21:49:21.147 - Player: Bí ma 45
[DEBUG] 2025-09-08 21:49:21.147 - >>> ENTERING ChangeMapService.changeMap()
[DEBUG] 2025-09-08 21:49:21.147 - Player: Fide Vàng 36
[DEBUG] 2025-09-08 21:49:21.147 - Target MapId: -1, ZoneId: -1
[DEBUG] 2025-09-08 21:49:21.147 - Player: Drabura
[DEBUG] 2025-09-08 21:49:21.148 - Target MapId: -1, ZoneId: -1
[DEBUG] 2025-09-08 21:49:21.148 - Player: Broly 76
[DEBUG] 2025-09-08 21:49:21.148 - Target MapId: -1, ZoneId: -1
[DEBUG] 2025-09-08 21:49:21.149 - Target MapId: -1, ZoneId: -1
[DEBUG] 2025-09-08 21:49:21.149 - >>> ENTERING ChangeMapService.changeMap()
[DEBUG] 2025-09-08 21:49:21.149 - Target MapId: -1, ZoneId: -1
[DEBUG] 2025-09-08 21:49:21.149 - >>> ENTERING ChangeMapService.changeMap()
[DEBUG] 2025-09-08 21:49:21.150 - >>> ENTERING ChangeMapService.changeMap()
[DEBUG] 2025-09-08 21:49:21.150 - >>> ENTERING ChangeMapService.changeMap()
[DEBUG] 2025-09-08 21:49:21.150 - >>> ENTERING ChangeMapService.changeMap()
[DEBUG] 2025-09-08 21:49:21.150 - Player: Bí ma 47
[DEBUG] 2025-09-08 21:49:21.150 - Player: Black Goku 36
[DEBUG] 2025-09-08 21:49:21.150 - Player: Chiến binh-5
[DEBUG] 2025-09-08 21:49:21.151 - Player: Drabura
[DEBUG] 2025-09-08 21:49:21.151 - Player: Broly 45
[DEBUG] 2025-09-08 21:49:21.151 - Target MapId: -1, ZoneId: -1
[DEBUG] 2025-09-08 21:49:21.151 - Target MapId: -1, ZoneId: -1
[DEBUG] 2025-09-08 21:49:21.151 - Target MapId: -1, ZoneId: -1
[DEBUG] 2025-09-08 21:49:21.151 - Target MapId: -1, ZoneId: -1
[DEBUG] 2025-09-08 21:49:21.151 - Target MapId: -1, ZoneId: -1
[DEBUG] 2025-09-08 21:49:21.152 - >>> ENTERING ChangeMapService.changeMap()
[DEBUG] 2025-09-08 21:49:21.152 - >>> ENTERING ChangeMapService.changeMap()
[DEBUG] 2025-09-08 21:49:21.152 - >>> ENTERING ChangeMapService.changeMap()
[DEBUG] 2025-09-08 21:49:21.152 - >>> ENTERING ChangeMapService.changeMap()
[DEBUG] 2025-09-08 21:49:21.152 - >>> ENTERING ChangeMapService.changeMap()
[DEBUG] 2025-09-08 21:49:21.152 - Player: Black Goku 66
[DEBUG] 2025-09-08 21:49:21.153 - Player: Bí ma 11
[DEBUG] 2025-09-08 21:49:21.153 - Player: Broly 18
[DEBUG] 2025-09-08 21:49:21.153 - Player: Drabura
[DEBUG] 2025-09-08 21:49:21.153 - Player: Chiến binh-5
[DEBUG] 2025-09-08 21:49:21.154 - Target MapId: -1, ZoneId: -1
[DEBUG] 2025-09-08 21:49:21.154 - Target MapId: -1, ZoneId: -1
[DEBUG] 2025-09-08 21:49:21.154 - Target MapId: -1, ZoneId: -1
[DEBUG] 2025-09-08 21:49:21.154 - Target MapId: -1, ZoneId: -1
[DEBUG] 2025-09-08 21:49:21.154 - Target MapId: -1, ZoneId: -1
[DEBUG] 2025-09-08 21:49:21.154 - >>> ENTERING ChangeMapService.changeMap()
[DEBUG] 2025-09-08 21:49:21.155 - >>> ENTERING ChangeMapService.changeMap()
[DEBUG] 2025-09-08 21:49:21.155 - >>> ENTERING ChangeMapService.changeMap()
[DEBUG] 2025-09-08 21:49:21.155 - >>> ENTERING ChangeMapService.changeMap()
[DEBUG] 2025-09-08 21:49:21.155 - >>> ENTERING ChangeMapService.changeMap()
[DEBUG] 2025-09-08 21:49:21.155 - Player: Cooler
[DEBUG] 2025-09-08 21:49:21.155 - Player: Broly 43
[DEBUG] 2025-09-08 21:49:21.155 - Player: Bí ma 37
[DEBUG] 2025-09-08 21:49:21.155 - Player: Drabura
[DEBUG] 2025-09-08 21:49:21.156 - Player: Tân binh-5
[DEBUG] 2025-09-08 21:49:21.156 - Target MapId: -1, ZoneId: -1
[DEBUG] 2025-09-08 21:49:21.156 - Target MapId: -1, ZoneId: -1
[DEBUG] 2025-09-08 21:49:21.156 - Target MapId: -1, ZoneId: -1
[DEBUG] 2025-09-08 21:49:21.156 - Target MapId: -1, ZoneId: -1
[DEBUG] 2025-09-08 21:49:21.156 - Target MapId: -1, ZoneId: -1
[DEBUG] 2025-09-08 21:49:21.157 - >>> ENTERING ChangeMapService.changeMap()
[DEBUG] 2025-09-08 21:49:21.157 - >>> ENTERING ChangeMapService.changeMap()
[DEBUG] 2025-09-08 21:49:21.157 - >>> ENTERING ChangeMapService.changeMap()
[DEBUG] 2025-09-08 21:49:21.157 - Player: Broly 29
[DEBUG] 2025-09-08 21:49:21.157 - >>> ENTERING ChangeMapService.changeMap()
[DEBUG] 2025-09-08 21:49:21.158 - Player: Dr.Kôrê
[DEBUG] 2025-09-08 21:49:21.157 - Player: Drabura
[DEBUG] 2025-09-08 21:49:21.158 - Target MapId: -1, ZoneId: -1
[DEBUG] 2025-09-08 21:49:21.158 - Player: Tân binh-5
[DEBUG] 2025-09-08 21:49:21.158 - Target MapId: -1, ZoneId: -1
[DEBUG] 2025-09-08 21:49:21.158 - Target MapId: -1, ZoneId: -1
[DEBUG] 2025-09-08 21:49:21.158 - >>> ENTERING ChangeMapService.changeMap()
[DEBUG] 2025-09-08 21:49:21.158 - Target MapId: -1, ZoneId: -1
[DEBUG] 2025-09-08 21:49:21.160 - Player: Broly 84
[DEBUG] 2025-09-08 21:49:21.160 - >>> ENTERING ChangeMapService.changeMap()
[DEBUG] 2025-09-08 21:49:21.160 - >>> ENTERING ChangeMapService.changeMap()
[DEBUG] 2025-09-08 21:49:21.160 - >>> ENTERING ChangeMapService.changeMap()
[DEBUG] 2025-09-08 21:49:21.161 - Target MapId: -1, ZoneId: -1
[DEBUG] 2025-09-08 21:49:21.161 - Player: Android 14
[DEBUG] 2025-09-08 21:49:21.161 - Player: Drabura
[DEBUG] 2025-09-08 21:49:21.161 - Player: Tân binh-5
[DEBUG] 2025-09-08 21:49:21.161 - Target MapId: -1, ZoneId: -1
[DEBUG] 2025-09-08 21:49:21.161 - >>> ENTERING ChangeMapService.changeMap()
[DEBUG] 2025-09-08 21:49:21.161 - Target MapId: -1, ZoneId: -1
[DEBUG] 2025-09-08 21:49:21.161 - Target MapId: -1, ZoneId: -1
[DEBUG] 2025-09-08 21:49:21.162 - Player: Broly 94
[DEBUG] 2025-09-08 21:49:21.162 - >>> ENTERING ChangeMapService.changeMap()
[DEBUG] 2025-09-08 21:49:21.162 - >>> ENTERING ChangeMapService.changeMap()
[DEBUG] 2025-09-08 21:49:21.162 - >>> ENTERING ChangeMapService.changeMap()
[DEBUG] 2025-09-08 21:49:21.162 - Player: Fide đại ca 1
[DEBUG] 2025-09-08 21:49:21.162 - Target MapId: -1, ZoneId: -1
[DEBUG] 2025-09-08 21:49:21.162 - Player: Ya côn
[DEBUG] 2025-09-08 21:49:21.163 - Player: Tân binh-5
[DEBUG] 2025-09-08 21:49:21.163 - Target MapId: -1, ZoneId: -1
[DEBUG] 2025-09-08 21:49:21.164 - Target MapId: -1, ZoneId: -1
[DEBUG] 2025-09-08 21:49:21.164 - Target MapId: -1, ZoneId: -1
[DEBUG] 2025-09-08 21:49:21.164 - >>> ENTERING ChangeMapService.changeMap()
[DEBUG] 2025-09-08 21:49:21.164 - >>> ENTERING ChangeMapService.changeMap()
[DEBUG] 2025-09-08 21:49:21.164 - >>> ENTERING ChangeMapService.changeMap()
[DEBUG] 2025-09-08 21:49:21.164 - Player: Broly 77
[DEBUG] 2025-09-08 21:49:21.164 - Player: Rambo
[DEBUG] 2025-09-08 21:49:21.164 - >>> ENTERING ChangeMapService.changeMap()
[DEBUG] 2025-09-08 21:49:21.165 - Player: Ya côn
[DEBUG] 2025-09-08 21:49:21.165 - Target MapId: -1, ZoneId: -1
[DEBUG] 2025-09-08 21:49:21.165 - Target MapId: -1, ZoneId: -1
[DEBUG] 2025-09-08 21:49:21.165 - Player: Tân binh-5
[DEBUG] 2025-09-08 21:49:21.165 - Target MapId: -1, ZoneId: -1
[DEBUG] 2025-09-08 21:49:21.166 - >>> ENTERING ChangeMapService.changeMap()
[DEBUG] 2025-09-08 21:49:21.166 - >>> ENTERING ChangeMapService.changeMap()
[DEBUG] 2025-09-08 21:49:21.166 - Target MapId: -1, ZoneId: -1
[DEBUG] 2025-09-08 21:49:21.166 - >>> ENTERING ChangeMapService.changeMap()
[DEBUG] 2025-09-08 21:49:21.166 - Player: Broly 57
[DEBUG] 2025-09-08 21:49:21.166 - Player: Rambo
[DEBUG] 2025-09-08 21:49:21.167 - Player: Ya côn
[DEBUG] 2025-09-08 21:49:21.167 - Target MapId: -1, ZoneId: -1
[DEBUG] 2025-09-08 21:49:21.167 - Target MapId: -1, ZoneId: -1
[DEBUG] 2025-09-08 21:49:21.167 - >>> ENTERING ChangeMapService.changeMap()
[DEBUG] 2025-09-08 21:49:21.167 - Target MapId: -1, ZoneId: -1
[DEBUG] 2025-09-08 21:49:21.168 - Player: Tân binh-5
[DEBUG] 2025-09-08 21:49:21.168 - >>> ENTERING ChangeMapService.changeMap()
[DEBUG] 2025-09-08 21:49:21.168 - >>> ENTERING ChangeMapService.changeMap()
[DEBUG] 2025-09-08 21:49:21.168 - >>> ENTERING ChangeMapService.changeMap()
[DEBUG] 2025-09-08 21:49:21.168 - Target MapId: -1, ZoneId: -1
[DEBUG] 2025-09-08 21:49:21.168 - Player: Broly 75
[DEBUG] 2025-09-08 21:49:21.168 - Player: Rambo
[DEBUG] 2025-09-08 21:49:21.169 - Player: Ya côn
[DEBUG] 2025-09-08 21:49:21.169 - Target MapId: -1, ZoneId: -1
[DEBUG] 2025-09-08 21:49:21.169 - Target MapId: -1, ZoneId: -1
[DEBUG] 2025-09-08 21:49:21.169 - >>> ENTERING ChangeMapService.changeMap()
[DEBUG] 2025-09-08 21:49:21.169 - Target MapId: -1, ZoneId: -1
[DEBUG] 2025-09-08 21:49:21.170 - >>> ENTERING ChangeMapService.changeMap()
[DEBUG] 2025-09-08 21:49:21.170 - >>> ENTERING ChangeMapService.changeMap()
[DEBUG] 2025-09-08 21:49:21.170 - Player: Tân binh-5
[DEBUG] 2025-09-08 21:49:21.170 - Player: Broly 32
[DEBUG] 2025-09-08 21:49:21.170 - >>> ENTERING ChangeMapService.changeMap()
[DEBUG] 2025-09-08 21:49:21.170 - Player: Rambo
[DEBUG] 2025-09-08 21:49:21.171 - Target MapId: -1, ZoneId: -1
[DEBUG] 2025-09-08 21:49:21.171 - Target MapId: -1, ZoneId: -1
[DEBUG] 2025-09-08 21:49:21.171 - Target MapId: -1, ZoneId: -1
[DEBUG] 2025-09-08 21:49:21.171 - Player: Ya côn
[DEBUG] 2025-09-08 21:49:21.172 - Target MapId: -1, ZoneId: -1
[DEBUG] 2025-09-08 21:49:21.172 - >>> ENTERING ChangeMapService.changeMap()
[DEBUG] 2025-09-08 21:49:21.172 - >>> ENTERING ChangeMapService.changeMap()
[DEBUG] 2025-09-08 21:49:21.172 - >>> ENTERING ChangeMapService.changeMap()
[DEBUG] 2025-09-08 21:49:21.173 - >>> ENTERING ChangeMapService.changeMap()
[DEBUG] 2025-09-08 21:49:21.173 - Player: Broly 73
[DEBUG] 2025-09-08 21:49:21.173 - Player: Tân binh-5
[DEBUG] 2025-09-08 21:49:21.173 - Player: Rambo
[DEBUG] 2025-09-08 21:49:21.174 - Player: Ya côn
[DEBUG] 2025-09-08 21:49:21.174 - Target MapId: -1, ZoneId: -1
[DEBUG] 2025-09-08 21:49:21.174 - Target MapId: -1, ZoneId: -1
[DEBUG] 2025-09-08 21:49:21.174 - Target MapId: -1, ZoneId: -1
[DEBUG] 2025-09-08 21:49:21.174 - Target MapId: -1, ZoneId: -1
[DEBUG] 2025-09-08 21:49:21.175 - >>> ENTERING ChangeMapService.changeMap()
[DEBUG] 2025-09-08 21:49:21.175 - >>> ENTERING ChangeMapService.changeMap()
[DEBUG] 2025-09-08 21:49:21.175 - >>> ENTERING ChangeMapService.changeMap()
[DEBUG] 2025-09-08 21:49:21.176 - >>> ENTERING ChangeMapService.changeMap()
[DEBUG] 2025-09-08 21:49:21.176 - Player: Broly 21
[DEBUG] 2025-09-08 21:49:21.176 - Player: Ya côn
[DEBUG] 2025-09-08 21:49:21.176 - Player: Rambo
[DEBUG] 2025-09-08 21:49:21.176 - Player: Tân binh-5
[DEBUG] 2025-09-08 21:49:21.176 - Target MapId: -1, ZoneId: -1
[DEBUG] 2025-09-08 21:49:21.176 - Target MapId: -1, ZoneId: -1
[DEBUG] 2025-09-08 21:49:21.177 - Target MapId: -1, ZoneId: -1
[DEBUG] 2025-09-08 21:49:21.177 - Target MapId: -1, ZoneId: -1
[DEBUG] 2025-09-08 21:49:21.177 - >>> ENTERING ChangeMapService.changeMap()
[DEBUG] 2025-09-08 21:49:21.177 - >>> ENTERING ChangeMapService.changeMap()
[DEBUG] 2025-09-08 21:49:21.177 - >>> ENTERING ChangeMapService.changeMap()
[DEBUG] 2025-09-08 21:49:21.178 - >>> ENTERING ChangeMapService.changeMap()
[DEBUG] 2025-09-08 21:49:21.178 - Player: Ya côn
[DEBUG] 2025-09-08 21:49:21.178 - Player: Broly 46
[DEBUG] 2025-09-08 21:49:21.178 - Player: Rambo
[DEBUG] 2025-09-08 21:49:21.184 - Player: Tân binh-5
[DEBUG] 2025-09-08 21:49:21.184 - Target MapId: -1, ZoneId: -1
[DEBUG] 2025-09-08 21:49:21.184 - Target MapId: -1, ZoneId: -1
[DEBUG] 2025-09-08 21:49:21.184 - Target MapId: -1, ZoneId: -1
[DEBUG] 2025-09-08 21:49:21.185 - Target MapId: -1, ZoneId: -1
[DEBUG] 2025-09-08 21:49:21.185 - >>> ENTERING ChangeMapService.changeMap()
[DEBUG] 2025-09-08 21:49:21.185 - >>> ENTERING ChangeMapService.changeMap()
[DEBUG] 2025-09-08 21:49:21.185 - >>> ENTERING ChangeMapService.changeMap()
[DEBUG] 2025-09-08 21:49:21.185 - >>> ENTERING ChangeMapService.changeMap()
[DEBUG] 2025-09-08 21:49:21.186 - Player: Broly 51
[DEBUG] 2025-09-08 21:49:21.186 - Player: Rambo
[DEBUG] 2025-09-08 21:49:21.186 - Player: Ya côn
[DEBUG] 2025-09-08 21:49:21.186 - Player: Tân binh-5
[DEBUG] 2025-09-08 21:49:21.186 - Target MapId: -1, ZoneId: -1
[DEBUG] 2025-09-08 21:49:21.186 - Target MapId: -1, ZoneId: -1
[DEBUG] 2025-09-08 21:49:21.187 - Target MapId: -1, ZoneId: -1
[DEBUG] 2025-09-08 21:49:21.187 - Target MapId: -1, ZoneId: -1
[DEBUG] 2025-09-08 21:49:21.187 - >>> ENTERING ChangeMapService.changeMap()
[DEBUG] 2025-09-08 21:49:21.187 - >>> ENTERING ChangeMapService.changeMap()
[DEBUG] 2025-09-08 21:49:21.187 - >>> ENTERING ChangeMapService.changeMap()
[DEBUG] 2025-09-08 21:49:21.187 - >>> ENTERING ChangeMapService.changeMap()
[DEBUG] 2025-09-08 21:49:21.187 - Player: Broly 74
[DEBUG] 2025-09-08 21:49:21.187 - Player: Rambo
[DEBUG] 2025-09-08 21:49:21.187 - Player: Tân binh-5
[DEBUG] 2025-09-08 21:49:21.187 - Player: Ya côn
[DEBUG] 2025-09-08 21:49:21.188 - Target MapId: -1, ZoneId: -1
[DEBUG] 2025-09-08 21:49:21.188 - Target MapId: -1, ZoneId: -1
[DEBUG] 2025-09-08 21:49:21.188 - Target MapId: -1, ZoneId: -1
[DEBUG] 2025-09-08 21:49:21.188 - Target MapId: -1, ZoneId: -1
[DEBUG] 2025-09-08 21:49:21.188 - >>> ENTERING ChangeMapService.changeMap()
[DEBUG] 2025-09-08 21:49:21.188 - >>> ENTERING ChangeMapService.changeMap()
[DEBUG] 2025-09-08 21:49:21.188 - >>> ENTERING ChangeMapService.changeMap()
[DEBUG] 2025-09-08 21:49:21.188 - >>> ENTERING ChangeMapService.changeMap()
[DEBUG] 2025-09-08 21:49:21.188 - Player: Rambo
[DEBUG] 2025-09-08 21:49:21.188 - Player: Broly 15
[DEBUG] 2025-09-08 21:49:21.190 - Player: Tân binh-5
[DEBUG] 2025-09-08 21:49:21.190 - Player: Bui Bui
[DEBUG] 2025-09-08 21:49:21.190 - Target MapId: -1, ZoneId: -1
[DEBUG] 2025-09-08 21:49:21.190 - Target MapId: -1, ZoneId: -1
[DEBUG] 2025-09-08 21:49:21.190 - Target MapId: -1, ZoneId: -1
[DEBUG] 2025-09-08 21:49:21.190 - Target MapId: -1, ZoneId: -1
[DEBUG] 2025-09-08 21:49:21.191 - >>> ENTERING ChangeMapService.changeMap()
[DEBUG] 2025-09-08 21:49:21.191 - >>> ENTERING ChangeMapService.changeMap()
[DEBUG] 2025-09-08 21:49:21.191 - >>> ENTERING ChangeMapService.changeMap()
[DEBUG] 2025-09-08 21:49:21.191 - >>> ENTERING ChangeMapService.changeMap()
[DEBUG] 2025-09-08 21:49:21.191 - Player: Mập Đầu Đinh
[DEBUG] 2025-09-08 21:49:21.191 - Player: Broly 53
[DEBUG] 2025-09-08 21:49:21.192 - Player: Bui Bui
[DEBUG] 2025-09-08 21:49:21.191 - Player: Tân binh-5
[DEBUG] 2025-09-08 21:49:21.192 - Target MapId: -1, ZoneId: -1
[DEBUG] 2025-09-08 21:49:21.192 - Target MapId: -1, ZoneId: -1
[DEBUG] 2025-09-08 21:49:21.192 - Target MapId: -1, ZoneId: -1
[DEBUG] 2025-09-08 21:49:21.192 - Target MapId: -1, ZoneId: -1
[DEBUG] 2025-09-08 21:49:21.193 - >>> ENTERING ChangeMapService.changeMap()
[DEBUG] 2025-09-08 21:49:21.193 - >>> ENTERING ChangeMapService.changeMap()
[DEBUG] 2025-09-08 21:49:21.193 - >>> ENTERING ChangeMapService.changeMap()
[DEBUG] 2025-09-08 21:49:21.193 - >>> ENTERING ChangeMapService.changeMap()
[DEBUG] 2025-09-08 21:49:21.193 - Player: Mập Đầu Đinh
[DEBUG] 2025-09-08 21:49:21.194 - Player: Broly 57
[DEBUG] 2025-09-08 21:49:21.194 - Player: Bui Bui
[DEBUG] 2025-09-08 21:49:21.194 - Player: Tân binh-5
[DEBUG] 2025-09-08 21:49:21.194 - Target MapId: -1, ZoneId: -1
[DEBUG] 2025-09-08 21:49:21.194 - Target MapId: -1, ZoneId: -1
[DEBUG] 2025-09-08 21:49:21.194 - Target MapId: -1, ZoneId: -1
[DEBUG] 2025-09-08 21:49:21.194 - Target MapId: -1, ZoneId: -1
[DEBUG] 2025-09-08 21:49:21.195 - >>> ENTERING ChangeMapService.changeMap()
[DEBUG] 2025-09-08 21:49:21.195 - >>> ENTERING ChangeMapService.changeMap()
[DEBUG] 2025-09-08 21:49:21.195 - >>> ENTERING ChangeMapService.changeMap()
[DEBUG] 2025-09-08 21:49:21.195 - Player: Mập Đầu Đinh
[DEBUG] 2025-09-08 21:49:21.195 - Player: Broly 10
[DEBUG] 2025-09-08 21:49:21.196 - Player: Bui Bui
[DEBUG] 2025-09-08 21:49:21.196 - Target MapId: -1, ZoneId: -1
[DEBUG] 2025-09-08 21:49:21.196 - Target MapId: -1, ZoneId: -1
[DEBUG] 2025-09-08 21:49:21.196 - Target MapId: -1, ZoneId: -1
[DEBUG] 2025-09-08 21:49:21.197 - >>> ENTERING ChangeMapService.changeMap()
[DEBUG] 2025-09-08 21:49:21.197 - >>> ENTERING ChangeMapService.changeMap()
[DEBUG] 2025-09-08 21:49:21.197 - >>> ENTERING ChangeMapService.changeMap()
[DEBUG] 2025-09-08 21:49:21.197 - Player: Mập Đầu Đinh
[DEBUG] 2025-09-08 21:49:21.197 - Player: Bui Bui
[DEBUG] 2025-09-08 21:49:21.197 - Player: Broly 66
[DEBUG] 2025-09-08 21:49:21.198 - Target MapId: -1, ZoneId: -1
[DEBUG] 2025-09-08 21:49:21.198 - Target MapId: -1, ZoneId: -1
[DEBUG] 2025-09-08 21:49:21.198 - Target MapId: -1, ZoneId: -1
[DEBUG] 2025-09-08 21:49:21.198 - >>> ENTERING ChangeMapService.changeMap()
[DEBUG] 2025-09-08 21:49:21.198 - >>> ENTERING ChangeMapService.changeMap()
[DEBUG] 2025-09-08 21:49:21.199 - >>> ENTERING ChangeMapService.changeMap()
[DEBUG] 2025-09-08 21:49:21.199 - Player: Bui Bui
[DEBUG] 2025-09-08 21:49:21.199 - Player: Mập Đầu Đinh
[DEBUG] 2025-09-08 21:49:21.199 - Player: Broly 19
[DEBUG] 2025-09-08 21:49:21.199 - Target MapId: -1, ZoneId: -1
[DEBUG] 2025-09-08 21:49:21.200 - Target MapId: -1, ZoneId: -1
[DEBUG] 2025-09-08 21:49:21.200 - Target MapId: -1, ZoneId: -1
[DEBUG] 2025-09-08 21:49:21.200 - >>> ENTERING ChangeMapService.changeMap()
[DEBUG] 2025-09-08 21:49:21.200 - >>> ENTERING ChangeMapService.changeMap()
[DEBUG] 2025-09-08 21:49:21.200 - >>> ENTERING ChangeMapService.changeMap()
[DEBUG] 2025-09-08 21:49:21.200 - Player: Bui Bui
[DEBUG] 2025-09-08 21:49:21.201 - Player: Mập Đầu Đinh
[DEBUG] 2025-09-08 21:49:21.201 - Player: Broly 82
[DEBUG] 2025-09-08 21:49:21.201 - Target MapId: -1, ZoneId: -1
[DEBUG] 2025-09-08 21:49:21.201 - Target MapId: -1, ZoneId: -1
[DEBUG] 2025-09-08 21:49:21.201 - Target MapId: -1, ZoneId: -1
[DEBUG] 2025-09-08 21:49:21.202 - >>> ENTERING ChangeMapService.changeMap()
[DEBUG] 2025-09-08 21:49:21.202 - >>> ENTERING ChangeMapService.changeMap()
[DEBUG] 2025-09-08 21:49:21.202 - >>> ENTERING ChangeMapService.changeMap()
[DEBUG] 2025-09-08 21:49:21.202 - Player: Bui Bui
[DEBUG] 2025-09-08 21:49:21.202 - Player: Mập Đầu Đinh
[DEBUG] 2025-09-08 21:49:21.202 - Player: Broly 61
[DEBUG] 2025-09-08 21:49:21.203 - Target MapId: -1, ZoneId: -1
[DEBUG] 2025-09-08 21:49:21.203 - Target MapId: -1, ZoneId: -1
[DEBUG] 2025-09-08 21:49:21.203 - Target MapId: -1, ZoneId: -1
[DEBUG] 2025-09-08 21:49:21.203 - >>> ENTERING ChangeMapService.changeMap()
[DEBUG] 2025-09-08 21:49:21.203 - >>> ENTERING ChangeMapService.changeMap()
[DEBUG] 2025-09-08 21:49:21.204 - >>> ENTERING ChangeMapService.changeMap()
[DEBUG] 2025-09-08 21:49:21.204 - Player: Bui Bui
[DEBUG] 2025-09-08 21:49:21.204 - Player: Broly 40
[DEBUG] 2025-09-08 21:49:21.204 - Player: Mập Đầu Đinh
[DEBUG] 2025-09-08 21:49:21.204 - Target MapId: -1, ZoneId: -1
[DEBUG] 2025-09-08 21:49:21.205 - Target MapId: -1, ZoneId: -1
[DEBUG] 2025-09-08 21:49:21.205 - Target MapId: -1, ZoneId: -1
[DEBUG] 2025-09-08 21:49:21.205 - >>> ENTERING ChangeMapService.changeMap()
[DEBUG] 2025-09-08 21:49:21.205 - >>> ENTERING ChangeMapService.changeMap()
[DEBUG] 2025-09-08 21:49:21.205 - Player: Bui Bui
[DEBUG] 2025-09-08 21:49:21.205 - >>> ENTERING ChangeMapService.changeMap()
[DEBUG] 2025-09-08 21:49:21.205 - Player: Broly 65
[DEBUG] 2025-09-08 21:49:21.206 - Player: Mập Đầu Đinh
[DEBUG] 2025-09-08 21:49:21.205 - Target MapId: -1, ZoneId: -1
[DEBUG] 2025-09-08 21:49:21.206 - Target MapId: -1, ZoneId: -1
[DEBUG] 2025-09-08 21:49:21.206 - Target MapId: -1, ZoneId: -1
[DEBUG] 2025-09-08 21:49:21.206 - >>> ENTERING ChangeMapService.changeMap()
[DEBUG] 2025-09-08 21:49:21.206 - >>> ENTERING ChangeMapService.changeMap()
[DEBUG] 2025-09-08 21:49:21.207 - >>> ENTERING ChangeMapService.changeMap()
[DEBUG] 2025-09-08 21:49:21.207 - Player: Bui Bui
[DEBUG] 2025-09-08 21:49:21.207 - Player: Broly 12
[DEBUG] 2025-09-08 21:49:21.207 - Player: Mập Đầu Đinh
[DEBUG] 2025-09-08 21:49:21.207 - Target MapId: -1, ZoneId: -1
[DEBUG] 2025-09-08 21:49:21.207 - Target MapId: -1, ZoneId: -1
[DEBUG] 2025-09-08 21:49:21.208 - Target MapId: -1, ZoneId: -1
[DEBUG] 2025-09-08 21:49:21.208 - >>> ENTERING ChangeMapService.changeMap()
[DEBUG] 2025-09-08 21:49:21.208 - >>> ENTERING ChangeMapService.changeMap()
[DEBUG] 2025-09-08 21:49:21.208 - Player: Broly 27
[DEBUG] 2025-09-08 21:49:21.208 - >>> ENTERING ChangeMapService.changeMap()
[DEBUG] 2025-09-08 21:49:21.208 - Player: Bui Bui
[DEBUG] 2025-09-08 21:49:21.210 - Target MapId: -1, ZoneId: -1
[DEBUG] 2025-09-08 21:49:21.210 - Player: Kuku
[DEBUG] 2025-09-08 21:49:21.210 - Target MapId: -1, ZoneId: -1
[DEBUG] 2025-09-08 21:49:21.211 - Target MapId: -1, ZoneId: -1
[DEBUG] 2025-09-08 21:49:21.211 - >>> ENTERING ChangeMapService.changeMap()
[DEBUG] 2025-09-08 21:49:21.211 - >>> ENTERING ChangeMapService.changeMap()
[DEBUG] 2025-09-08 21:49:21.211 - Player: Bui Bui
[DEBUG] 2025-09-08 21:49:21.211 - Player: Broly 93
[DEBUG] 2025-09-08 21:49:21.211 - Target MapId: -1, ZoneId: -1
[DEBUG] 2025-09-08 21:49:21.211 - >>> ENTERING ChangeMapService.changeMap()
[DEBUG] 2025-09-08 21:49:21.212 - Target MapId: -1, ZoneId: -1
[DEBUG] 2025-09-08 21:49:21.212 - >>> ENTERING ChangeMapService.changeMap()
[DEBUG] 2025-09-08 21:49:21.212 - Player: Kuku
[DEBUG] 2025-09-08 21:49:21.212 - >>> ENTERING ChangeMapService.changeMap()
[DEBUG] 2025-09-08 21:49:21.212 - Player: Bui Bui
[DEBUG] 2025-09-08 21:49:21.213 - Target MapId: -1, ZoneId: -1
[DEBUG] 2025-09-08 21:49:21.213 - Player: Broly 17
[DEBUG] 2025-09-08 21:49:21.213 - Target MapId: -1, ZoneId: -1
[DEBUG] 2025-09-08 21:49:21.213 - >>> ENTERING ChangeMapService.changeMap()
[DEBUG] 2025-09-08 21:49:21.213 - Target MapId: -1, ZoneId: -1
[DEBUG] 2025-09-08 21:49:21.213 - >>> ENTERING ChangeMapService.changeMap()
[DEBUG] 2025-09-08 21:49:21.214 - Player: Kuku
[DEBUG] 2025-09-08 21:49:21.214 - Player: Bui Bui
[DEBUG] 2025-09-08 21:49:21.214 - Target MapId: -1, ZoneId: -1
[DEBUG] 2025-09-08 21:49:21.214 - Target MapId: -1, ZoneId: -1
[DEBUG] 2025-09-08 21:49:21.214 - >>> ENTERING ChangeMapService.changeMap()
[DEBUG] 2025-09-08 21:49:21.215 - >>> ENTERING ChangeMapService.changeMap()
[DEBUG] 2025-09-08 21:49:21.215 - Player: Kuku
[DEBUG] 2025-09-08 21:49:21.215 - Target MapId: -1, ZoneId: -1
[DEBUG] 2025-09-08 21:49:21.215 - Player: Bui Bui
[DEBUG] 2025-09-08 21:49:21.215 - >>> ENTERING ChangeMapService.changeMap()
[DEBUG] 2025-09-08 21:49:21.215 - Player: Kuku
[DEBUG] 2025-09-08 21:49:21.215 - Target MapId: -1, ZoneId: -1
[DEBUG] 2025-09-08 21:49:21.215 - Target MapId: -1, ZoneId: -1
[DEBUG] 2025-09-08 21:49:21.215 - >>> ENTERING ChangeMapService.changeMap()
[DEBUG] 2025-09-08 21:49:21.216 - Player: Bui Bui
[DEBUG] 2025-09-08 21:49:21.216 - Target MapId: -1, ZoneId: -1
[DEBUG] 2025-09-08 21:49:21.216 - >>> ENTERING ChangeMapService.changeMap()
[DEBUG] 2025-09-08 21:49:21.216 - >>> ENTERING ChangeMapService.changeMap()
[DEBUG] 2025-09-08 21:49:21.216 - Player: Bui Bui
[DEBUG] 2025-09-08 21:49:21.216 - Player: Kuku
[DEBUG] 2025-09-08 21:49:21.216 - Target MapId: -1, ZoneId: -1
[DEBUG] 2025-09-08 21:49:21.216 - Target MapId: -1, ZoneId: -1
[DEBUG] 2025-09-08 21:49:21.216 - >>> ENTERING ChangeMapService.changeMap()
[DEBUG] 2025-09-08 21:49:21.216 - Player: Bui Bui
[DEBUG] 2025-09-08 21:49:21.217 - >>> ENTERING ChangeMapService.changeMap()
[DEBUG] 2025-09-08 21:49:21.217 - Target MapId: -1, ZoneId: -1
[DEBUG] 2025-09-08 21:49:21.217 - Player: Kuku
[DEBUG] 2025-09-08 21:49:21.217 - >>> ENTERING ChangeMapService.changeMap()
[DEBUG] 2025-09-08 21:49:21.217 - Target MapId: -1, ZoneId: -1
[DEBUG] 2025-09-08 21:49:21.218 - Player: Bui Bui
[DEBUG] 2025-09-08 21:49:21.218 - >>> ENTERING ChangeMapService.changeMap()
[DEBUG] 2025-09-08 21:49:21.218 - Target MapId: -1, ZoneId: -1
[DEBUG] 2025-09-08 21:49:21.218 - Player: Kuku
[DEBUG] 2025-09-08 21:49:21.219 - >>> ENTERING ChangeMapService.changeMap()
[DEBUG] 2025-09-08 21:49:21.219 - Target MapId: -1, ZoneId: -1
[DEBUG] 2025-09-08 21:49:21.219 - Player: Drabura
[DEBUG] 2025-09-08 21:49:21.219 - >>> ENTERING ChangeMapService.changeMap()
[DEBUG] 2025-09-08 21:49:21.219 - Target MapId: -1, ZoneId: -1
[DEBUG] 2025-09-08 21:49:21.220 - Player: Kuku
[DEBUG] 2025-09-08 21:49:21.220 - >>> ENTERING ChangeMapService.changeMap()
[DEBUG] 2025-09-08 21:49:21.220 - Target MapId: -1, ZoneId: -1
[DEBUG] 2025-09-08 21:49:21.220 - Player: Drabura
[DEBUG] 2025-09-08 21:49:21.220 - >>> ENTERING ChangeMapService.changeMap()
[DEBUG] 2025-09-08 21:49:21.220 - Target MapId: -1, ZoneId: -1
[DEBUG] 2025-09-08 21:49:21.220 - Player: Kuku
[DEBUG] 2025-09-08 21:49:21.221 - >>> ENTERING ChangeMapService.changeMap()
[DEBUG] 2025-09-08 21:49:21.221 - Target MapId: -1, ZoneId: -1
[DEBUG] 2025-09-08 21:49:21.221 - Player: Drabura
[DEBUG] 2025-09-08 21:49:21.221 - Target MapId: -1, ZoneId: -1
[DEBUG] 2025-09-08 21:49:21.222 - >>> ENTERING ChangeMapService.changeMap()
[DEBUG] 2025-09-08 21:49:21.223 - Player: Xên Hoàn Thiện
[DEBUG] 2025-09-08 21:49:21.223 - >>> ENTERING ChangeMapService.changeMap()
[DEBUG] 2025-09-08 21:49:21.223 - Target MapId: -1, ZoneId: -1
[DEBUG] 2025-09-08 21:49:21.223 - Player: Drabura
[DEBUG] 2025-09-08 21:49:21.224 - Target MapId: -1, ZoneId: -1
[DEBUG] 2025-09-08 21:49:21.224 - >>> ENTERING ChangeMapService.changeMap()
[DEBUG] 2025-09-08 21:49:21.224 - Player: Xên bọ hung 1
[DEBUG] 2025-09-08 21:49:21.224 - >>> ENTERING ChangeMapService.changeMap()
[DEBUG] 2025-09-08 21:49:21.225 - Target MapId: -1, ZoneId: -1
[DEBUG] 2025-09-08 21:49:21.225 - Player: Drabura
[DEBUG] 2025-09-08 21:49:21.225 - >>> ENTERING ChangeMapService.changeMap()
[DEBUG] 2025-09-08 21:49:21.225 - Target MapId: -1, ZoneId: -1
[DEBUG] 2025-09-08 21:49:21.226 - Player: King Kong
[DEBUG] 2025-09-08 21:49:21.226 - >>> ENTERING ChangeMapService.changeMap()
[DEBUG] 2025-09-08 21:49:21.226 - Target MapId: -1, ZoneId: -1
[DEBUG] 2025-09-08 21:49:21.226 - Player: Drabura
[DEBUG] 2025-09-08 21:49:21.227 - Target MapId: -1, ZoneId: -1
[DEBUG] 2025-09-08 21:49:21.227 - >>> ENTERING ChangeMapService.changeMap()
[DEBUG] 2025-09-08 21:49:21.227 - >>> ENTERING ChangeMapService.changeMap()
[DEBUG] 2025-09-08 21:49:21.227 - Player: Tiểu đội trưởng
[DEBUG] 2025-09-08 21:49:21.227 - Target MapId: -1, ZoneId: -1
[DEBUG] 2025-09-08 21:49:21.227 - Player: Drabura
[DEBUG] 2025-09-08 21:49:21.228 - >>> ENTERING ChangeMapService.changeMap()
[DEBUG] 2025-09-08 21:49:21.228 - Target MapId: -1, ZoneId: -1
[DEBUG] 2025-09-08 21:49:21.228 - Player: Tiểu đội trưởng
[DEBUG] 2025-09-08 21:49:21.228 - >>> ENTERING ChangeMapService.changeMap()
[DEBUG] 2025-09-08 21:49:21.228 - Target MapId: -1, ZoneId: -1
[DEBUG] 2025-09-08 21:49:21.229 - Player: Drabura
[DEBUG] 2025-09-08 21:49:21.229 - >>> ENTERING ChangeMapService.changeMap()
[DEBUG] 2025-09-08 21:49:21.229 - Target MapId: -1, ZoneId: -1
[DEBUG] 2025-09-08 21:49:21.229 - Player: Thỏ Đại Ka 63
[DEBUG] 2025-09-08 21:49:21.229 - >>> ENTERING ChangeMapService.changeMap()
[DEBUG] 2025-09-08 21:49:21.230 - Target MapId: -1, ZoneId: -1
[DEBUG] 2025-09-08 21:49:21.230 - Player: Drabura
[DEBUG] 2025-09-08 21:49:21.230 - >>> ENTERING ChangeMapService.changeMap()
[DEBUG] 2025-09-08 21:49:21.230 - Target MapId: -1, ZoneId: -1
[DEBUG] 2025-09-08 21:49:21.231 - Player: Thỏ Đại Ka 84
[DEBUG] 2025-09-08 21:49:21.231 - >>> ENTERING ChangeMapService.changeMap()
[DEBUG] 2025-09-08 21:49:21.231 - Target MapId: -1, ZoneId: -1
[DEBUG] 2025-09-08 21:49:21.231 - Player: Drabura
[DEBUG] 2025-09-08 21:49:21.232 - >>> ENTERING ChangeMapService.changeMap()
[DEBUG] 2025-09-08 21:49:21.232 - Target MapId: -1, ZoneId: -1
[DEBUG] 2025-09-08 21:49:21.232 - Player: Thỏ Đại Ka 70
[DEBUG] 2025-09-08 21:49:21.232 - >>> ENTERING ChangeMapService.changeMap()
[DEBUG] 2025-09-08 21:49:21.232 - Target MapId: -1, ZoneId: -1
[DEBUG] 2025-09-08 21:49:21.233 - Player: Tàu Pảy Pảy
[DEBUG] 2025-09-08 21:49:21.233 - >>> ENTERING ChangeMapService.changeMap()
[DEBUG] 2025-09-08 21:49:21.233 - Target MapId: -1, ZoneId: -1
[DEBUG] 2025-09-08 21:49:21.233 - Player: Thỏ Đại Ka 93
[DEBUG] 2025-09-08 21:49:21.234 - >>> ENTERING ChangeMapService.changeMap()
[DEBUG] 2025-09-08 21:49:21.234 - Target MapId: -1, ZoneId: -1
[DEBUG] 2025-09-08 21:49:21.234 - Player: Tàu Pảy Pảy
[DEBUG] 2025-09-08 21:49:21.234 - >>> ENTERING ChangeMapService.changeMap()
[DEBUG] 2025-09-08 21:49:21.234 - Target MapId: -1, ZoneId: -1
[DEBUG] 2025-09-08 21:49:21.235 - Player: Thỏ Đại Ka 54
[DEBUG] 2025-09-08 21:49:21.235 - >>> ENTERING ChangeMapService.changeMap()
[DEBUG] 2025-09-08 21:49:21.235 - Target MapId: -1, ZoneId: -1
[DEBUG] 2025-09-08 21:49:21.236 - Player: Tàu Pảy Pảy
[DEBUG] 2025-09-08 21:49:21.236 - >>> ENTERING ChangeMapService.changeMap()
[DEBUG] 2025-09-08 21:49:21.236 - Target MapId: -1, ZoneId: -1
[DEBUG] 2025-09-08 21:49:21.236 - Player: Ăn trộm 82
[DEBUG] 2025-09-08 21:49:21.237 - >>> ENTERING ChangeMapService.changeMap()
[DEBUG] 2025-09-08 21:49:21.237 - Target MapId: -1, ZoneId: -1
[DEBUG] 2025-09-08 21:49:21.237 - Player: Tàu Pảy Pảy
[DEBUG] 2025-09-08 21:49:21.237 - >>> ENTERING ChangeMapService.changeMap()
[DEBUG] 2025-09-08 21:49:21.237 - Target MapId: -1, ZoneId: -1
[DEBUG] 2025-09-08 21:49:21.238 - Player: Ăn trộm 88
[DEBUG] 2025-09-08 21:49:21.238 - Target MapId: -1, ZoneId: -1
[DEBUG] 2025-09-08 21:49:21.238 - >>> ENTERING ChangeMapService.changeMap()
[DEBUG] 2025-09-08 21:49:21.238 - Player: Tàu Pảy Pảy
[DEBUG] 2025-09-08 21:49:21.238 - >>> ENTERING ChangeMapService.changeMap()
[DEBUG] 2025-09-08 21:49:21.238 - Target MapId: -1, ZoneId: -1
[DEBUG] 2025-09-08 21:49:21.238 - Player: Ăn trộm 66
[DEBUG] 2025-09-08 21:49:21.238 - >>> ENTERING ChangeMapService.changeMap()
[DEBUG] 2025-09-08 21:49:21.239 - Player: Tàu Pảy Pảy
[DEBUG] 2025-09-08 21:49:21.239 - Target MapId: -1, ZoneId: -1
[DEBUG] 2025-09-08 21:49:21.240 - Target MapId: -1, ZoneId: -1
[DEBUG] 2025-09-08 21:49:21.240 - >>> ENTERING ChangeMapService.changeMap()
[DEBUG] 2025-09-08 21:49:21.240 - >>> ENTERING ChangeMapService.changeMap()
[DEBUG] 2025-09-08 21:49:21.240 - Player: Ăn trộm 97
[DEBUG] 2025-09-08 21:49:21.241 - Player: Tàu Pảy Pảy
[DEBUG] 2025-09-08 21:49:21.241 - Target MapId: -1, ZoneId: -1
[DEBUG] 2025-09-08 21:49:21.241 - Target MapId: -1, ZoneId: -1
[DEBUG] 2025-09-08 21:49:21.242 - >>> ENTERING ChangeMapService.changeMap()
[DEBUG] 2025-09-08 21:49:21.242 - >>> ENTERING ChangeMapService.changeMap()
[DEBUG] 2025-09-08 21:49:21.242 - Player: Ăn trộm 58
[DEBUG] 2025-09-08 21:49:21.242 - Player: Tàu Pảy Pảy
[DEBUG] 2025-09-08 21:49:21.243 - Target MapId: -1, ZoneId: -1
[DEBUG] 2025-09-08 21:49:21.243 - Target MapId: -1, ZoneId: -1
[DEBUG] 2025-09-08 21:49:21.243 - >>> ENTERING ChangeMapService.changeMap()
[DEBUG] 2025-09-08 21:49:21.243 - Player: Tàu Pảy Pảy
[DEBUG] 2025-09-08 21:49:21.244 - Target MapId: -1, ZoneId: -1
[DEBUG] 2025-09-08 21:49:21.244 - >>> ENTERING ChangeMapService.changeMap()
[DEBUG] 2025-09-08 21:49:21.245 - Player: Tàu Pảy Pảy
[DEBUG] 2025-09-08 21:49:21.245 - Target MapId: -1, ZoneId: -1
[DEBUG] 2025-09-08 21:49:21.245 - >>> ENTERING ChangeMapService.changeMap()
[DEBUG] 2025-09-08 21:49:21.246 - Player: Tàu Pảy Pảy
[DEBUG] 2025-09-08 21:49:21.246 - Target MapId: -1, ZoneId: -1
[DEBUG] 2025-09-08 21:49:21.246 - >>> ENTERING ChangeMapService.changeMap()
[DEBUG] 2025-09-08 21:49:21.247 - Player: Tàu Pảy Pảy
[DEBUG] 2025-09-08 21:49:21.247 - Target MapId: -1, ZoneId: -1
[DEBUG] 2025-09-08 21:49:21.247 - >>> ENTERING ChangeMapService.changeMap()
[DEBUG] 2025-09-08 21:49:21.247 - Player: Tàu Pảy Pảy
[DEBUG] 2025-09-08 21:49:21.247 - Target MapId: -1, ZoneId: -1
[DEBUG] 2025-09-08 21:49:21.247 - >>> ENTERING ChangeMapService.changeMap()
[DEBUG] 2025-09-08 21:49:21.247 - Player: Tàu Pảy Pảy
[DEBUG] 2025-09-08 21:49:21.248 - Target MapId: -1, ZoneId: -1
[DEBUG] 2025-09-08 21:49:21.248 - >>> ENTERING ChangeMapService.changeMap()
[DEBUG] 2025-09-08 21:49:21.248 - Player: Tàu Pảy Pảy
[DEBUG] 2025-09-08 21:49:21.248 - Target MapId: -1, ZoneId: -1
[DEBUG] 2025-09-08 21:49:21.248 - >>> ENTERING ChangeMapService.changeMap()
[DEBUG] 2025-09-08 21:49:21.248 - Player: Tàu Pảy Pảy
[DEBUG] 2025-09-08 21:49:21.248 - Target MapId: -1, ZoneId: -1
[DEBUG] 2025-09-08 21:49:21.248 - >>> ENTERING ChangeMapService.changeMap()
[DEBUG] 2025-09-08 21:49:21.248 - Player: Tàu Pảy Pảy
[DEBUG] 2025-09-08 21:49:21.248 - Target MapId: -1, ZoneId: -1
[DEBUG] 2025-09-08 21:49:21.249 - >>> ENTERING ChangeMapService.changeMap()
[DEBUG] 2025-09-08 21:49:21.249 - Player: Tàu Pảy Pảy
[DEBUG] 2025-09-08 21:49:21.249 - Target MapId: -1, ZoneId: -1
[DEBUG] 2025-09-08 21:49:21.249 - >>> ENTERING ChangeMapService.changeMap()
[DEBUG] 2025-09-08 21:49:21.249 - Player: Tàu Pảy Pảy
[DEBUG] 2025-09-08 21:49:21.249 - Target MapId: -1, ZoneId: -1
[DEBUG] 2025-09-08 21:49:21.249 - >>> ENTERING ChangeMapService.changeMap()
[DEBUG] 2025-09-08 21:49:21.249 - Player: Tàu Pảy Pảy
[DEBUG] 2025-09-08 21:49:21.249 - Target MapId: -1, ZoneId: -1
[DEBUG] 2025-09-08 21:49:21.249 - >>> ENTERING ChangeMapService.changeMap()
[DEBUG] 2025-09-08 21:49:21.250 - Player: Tàu Pảy Pảy
[DEBUG] 2025-09-08 21:49:21.250 - Target MapId: -1, ZoneId: -1
[DEBUG] 2025-09-08 21:49:21.250 - >>> ENTERING ChangeMapService.changeMap()
[DEBUG] 2025-09-08 21:49:21.250 - Player: Tàu Pảy Pảy
[DEBUG] 2025-09-08 21:49:21.250 - Target MapId: -1, ZoneId: -1
[DEBUG] 2025-09-08 21:49:21.250 - >>> ENTERING ChangeMapService.changeMap()
[DEBUG] 2025-09-08 21:49:21.250 - Player: Tàu Pảy Pảy
[DEBUG] 2025-09-08 21:49:21.250 - Target MapId: -1, ZoneId: -1
[DEBUG] 2025-09-08 21:49:21.250 - >>> ENTERING ChangeMapService.changeMap()
[DEBUG] 2025-09-08 21:49:21.250 - Player: Tàu Pảy Pảy
[DEBUG] 2025-09-08 21:49:21.250 - Target MapId: -1, ZoneId: -1
[DEBUG] 2025-09-08 21:49:21.250 - >>> ENTERING ChangeMapService.changeMap()
[DEBUG] 2025-09-08 21:49:21.251 - Player: Tàu Pảy Pảy
[DEBUG] 2025-09-08 21:49:21.251 - Target MapId: -1, ZoneId: -1
[DEBUG] 2025-09-08 21:49:21.251 - >>> ENTERING ChangeMapService.changeMap()
[DEBUG] 2025-09-08 21:49:21.251 - Player: Tàu Pảy Pảy
[DEBUG] 2025-09-08 21:49:21.251 - Target MapId: -1, ZoneId: -1
[DEBUG] 2025-09-08 21:49:21.346 - >>> ENTERING ChangeMapService.changeMap()
[DEBUG] 2025-09-08 21:49:21.346 - Player: Chiến binh-4
[DEBUG] 2025-09-08 21:49:21.346 - Target MapId: -1, ZoneId: -1
[DEBUG] 2025-09-08 21:49:21.347 - >>> ENTERING ChangeMapService.changeMap()
[DEBUG] 2025-09-08 21:49:21.347 - Player: Chiến binh-3
[DEBUG] 2025-09-08 21:49:21.347 - Target MapId: -1, ZoneId: -1
[DEBUG] 2025-09-08 21:49:21.347 - >>> ENTERING ChangeMapService.changeMap()
[DEBUG] 2025-09-08 21:49:21.347 - Player: Chiến binh-2
[DEBUG] 2025-09-08 21:49:21.347 - Target MapId: -1, ZoneId: -1
[DEBUG] 2025-09-08 21:49:21.347 - >>> ENTERING ChangeMapService.changeMap()
[DEBUG] 2025-09-08 21:49:21.348 - Player: Chiến binh-1
[DEBUG] 2025-09-08 21:49:21.348 - Target MapId: -1, ZoneId: -1
[DEBUG] 2025-09-08 21:49:21.348 - >>> ENTERING ChangeMapService.changeMap()
[DEBUG] 2025-09-08 21:49:21.348 - Player: Chiến binh-0
[DEBUG] 2025-09-08 21:49:21.348 - Target MapId: -1, ZoneId: -1
[DEBUG] 2025-09-08 21:49:21.349 - >>> ENTERING ChangeMapService.changeMap()
[DEBUG] 2025-09-08 21:49:21.349 - Player: Chiến binh-4
[DEBUG] 2025-09-08 21:49:21.350 - Target MapId: -1, ZoneId: -1
[DEBUG] 2025-09-08 21:49:21.350 - >>> ENTERING ChangeMapService.changeMap()
[DEBUG] 2025-09-08 21:49:21.351 - Player: Chiến binh-3
[DEBUG] 2025-09-08 21:49:21.352 - Target MapId: -1, ZoneId: -1
[DEBUG] 2025-09-08 21:49:21.352 - >>> ENTERING ChangeMapService.changeMap()
[DEBUG] 2025-09-08 21:49:21.352 - Player: Chiến binh-2
[DEBUG] 2025-09-08 21:49:21.353 - Target MapId: -1, ZoneId: -1
[DEBUG] 2025-09-08 21:49:21.353 - >>> ENTERING ChangeMapService.changeMap()
[DEBUG] 2025-09-08 21:49:21.353 - Player: Chiến binh-1
[DEBUG] 2025-09-08 21:49:21.354 - Target MapId: -1, ZoneId: -1
[DEBUG] 2025-09-08 21:49:21.354 - >>> ENTERING ChangeMapService.changeMap()
[DEBUG] 2025-09-08 21:49:21.354 - Player: Chiến binh-0
[DEBUG] 2025-09-08 21:49:21.354 - Target MapId: -1, ZoneId: -1
[DEBUG] 2025-09-08 21:49:21.354 - >>> ENTERING ChangeMapService.changeMap()
[DEBUG] 2025-09-08 21:49:21.354 - Player: Chiến binh-4
[DEBUG] 2025-09-08 21:49:21.354 - Target MapId: -1, ZoneId: -1
[DEBUG] 2025-09-08 21:49:21.354 - >>> ENTERING ChangeMapService.changeMap()
[DEBUG] 2025-09-08 21:49:21.355 - Player: Chiến binh-3
[DEBUG] 2025-09-08 21:49:21.355 - Target MapId: -1, ZoneId: -1
[DEBUG] 2025-09-08 21:49:21.355 - >>> ENTERING ChangeMapService.changeMap()
[DEBUG] 2025-09-08 21:49:21.355 - Player: Chiến binh-2
[DEBUG] 2025-09-08 21:49:21.355 - Target MapId: -1, ZoneId: -1
[DEBUG] 2025-09-08 21:49:21.356 - >>> ENTERING ChangeMapService.changeMap()
[DEBUG] 2025-09-08 21:49:21.357 - Player: Chiến binh-1
[DEBUG] 2025-09-08 21:49:21.358 - Target MapId: -1, ZoneId: -1
[DEBUG] 2025-09-08 21:49:21.359 - >>> ENTERING ChangeMapService.changeMap()
[DEBUG] 2025-09-08 21:49:21.360 - Player: Chiến binh-0
[DEBUG] 2025-09-08 21:49:21.362 - Target MapId: -1, ZoneId: -1
[DEBUG] 2025-09-08 21:49:21.362 - >>> ENTERING ChangeMapService.changeMap()
[DEBUG] 2025-09-08 21:49:21.362 - Player: Chiến binh-4
[DEBUG] 2025-09-08 21:49:21.363 - Target MapId: -1, ZoneId: -1
[DEBUG] 2025-09-08 21:49:21.363 - >>> ENTERING ChangeMapService.changeMap()
[DEBUG] 2025-09-08 21:49:21.363 - Player: Chiến binh-3
[DEBUG] 2025-09-08 21:49:21.364 - Target MapId: -1, ZoneId: -1
[DEBUG] 2025-09-08 21:49:21.364 - >>> ENTERING ChangeMapService.changeMap()
[DEBUG] 2025-09-08 21:49:21.364 - Player: Chiến binh-2
[DEBUG] 2025-09-08 21:49:21.365 - Target MapId: -1, ZoneId: -1
[DEBUG] 2025-09-08 21:49:21.366 - >>> ENTERING ChangeMapService.changeMap()
[DEBUG] 2025-09-08 21:49:21.366 - Player: Chiến binh-1
[DEBUG] 2025-09-08 21:49:21.367 - Target MapId: -1, ZoneId: -1
[DEBUG] 2025-09-08 21:49:21.368 - >>> ENTERING ChangeMapService.changeMap()
[DEBUG] 2025-09-08 21:49:21.368 - Player: Chiến binh-0
[DEBUG] 2025-09-08 21:49:21.368 - Target MapId: -1, ZoneId: -1
[DEBUG] 2025-09-08 21:49:21.369 - >>> ENTERING ChangeMapService.changeMap()
[DEBUG] 2025-09-08 21:49:21.369 - Player: Chiến binh-4
[DEBUG] 2025-09-08 21:49:21.369 - Target MapId: -1, ZoneId: -1
[DEBUG] 2025-09-08 21:49:21.370 - >>> ENTERING ChangeMapService.changeMap()
[DEBUG] 2025-09-08 21:49:21.370 - Player: Chiến binh-3
[DEBUG] 2025-09-08 21:49:21.370 - Target MapId: -1, ZoneId: -1
[DEBUG] 2025-09-08 21:49:21.370 - >>> ENTERING ChangeMapService.changeMap()
[DEBUG] 2025-09-08 21:49:21.372 - Player: Chiến binh-2
[DEBUG] 2025-09-08 21:49:21.372 - Target MapId: -1, ZoneId: -1
[DEBUG] 2025-09-08 21:49:21.372 - >>> ENTERING ChangeMapService.changeMap()
[DEBUG] 2025-09-08 21:49:21.372 - Player: Chiến binh-1
[DEBUG] 2025-09-08 21:49:21.373 - Target MapId: -1, ZoneId: -1
[DEBUG] 2025-09-08 21:49:21.373 - >>> ENTERING ChangeMapService.changeMap()
[DEBUG] 2025-09-08 21:49:21.373 - Player: Chiến binh-0
[DEBUG] 2025-09-08 21:49:21.373 - Target MapId: -1, ZoneId: -1
[DEBUG] 2025-09-08 21:49:21.374 - >>> ENTERING ChangeMapService.changeMap()
[DEBUG] 2025-09-08 21:49:21.374 - Player: Chiến binh-4
[DEBUG] 2025-09-08 21:49:21.374 - Target MapId: -1, ZoneId: -1
[DEBUG] 2025-09-08 21:49:21.375 - >>> ENTERING ChangeMapService.changeMap()
[DEBUG] 2025-09-08 21:49:21.376 - Player: Chiến binh-3
[DEBUG] 2025-09-08 21:49:21.376 - Target MapId: -1, ZoneId: -1
[DEBUG] 2025-09-08 21:49:21.376 - >>> ENTERING ChangeMapService.changeMap()
[DEBUG] 2025-09-08 21:49:21.376 - Player: Chiến binh-2
[DEBUG] 2025-09-08 21:49:21.376 - Target MapId: -1, ZoneId: -1
[DEBUG] 2025-09-08 21:49:21.377 - >>> ENTERING ChangeMapService.changeMap()
[DEBUG] 2025-09-08 21:49:21.377 - Player: Chiến binh-1
[DEBUG] 2025-09-08 21:49:21.377 - Target MapId: -1, ZoneId: -1
[DEBUG] 2025-09-08 21:49:21.377 - >>> ENTERING ChangeMapService.changeMap()
[DEBUG] 2025-09-08 21:49:21.377 - Player: Chiến binh-0
[DEBUG] 2025-09-08 21:49:21.377 - Target MapId: -1, ZoneId: -1
[DEBUG] 2025-09-08 21:49:21.377 - >>> ENTERING ChangeMapService.changeMap()
[DEBUG] 2025-09-08 21:49:21.377 - Player: Chiến binh-4
[DEBUG] 2025-09-08 21:49:21.378 - Target MapId: -1, ZoneId: -1
[DEBUG] 2025-09-08 21:49:21.378 - >>> ENTERING ChangeMapService.changeMap()
[DEBUG] 2025-09-08 21:49:21.378 - Player: Chiến binh-3
[DEBUG] 2025-09-08 21:49:21.378 - Target MapId: -1, ZoneId: -1
[DEBUG] 2025-09-08 21:49:21.378 - >>> ENTERING ChangeMapService.changeMap()
[DEBUG] 2025-09-08 21:49:21.378 - Player: Chiến binh-2
[DEBUG] 2025-09-08 21:49:21.378 - Target MapId: -1, ZoneId: -1
[DEBUG] 2025-09-08 21:49:21.378 - >>> ENTERING ChangeMapService.changeMap()
[DEBUG] 2025-09-08 21:49:21.378 - Player: Chiến binh-1
[DEBUG] 2025-09-08 21:49:21.379 - Target MapId: -1, ZoneId: -1
[DEBUG] 2025-09-08 21:49:21.379 - >>> ENTERING ChangeMapService.changeMap()
[DEBUG] 2025-09-08 21:49:21.379 - Player: Chiến binh-0
[DEBUG] 2025-09-08 21:49:21.379 - Target MapId: -1, ZoneId: -1
[DEBUG] 2025-09-08 21:49:21.379 - >>> ENTERING ChangeMapService.changeMap()
[DEBUG] 2025-09-08 21:49:21.379 - Player: Chiến binh-4
[DEBUG] 2025-09-08 21:49:21.379 - Target MapId: -1, ZoneId: -1
[DEBUG] 2025-09-08 21:49:21.379 - >>> ENTERING ChangeMapService.changeMap()
[DEBUG] 2025-09-08 21:49:21.379 - Player: Chiến binh-3
[DEBUG] 2025-09-08 21:49:21.380 - Target MapId: -1, ZoneId: -1
[DEBUG] 2025-09-08 21:49:21.380 - >>> ENTERING ChangeMapService.changeMap()
[DEBUG] 2025-09-08 21:49:21.380 - Player: Chiến binh-2
[DEBUG] 2025-09-08 21:49:21.380 - Target MapId: -1, ZoneId: -1
[DEBUG] 2025-09-08 21:49:21.380 - >>> ENTERING ChangeMapService.changeMap()
[DEBUG] 2025-09-08 21:49:21.380 - Player: Chiến binh-1
[DEBUG] 2025-09-08 21:49:21.380 - Target MapId: -1, ZoneId: -1
[DEBUG] 2025-09-08 21:49:21.380 - >>> ENTERING ChangeMapService.changeMap()
[DEBUG] 2025-09-08 21:49:21.380 - Player: Chiến binh-0
[DEBUG] 2025-09-08 21:49:21.380 - Target MapId: -1, ZoneId: -1
[DEBUG] 2025-09-08 21:49:21.380 - >>> ENTERING ChangeMapService.changeMap()
[DEBUG] 2025-09-08 21:49:21.380 - Player: Chiến binh-4
[DEBUG] 2025-09-08 21:49:21.380 - Target MapId: -1, ZoneId: -1
[DEBUG] 2025-09-08 21:49:21.381 - >>> ENTERING ChangeMapService.changeMap()
[DEBUG] 2025-09-08 21:49:21.381 - Player: Chiến binh-3
[DEBUG] 2025-09-08 21:49:21.381 - Target MapId: -1, ZoneId: -1
[DEBUG] 2025-09-08 21:49:21.381 - >>> ENTERING ChangeMapService.changeMap()
[DEBUG] 2025-09-08 21:49:21.381 - Player: Chiến binh-2
[DEBUG] 2025-09-08 21:49:21.382 - Target MapId: -1, ZoneId: -1
[DEBUG] 2025-09-08 21:49:21.382 - >>> ENTERING ChangeMapService.changeMap()
[DEBUG] 2025-09-08 21:49:21.382 - Player: Chiến binh-1
[DEBUG] 2025-09-08 21:49:21.382 - Target MapId: -1, ZoneId: -1
[DEBUG] 2025-09-08 21:49:21.382 - >>> ENTERING ChangeMapService.changeMap()
[DEBUG] 2025-09-08 21:49:21.382 - Player: Chiến binh-0
[DEBUG] 2025-09-08 21:49:21.382 - Target MapId: -1, ZoneId: -1
[DEBUG] 2025-09-08 21:49:21.383 - >>> ENTERING ChangeMapService.changeMap()
[DEBUG] 2025-09-08 21:49:21.383 - Player: Chiến binh-4
[DEBUG] 2025-09-08 21:49:21.383 - Target MapId: -1, ZoneId: -1
[DEBUG] 2025-09-08 21:49:21.384 - >>> ENTERING ChangeMapService.changeMap()
[DEBUG] 2025-09-08 21:49:21.384 - Player: Chiến binh-3
[DEBUG] 2025-09-08 21:49:21.384 - Target MapId: -1, ZoneId: -1
[DEBUG] 2025-09-08 21:49:21.384 - >>> ENTERING ChangeMapService.changeMap()
[DEBUG] 2025-09-08 21:49:21.384 - Player: Chiến binh-2
[DEBUG] 2025-09-08 21:49:21.384 - Target MapId: -1, ZoneId: -1
[DEBUG] 2025-09-08 21:49:21.384 - >>> ENTERING ChangeMapService.changeMap()
[DEBUG] 2025-09-08 21:49:21.385 - Player: Chiến binh-1
[DEBUG] 2025-09-08 21:49:21.385 - Target MapId: -1, ZoneId: -1
[DEBUG] 2025-09-08 21:49:21.385 - >>> ENTERING ChangeMapService.changeMap()
[DEBUG] 2025-09-08 21:49:21.385 - Player: Chiến binh-0
[DEBUG] 2025-09-08 21:49:21.385 - Target MapId: -1, ZoneId: -1
[DEBUG] 2025-09-08 21:49:21.385 - >>> ENTERING ChangeMapService.changeMap()
[DEBUG] 2025-09-08 21:49:21.385 - Player: Chiến binh-4
[DEBUG] 2025-09-08 21:49:21.385 - Target MapId: -1, ZoneId: -1
[DEBUG] 2025-09-08 21:49:21.385 - >>> ENTERING ChangeMapService.changeMap()
[DEBUG] 2025-09-08 21:49:21.386 - Player: Chiến binh-3
[DEBUG] 2025-09-08 21:49:21.386 - Target MapId: -1, ZoneId: -1
[DEBUG] 2025-09-08 21:49:21.387 - >>> ENTERING ChangeMapService.changeMap()
[DEBUG] 2025-09-08 21:49:21.387 - Player: Chiến binh-2
[DEBUG] 2025-09-08 21:49:21.388 - Target MapId: -1, ZoneId: -1
[DEBUG] 2025-09-08 21:49:21.388 - >>> ENTERING ChangeMapService.changeMap()
[DEBUG] 2025-09-08 21:49:21.388 - Player: Chiến binh-1
[DEBUG] 2025-09-08 21:49:21.390 - Target MapId: -1, ZoneId: -1
[DEBUG] 2025-09-08 21:49:21.390 - >>> ENTERING ChangeMapService.changeMap()
[DEBUG] 2025-09-08 21:49:21.391 - Player: Chiến binh-0
[DEBUG] 2025-09-08 21:49:21.391 - Target MapId: -1, ZoneId: -1
[DEBUG] 2025-09-08 21:49:21.392 - >>> ENTERING ChangeMapService.changeMap()
[DEBUG] 2025-09-08 21:49:21.392 - Player: Chiến binh-4
[DEBUG] 2025-09-08 21:49:21.392 - Target MapId: -1, ZoneId: -1
[DEBUG] 2025-09-08 21:49:21.392 - >>> ENTERING ChangeMapService.changeMap()
[DEBUG] 2025-09-08 21:49:21.392 - Player: Chiến binh-3
[DEBUG] 2025-09-08 21:49:21.393 - Target MapId: -1, ZoneId: -1
[DEBUG] 2025-09-08 21:49:21.393 - >>> ENTERING ChangeMapService.changeMap()
[DEBUG] 2025-09-08 21:49:21.393 - Player: Chiến binh-2
[DEBUG] 2025-09-08 21:49:21.393 - Target MapId: -1, ZoneId: -1
[DEBUG] 2025-09-08 21:49:21.393 - >>> ENTERING ChangeMapService.changeMap()
[DEBUG] 2025-09-08 21:49:21.393 - Player: Chiến binh-1
[DEBUG] 2025-09-08 21:49:21.393 - Target MapId: -1, ZoneId: -1
[DEBUG] 2025-09-08 21:49:21.393 - >>> ENTERING ChangeMapService.changeMap()
[DEBUG] 2025-09-08 21:49:21.393 - Player: Chiến binh-0
[DEBUG] 2025-09-08 21:49:21.394 - Target MapId: -1, ZoneId: -1
[DEBUG] 2025-09-08 21:49:21.394 - >>> ENTERING ChangeMapService.changeMap()
[DEBUG] 2025-09-08 21:49:21.394 - Player: Chiến binh-4
[DEBUG] 2025-09-08 21:49:21.394 - Target MapId: -1, ZoneId: -1
[DEBUG] 2025-09-08 21:49:21.394 - >>> ENTERING ChangeMapService.changeMap()
[DEBUG] 2025-09-08 21:49:21.395 - Player: Chiến binh-3
[DEBUG] 2025-09-08 21:49:21.395 - >>> ENTERING ChangeMapService.changeMap()
[DEBUG] 2025-09-08 21:49:21.395 - Target MapId: -1, ZoneId: -1
[DEBUG] 2025-09-08 21:49:21.396 - Player: Android 19
[DEBUG] 2025-09-08 21:49:21.396 - >>> ENTERING ChangeMapService.changeMap()
[DEBUG] 2025-09-08 21:49:21.396 - Target MapId: -1, ZoneId: -1
[DEBUG] 2025-09-08 21:49:21.396 - Player: Chiến binh-2
[DEBUG] 2025-09-08 21:49:21.397 - Target MapId: -1, ZoneId: -1
[DEBUG] 2025-09-08 21:49:21.397 - >>> ENTERING ChangeMapService.changeMap()
[DEBUG] 2025-09-08 21:49:21.397 - Player: Android 15
[DEBUG] 2025-09-08 21:49:21.397 - >>> ENTERING ChangeMapService.changeMap()
[DEBUG] 2025-09-08 21:49:21.397 - Target MapId: -1, ZoneId: -1
[DEBUG] 2025-09-08 21:49:21.397 - Player: Chiến binh-1
[DEBUG] 2025-09-08 21:49:21.398 - Target MapId: -1, ZoneId: -1
[DEBUG] 2025-09-08 21:49:21.398 - >>> ENTERING ChangeMapService.changeMap()
[DEBUG] 2025-09-08 21:49:21.398 - >>> ENTERING ChangeMapService.changeMap()
[DEBUG] 2025-09-08 21:49:21.399 - Player: Chiến binh-0
[DEBUG] 2025-09-08 21:49:21.399 - Player: Poc
[DEBUG] 2025-09-08 21:49:21.399 - Target MapId: -1, ZoneId: -1
[DEBUG] 2025-09-08 21:49:21.399 - Target MapId: -1, ZoneId: -1
[DEBUG] 2025-09-08 21:49:21.399 - >>> ENTERING ChangeMapService.changeMap()
[DEBUG] 2025-09-08 21:49:21.400 - >>> ENTERING ChangeMapService.changeMap()
[DEBUG] 2025-09-08 21:49:21.400 - Player: Chiến binh-4
[DEBUG] 2025-09-08 21:49:21.401 - Player: Pic
[DEBUG] 2025-09-08 21:49:21.401 - Target MapId: -1, ZoneId: -1
[DEBUG] 2025-09-08 21:49:21.401 - Target MapId: -1, ZoneId: -1
[DEBUG] 2025-09-08 21:49:21.401 - >>> ENTERING ChangeMapService.changeMap()
[DEBUG] 2025-09-08 21:49:21.401 - Player: Chiến binh-3
[DEBUG] 2025-09-08 21:49:21.402 - Target MapId: -1, ZoneId: -1
[DEBUG] 2025-09-08 21:49:21.402 - >>> ENTERING ChangeMapService.changeMap()
[DEBUG] 2025-09-08 21:49:21.402 - Player: Số 1
[DEBUG] 2025-09-08 21:49:21.402 - >>> ENTERING ChangeMapService.changeMap()
[DEBUG] 2025-09-08 21:49:21.403 - Target MapId: -1, ZoneId: -1
[DEBUG] 2025-09-08 21:49:21.403 - Player: Chiến binh-2
[DEBUG] 2025-09-08 21:49:21.403 - Target MapId: -1, ZoneId: -1
[DEBUG] 2025-09-08 21:49:21.403 - >>> ENTERING ChangeMapService.changeMap()
[DEBUG] 2025-09-08 21:49:21.404 - Player: Số 2
[DEBUG] 2025-09-08 21:49:21.404 - >>> ENTERING ChangeMapService.changeMap()
[DEBUG] 2025-09-08 21:49:21.404 - Target MapId: -1, ZoneId: -1
[DEBUG] 2025-09-08 21:49:21.404 - Player: Chiến binh-1
[DEBUG] 2025-09-08 21:49:21.404 - Target MapId: -1, ZoneId: -1
[DEBUG] 2025-09-08 21:49:21.404 - >>> ENTERING ChangeMapService.changeMap()
[DEBUG] 2025-09-08 21:49:21.405 - Player: Số 3
[DEBUG] 2025-09-08 21:49:21.405 - >>> ENTERING ChangeMapService.changeMap()
[DEBUG] 2025-09-08 21:49:21.405 - Target MapId: -1, ZoneId: -1
[DEBUG] 2025-09-08 21:49:21.405 - Player: Chiến binh-0
[DEBUG] 2025-09-08 21:49:21.407 - Target MapId: -1, ZoneId: -1
[DEBUG] 2025-09-08 21:49:21.407 - >>> ENTERING ChangeMapService.changeMap()
[DEBUG] 2025-09-08 21:49:21.407 - >>> ENTERING ChangeMapService.changeMap()
[DEBUG] 2025-09-08 21:49:21.407 - Player: Chiến binh-4
[DEBUG] 2025-09-08 21:49:21.408 - Player: Số 4
[DEBUG] 2025-09-08 21:49:21.408 - Target MapId: -1, ZoneId: -1
[DEBUG] 2025-09-08 21:49:21.408 - Target MapId: -1, ZoneId: -1
[DEBUG] 2025-09-08 21:49:21.408 - >>> ENTERING ChangeMapService.changeMap()
[DEBUG] 2025-09-08 21:49:21.408 - >>> ENTERING ChangeMapService.changeMap()
[DEBUG] 2025-09-08 21:49:21.408 - Player: Số 4
[DEBUG] 2025-09-08 21:49:21.410 - Player: Chiến binh-3
[DEBUG] 2025-09-08 21:49:21.410 - Target MapId: -1, ZoneId: -1
[DEBUG] 2025-09-08 21:49:21.410 - Target MapId: -1, ZoneId: -1
[DEBUG] 2025-09-08 21:49:21.410 - >>> ENTERING ChangeMapService.changeMap()
[DEBUG] 2025-09-08 21:49:21.410 - Player: Chiến binh-2
[DEBUG] 2025-09-08 21:49:21.410 - >>> ENTERING ChangeMapService.changeMap()
[DEBUG] 2025-09-08 21:49:21.411 - Target MapId: -1, ZoneId: -1
[DEBUG] 2025-09-08 21:49:21.411 - Player: Số 3
[DEBUG] 2025-09-08 21:49:21.411 - Target MapId: -1, ZoneId: -1
[DEBUG] 2025-09-08 21:49:21.411 - >>> ENTERING ChangeMapService.changeMap()
[DEBUG] 2025-09-08 21:49:21.412 - Player: Chiến binh-1
[DEBUG] 2025-09-08 21:49:21.412 - >>> ENTERING ChangeMapService.changeMap()
[DEBUG] 2025-09-08 21:49:21.412 - Target MapId: -1, ZoneId: -1
[DEBUG] 2025-09-08 21:49:21.412 - Player: Số 1
[DEBUG] 2025-09-08 21:49:21.413 - Target MapId: -1, ZoneId: -1
[DEBUG] 2025-09-08 21:49:21.413 - >>> ENTERING ChangeMapService.changeMap()
[DEBUG] 2025-09-08 21:49:21.413 - >>> ENTERING ChangeMapService.changeMap()
[DEBUG] 2025-09-08 21:49:21.413 - Player: Số 2
[DEBUG] 2025-09-08 21:49:21.413 - Player: Chiến binh-0
[DEBUG] 2025-09-08 21:49:21.414 - Target MapId: -1, ZoneId: -1
[DEBUG] 2025-09-08 21:49:21.414 - Target MapId: -1, ZoneId: -1
[DEBUG] 2025-09-08 21:49:21.414 - >>> ENTERING ChangeMapService.changeMap()
[DEBUG] 2025-09-08 21:49:21.415 - Player: Tân binh-4
[DEBUG] 2025-09-08 21:49:21.415 - Target MapId: -1, ZoneId: -1
[DEBUG] 2025-09-08 21:49:21.416 - >>> ENTERING ChangeMapService.changeMap()
[DEBUG] 2025-09-08 21:49:21.416 - Player: Tân binh-3
[DEBUG] 2025-09-08 21:49:21.417 - Target MapId: -1, ZoneId: -1
[DEBUG] 2025-09-08 21:49:21.417 - >>> ENTERING ChangeMapService.changeMap()
[DEBUG] 2025-09-08 21:49:21.417 - Player: Tân binh-2
[DEBUG] 2025-09-08 21:49:21.418 - Target MapId: -1, ZoneId: -1
[DEBUG] 2025-09-08 21:49:21.418 - >>> ENTERING ChangeMapService.changeMap()
[DEBUG] 2025-09-08 21:49:21.418 - Player: Tân binh-1
[DEBUG] 2025-09-08 21:49:21.419 - Target MapId: -1, ZoneId: -1
[DEBUG] 2025-09-08 21:49:21.419 - >>> ENTERING ChangeMapService.changeMap()
[DEBUG] 2025-09-08 21:49:21.419 - Player: Tân binh-0
[DEBUG] 2025-09-08 21:49:21.420 - Target MapId: -1, ZoneId: -1
[DEBUG] 2025-09-08 21:49:21.420 - >>> ENTERING ChangeMapService.changeMap()
[DEBUG] 2025-09-08 21:49:21.420 - Player: Tân binh-4
[DEBUG] 2025-09-08 21:49:21.420 - Target MapId: -1, ZoneId: -1
[DEBUG] 2025-09-08 21:49:21.420 - >>> ENTERING ChangeMapService.changeMap()
[DEBUG] 2025-09-08 21:49:21.420 - Player: Tân binh-3
[DEBUG] 2025-09-08 21:49:21.422 - Target MapId: -1, ZoneId: -1
[DEBUG] 2025-09-08 21:49:21.422 - >>> ENTERING ChangeMapService.changeMap()
[DEBUG] 2025-09-08 21:49:21.422 - Player: Tân binh-2
[DEBUG] 2025-09-08 21:49:21.423 - Target MapId: -1, ZoneId: -1
[DEBUG] 2025-09-08 21:49:21.423 - >>> ENTERING ChangeMapService.changeMap()
[DEBUG] 2025-09-08 21:49:21.424 - Player: Tân binh-1
[DEBUG] 2025-09-08 21:49:21.424 - Target MapId: -1, ZoneId: -1
[DEBUG] 2025-09-08 21:49:21.425 - >>> ENTERING ChangeMapService.changeMap()
[DEBUG] 2025-09-08 21:49:21.425 - Player: Tân binh-0
[DEBUG] 2025-09-08 21:49:21.425 - Target MapId: -1, ZoneId: -1
[DEBUG] 2025-09-08 21:49:21.425 - >>> ENTERING ChangeMapService.changeMap()
[DEBUG] 2025-09-08 21:49:21.426 - Player: Tân binh-4
[DEBUG] 2025-09-08 21:49:21.426 - Target MapId: -1, ZoneId: -1
[DEBUG] 2025-09-08 21:49:21.426 - >>> ENTERING ChangeMapService.changeMap()
[DEBUG] 2025-09-08 21:49:21.426 - Player: Tân binh-3
[DEBUG] 2025-09-08 21:49:21.426 - Target MapId: -1, ZoneId: -1
[DEBUG] 2025-09-08 21:49:21.427 - >>> ENTERING ChangeMapService.changeMap()
[DEBUG] 2025-09-08 21:49:21.427 - Player: Tân binh-2
[DEBUG] 2025-09-08 21:49:21.428 - Target MapId: -1, ZoneId: -1
[DEBUG] 2025-09-08 21:49:21.428 - >>> ENTERING ChangeMapService.changeMap()
[DEBUG] 2025-09-08 21:49:21.428 - Player: Tân binh-1
[DEBUG] 2025-09-08 21:49:21.428 - Target MapId: -1, ZoneId: -1
[DEBUG] 2025-09-08 21:49:21.430 - >>> ENTERING ChangeMapService.changeMap()
[DEBUG] 2025-09-08 21:49:21.430 - Player: Tân binh-0
[DEBUG] 2025-09-08 21:49:21.430 - Target MapId: -1, ZoneId: -1
[DEBUG] 2025-09-08 21:49:21.431 - >>> ENTERING ChangeMapService.changeMap()
[DEBUG] 2025-09-08 21:49:21.431 - Player: Tân binh-4
[DEBUG] 2025-09-08 21:49:21.431 - Target MapId: -1, ZoneId: -1
[DEBUG] 2025-09-08 21:49:21.432 - >>> ENTERING ChangeMapService.changeMap()
[DEBUG] 2025-09-08 21:49:21.432 - Player: Tân binh-3
[DEBUG] 2025-09-08 21:49:21.432 - Target MapId: -1, ZoneId: -1
[DEBUG] 2025-09-08 21:49:21.432 - >>> ENTERING ChangeMapService.changeMap()
[DEBUG] 2025-09-08 21:49:21.433 - Player: Tân binh-2
[DEBUG] 2025-09-08 21:49:21.433 - Target MapId: -1, ZoneId: -1
[DEBUG] 2025-09-08 21:49:21.433 - >>> ENTERING ChangeMapService.changeMap()
[DEBUG] 2025-09-08 21:49:21.433 - Player: Tân binh-1
[DEBUG] 2025-09-08 21:49:21.434 - Target MapId: -1, ZoneId: -1
[DEBUG] 2025-09-08 21:49:21.434 - >>> ENTERING ChangeMapService.changeMap()
[DEBUG] 2025-09-08 21:49:21.435 - Player: Tân binh-0
[DEBUG] 2025-09-08 21:49:21.435 - Target MapId: -1, ZoneId: -1
[DEBUG] 2025-09-08 21:49:21.435 - >>> ENTERING ChangeMapService.changeMap()
[DEBUG] 2025-09-08 21:49:21.436 - Player: Tân binh-4
[DEBUG] 2025-09-08 21:49:21.436 - Target MapId: -1, ZoneId: -1
[DEBUG] 2025-09-08 21:49:21.436 - >>> ENTERING ChangeMapService.changeMap()
[DEBUG] 2025-09-08 21:49:21.437 - Player: Tân binh-3
[DEBUG] 2025-09-08 21:49:21.437 - Target MapId: -1, ZoneId: -1
[DEBUG] 2025-09-08 21:49:21.437 - >>> ENTERING ChangeMapService.changeMap()
[DEBUG] 2025-09-08 21:49:21.437 - Player: Tân binh-2
[DEBUG] 2025-09-08 21:49:21.437 - Target MapId: -1, ZoneId: -1
[DEBUG] 2025-09-08 21:49:21.438 - >>> ENTERING ChangeMapService.changeMap()
[DEBUG] 2025-09-08 21:49:21.438 - Player: Tân binh-1
[DEBUG] 2025-09-08 21:49:21.438 - Target MapId: -1, ZoneId: -1
[DEBUG] 2025-09-08 21:49:21.438 - >>> ENTERING ChangeMapService.changeMap()
[DEBUG] 2025-09-08 21:49:21.440 - Player: Tân binh-0
[DEBUG] 2025-09-08 21:49:21.440 - Target MapId: -1, ZoneId: -1
[DEBUG] 2025-09-08 21:49:21.440 - >>> ENTERING ChangeMapService.changeMap()
[DEBUG] 2025-09-08 21:49:21.441 - Player: Tân binh-4
[DEBUG] 2025-09-08 21:49:21.441 - Target MapId: -1, ZoneId: -1
[DEBUG] 2025-09-08 21:49:21.442 - >>> ENTERING ChangeMapService.changeMap()
[DEBUG] 2025-09-08 21:49:21.442 - Player: Tân binh-3
[DEBUG] 2025-09-08 21:49:21.442 - Target MapId: -1, ZoneId: -1
[DEBUG] 2025-09-08 21:49:21.443 - >>> ENTERING ChangeMapService.changeMap()
[DEBUG] 2025-09-08 21:49:21.444 - Player: Tân binh-2
[DEBUG] 2025-09-08 21:49:21.444 - Target MapId: -1, ZoneId: -1
[DEBUG] 2025-09-08 21:49:21.444 - >>> ENTERING ChangeMapService.changeMap()
[DEBUG] 2025-09-08 21:49:21.445 - Player: Tân binh-1
[DEBUG] 2025-09-08 21:49:21.445 - Target MapId: -1, ZoneId: -1
[DEBUG] 2025-09-08 21:49:21.445 - >>> ENTERING ChangeMapService.changeMap()
[DEBUG] 2025-09-08 21:49:21.446 - Player: Tân binh-0
[DEBUG] 2025-09-08 21:49:21.446 - Target MapId: -1, ZoneId: -1
[DEBUG] 2025-09-08 21:49:21.447 - >>> ENTERING ChangeMapService.changeMap()
[DEBUG] 2025-09-08 21:49:21.447 - Player: Tân binh-4
[DEBUG] 2025-09-08 21:49:21.447 - Target MapId: -1, ZoneId: -1
[DEBUG] 2025-09-08 21:49:21.448 - >>> ENTERING ChangeMapService.changeMap()
[DEBUG] 2025-09-08 21:49:21.448 - Player: Tân binh-3
[DEBUG] 2025-09-08 21:49:21.449 - Target MapId: -1, ZoneId: -1
[DEBUG] 2025-09-08 21:49:21.449 - >>> ENTERING ChangeMapService.changeMap()
[DEBUG] 2025-09-08 21:49:21.449 - Player: Tân binh-2
[DEBUG] 2025-09-08 21:49:21.450 - Target MapId: -1, ZoneId: -1
[DEBUG] 2025-09-08 21:49:21.450 - >>> ENTERING ChangeMapService.changeMap()
[DEBUG] 2025-09-08 21:49:21.450 - Player: Tân binh-1
[DEBUG] 2025-09-08 21:49:21.450 - Target MapId: -1, ZoneId: -1
[DEBUG] 2025-09-08 21:49:21.451 - >>> ENTERING ChangeMapService.changeMap()
[DEBUG] 2025-09-08 21:49:21.451 - Player: Tân binh-0
[DEBUG] 2025-09-08 21:49:21.452 - Target MapId: -1, ZoneId: -1
[DEBUG] 2025-09-08 21:49:21.452 - >>> ENTERING ChangeMapService.changeMap()
[DEBUG] 2025-09-08 21:49:21.452 - Player: Tân binh-4
[DEBUG] 2025-09-08 21:49:21.453 - Target MapId: -1, ZoneId: -1
[DEBUG] 2025-09-08 21:49:21.453 - >>> ENTERING ChangeMapService.changeMap()
[DEBUG] 2025-09-08 21:49:21.454 - Player: Tân binh-3
[DEBUG] 2025-09-08 21:49:21.454 - Target MapId: -1, ZoneId: -1
[DEBUG] 2025-09-08 21:49:21.454 - >>> ENTERING ChangeMapService.changeMap()
[DEBUG] 2025-09-08 21:49:21.455 - Player: Tân binh-2
[DEBUG] 2025-09-08 21:49:21.455 - Target MapId: -1, ZoneId: -1
[DEBUG] 2025-09-08 21:49:21.455 - >>> ENTERING ChangeMapService.changeMap()
[DEBUG] 2025-09-08 21:49:21.456 - Player: Tân binh-1
[DEBUG] 2025-09-08 21:49:21.456 - Target MapId: -1, ZoneId: -1
[DEBUG] 2025-09-08 21:49:21.457 - >>> ENTERING ChangeMapService.changeMap()
[DEBUG] 2025-09-08 21:49:21.457 - Player: Tân binh-0
[DEBUG] 2025-09-08 21:49:21.457 - Target MapId: -1, ZoneId: -1
[DEBUG] 2025-09-08 21:49:21.458 - >>> ENTERING ChangeMapService.changeMap()
[DEBUG] 2025-09-08 21:49:21.458 - Player: Tân binh-4
[DEBUG] 2025-09-08 21:49:21.458 - Target MapId: -1, ZoneId: -1
[DEBUG] 2025-09-08 21:49:21.458 - >>> ENTERING ChangeMapService.changeMap()
[DEBUG] 2025-09-08 21:49:21.460 - Player: Tân binh-3
[DEBUG] 2025-09-08 21:49:21.460 - Target MapId: -1, ZoneId: -1
[DEBUG] 2025-09-08 21:49:21.460 - >>> ENTERING ChangeMapService.changeMap()
[DEBUG] 2025-09-08 21:49:21.461 - Player: Tân binh-2
[DEBUG] 2025-09-08 21:49:21.461 - Target MapId: -1, ZoneId: -1
[DEBUG] 2025-09-08 21:49:21.461 - >>> ENTERING ChangeMapService.changeMap()
[DEBUG] 2025-09-08 21:49:21.462 - Player: Tân binh-1
[DEBUG] 2025-09-08 21:49:21.462 - Target MapId: -1, ZoneId: -1
[DEBUG] 2025-09-08 21:49:21.462 - >>> ENTERING ChangeMapService.changeMap()
[DEBUG] 2025-09-08 21:49:21.463 - Player: Tân binh-0
[DEBUG] 2025-09-08 21:49:21.463 - Target MapId: -1, ZoneId: -1
[DEBUG] 2025-09-08 21:49:21.464 - >>> ENTERING ChangeMapService.changeMap()
[DEBUG] 2025-09-08 21:49:21.464 - Player: Tân binh-4
[DEBUG] 2025-09-08 21:49:21.464 - Target MapId: -1, ZoneId: -1
[DEBUG] 2025-09-08 21:49:21.465 - >>> ENTERING ChangeMapService.changeMap()
[DEBUG] 2025-09-08 21:49:21.465 - Player: Tân binh-3
[DEBUG] 2025-09-08 21:49:21.465 - Target MapId: -1, ZoneId: -1
[DEBUG] 2025-09-08 21:49:21.466 - >>> ENTERING ChangeMapService.changeMap()
[DEBUG] 2025-09-08 21:49:21.466 - Player: Tân binh-2
[DEBUG] 2025-09-08 21:49:21.466 - Target MapId: -1, ZoneId: -1
[DEBUG] 2025-09-08 21:49:21.467 - >>> ENTERING ChangeMapService.changeMap()
[DEBUG] 2025-09-08 21:49:21.467 - Player: Tân binh-1
[DEBUG] 2025-09-08 21:49:21.467 - Target MapId: -1, ZoneId: -1
[DEBUG] 2025-09-08 21:49:21.468 - >>> ENTERING ChangeMapService.changeMap()
[DEBUG] 2025-09-08 21:49:21.468 - Player: Tân binh-0
[DEBUG] 2025-09-08 21:49:21.468 - Target MapId: -1, ZoneId: -1
[DEBUG] 2025-09-08 21:49:21.469 - >>> ENTERING ChangeMapService.changeMap()
[DEBUG] 2025-09-08 21:49:21.469 - Player: Tân binh-4
[DEBUG] 2025-09-08 21:49:21.469 - Target MapId: -1, ZoneId: -1
[DEBUG] 2025-09-08 21:49:21.470 - >>> ENTERING ChangeMapService.changeMap()
[DEBUG] 2025-09-08 21:49:21.470 - Player: Tân binh-3
[DEBUG] 2025-09-08 21:49:21.470 - Target MapId: -1, ZoneId: -1
[DEBUG] 2025-09-08 21:49:21.471 - >>> ENTERING ChangeMapService.changeMap()
[DEBUG] 2025-09-08 21:49:21.471 - Player: Tân binh-2
[DEBUG] 2025-09-08 21:49:21.472 - Target MapId: -1, ZoneId: -1
[DEBUG] 2025-09-08 21:49:21.472 - >>> ENTERING ChangeMapService.changeMap()
[DEBUG] 2025-09-08 21:49:21.472 - Player: Tân binh-1
[DEBUG] 2025-09-08 21:49:21.473 - Target MapId: -1, ZoneId: -1
[DEBUG] 2025-09-08 21:49:21.473 - >>> ENTERING ChangeMapService.changeMap()
[DEBUG] 2025-09-08 21:49:21.474 - Player: Tân binh-0
[DEBUG] 2025-09-08 21:49:21.474 - Target MapId: -1, ZoneId: -1
[DEBUG] 2025-09-08 21:49:21.475 - >>> ENTERING ChangeMapService.changeMap()
[DEBUG] 2025-09-08 21:49:21.476 - Player: Tân binh-4
[DEBUG] 2025-09-08 21:49:21.476 - Target MapId: -1, ZoneId: -1
[DEBUG] 2025-09-08 21:49:21.477 - >>> ENTERING ChangeMapService.changeMap()
[DEBUG] 2025-09-08 21:49:21.477 - Player: Tân binh-3
[DEBUG] 2025-09-08 21:49:21.477 - Target MapId: -1, ZoneId: -1
[DEBUG] 2025-09-08 21:49:21.478 - >>> ENTERING ChangeMapService.changeMap()
[DEBUG] 2025-09-08 21:49:21.478 - Player: Tân binh-2
[DEBUG] 2025-09-08 21:49:21.478 - Target MapId: -1, ZoneId: -1
[DEBUG] 2025-09-08 21:49:21.479 - >>> ENTERING ChangeMapService.changeMap()
[DEBUG] 2025-09-08 21:49:21.479 - Player: Tân binh-1
[DEBUG] 2025-09-08 21:49:21.479 - Target MapId: -1, ZoneId: -1
[DEBUG] 2025-09-08 21:49:21.479 - >>> ENTERING ChangeMapService.changeMap()
[DEBUG] 2025-09-08 21:49:21.480 - Player: Tân binh-0
[DEBUG] 2025-09-08 21:49:21.480 - Target MapId: -1, ZoneId: -1
[DEBUG] 2025-09-08 21:49:21.481 - >>> ENTERING ChangeMapService.changeMap()
[DEBUG] 2025-09-08 21:49:21.481 - Player: Tân binh-4
[DEBUG] 2025-09-08 21:49:21.482 - Target MapId: -1, ZoneId: -1
[DEBUG] 2025-09-08 21:49:21.482 - >>> ENTERING ChangeMapService.changeMap()
[DEBUG] 2025-09-08 21:49:21.482 - Player: Tân binh-3
[DEBUG] 2025-09-08 21:49:21.483 - Target MapId: -1, ZoneId: -1
[DEBUG] 2025-09-08 21:49:21.483 - >>> ENTERING ChangeMapService.changeMap()
[DEBUG] 2025-09-08 21:49:21.483 - Player: Tân binh-2
[DEBUG] 2025-09-08 21:49:21.484 - Target MapId: -1, ZoneId: -1
[DEBUG] 2025-09-08 21:49:21.484 - >>> ENTERING ChangeMapService.changeMap()
[DEBUG] 2025-09-08 21:49:21.484 - Player: Tân binh-1
[DEBUG] 2025-09-08 21:49:21.485 - Target MapId: -1, ZoneId: -1
[DEBUG] 2025-09-08 21:49:21.485 - >>> ENTERING ChangeMapService.changeMap()
[DEBUG] 2025-09-08 21:49:21.486 - Player: Tân binh-0
[DEBUG] 2025-09-08 21:49:21.486 - Target MapId: -1, ZoneId: -1
[DEBUG] 2025-09-08 21:49:21.486 - >>> ENTERING ChangeMapService.changeMap()
[DEBUG] 2025-09-08 21:49:21.487 - Player: Tân binh-4
[DEBUG] 2025-09-08 21:49:21.487 - Target MapId: -1, ZoneId: -1
[DEBUG] 2025-09-08 21:49:21.487 - >>> ENTERING ChangeMapService.changeMap()
[DEBUG] 2025-09-08 21:49:21.487 - Player: Tân binh-3
[DEBUG] 2025-09-08 21:49:21.489 - Target MapId: -1, ZoneId: -1
[DEBUG] 2025-09-08 21:49:21.489 - >>> ENTERING ChangeMapService.changeMap()
[DEBUG] 2025-09-08 21:49:21.489 - Player: Tân binh-2
[DEBUG] 2025-09-08 21:49:21.490 - Target MapId: -1, ZoneId: -1
[DEBUG] 2025-09-08 21:49:21.491 - >>> ENTERING ChangeMapService.changeMap()
[DEBUG] 2025-09-08 21:49:21.491 - Player: Tân binh-1
[DEBUG] 2025-09-08 21:49:21.492 - Target MapId: -1, ZoneId: -1
[DEBUG] 2025-09-08 21:49:21.492 - >>> ENTERING ChangeMapService.changeMap()
[DEBUG] 2025-09-08 21:49:21.493 - Player: Tân binh-0
[DEBUG] 2025-09-08 21:49:21.493 - Target MapId: -1, ZoneId: -1
[DEBUG] 2025-09-08 21:49:21.494 - >>> ENTERING ChangeMapService.changeMap()
[DEBUG] 2025-09-08 21:49:21.494 - Player: Tân binh-4
[DEBUG] 2025-09-08 21:49:21.494 - Target MapId: -1, ZoneId: -1
[DEBUG] 2025-09-08 21:49:21.495 - >>> ENTERING ChangeMapService.changeMap()
[DEBUG] 2025-09-08 21:49:21.495 - Player: Tân binh-3
[DEBUG] 2025-09-08 21:49:21.496 - Target MapId: -1, ZoneId: -1
[DEBUG] 2025-09-08 21:49:21.496 - >>> ENTERING ChangeMapService.changeMap()
[DEBUG] 2025-09-08 21:49:21.496 - Player: Tân binh-2
[DEBUG] 2025-09-08 21:49:21.497 - Target MapId: -1, ZoneId: -1
[DEBUG] 2025-09-08 21:49:21.497 - >>> ENTERING ChangeMapService.changeMap()
[DEBUG] 2025-09-08 21:49:21.497 - Player: Tân binh-1
[DEBUG] 2025-09-08 21:49:21.498 - Target MapId: -1, ZoneId: -1
[DEBUG] 2025-09-08 21:49:21.498 - >>> ENTERING ChangeMapService.changeMap()
[DEBUG] 2025-09-08 21:49:21.498 - Player: Tân binh-0
[DEBUG] 2025-09-08 21:49:21.498 - Target MapId: -1, ZoneId: -1
[DEBUG] 2025-09-08 21:49:21.500 - >>> ENTERING ChangeMapService.changeMap()
[DEBUG] 2025-09-08 21:49:21.500 - Player: Tập sự-4
[DEBUG] 2025-09-08 21:49:21.500 - Target MapId: -1, ZoneId: -1
[DEBUG] 2025-09-08 21:49:21.501 - >>> ENTERING ChangeMapService.changeMap()
[DEBUG] 2025-09-08 21:49:21.501 - Player: Tập sự-3
[DEBUG] 2025-09-08 21:49:21.501 - Target MapId: -1, ZoneId: -1
[DEBUG] 2025-09-08 21:49:21.502 - >>> ENTERING ChangeMapService.changeMap()
[DEBUG] 2025-09-08 21:49:21.502 - Player: Tập sự-2
[DEBUG] 2025-09-08 21:49:21.502 - Target MapId: -1, ZoneId: -1
[DEBUG] 2025-09-08 21:49:21.502 - >>> ENTERING ChangeMapService.changeMap()
[DEBUG] 2025-09-08 21:49:21.503 - Player: Tập sự-1
[DEBUG] 2025-09-08 21:49:21.503 - Target MapId: -1, ZoneId: -1
[DEBUG] 2025-09-08 21:49:21.503 - >>> ENTERING ChangeMapService.changeMap()
[DEBUG] 2025-09-08 21:49:21.504 - Player: Tập sự-0
[DEBUG] 2025-09-08 21:49:21.504 - Target MapId: -1, ZoneId: -1
[DEBUG] 2025-09-08 21:49:21.504 - >>> ENTERING ChangeMapService.changeMap()
[DEBUG] 2025-09-08 21:49:21.504 - Player: Tập sự-4
[DEBUG] 2025-09-08 21:49:21.505 - Target MapId: -1, ZoneId: -1
[DEBUG] 2025-09-08 21:49:21.505 - >>> ENTERING ChangeMapService.changeMap()
[DEBUG] 2025-09-08 21:49:21.505 - Player: Tập sự-3
[DEBUG] 2025-09-08 21:49:21.506 - Target MapId: -1, ZoneId: -1
[DEBUG] 2025-09-08 21:49:21.506 - >>> ENTERING ChangeMapService.changeMap()
[DEBUG] 2025-09-08 21:49:21.507 - Player: Tập sự-2
[DEBUG] 2025-09-08 21:49:21.507 - Target MapId: -1, ZoneId: -1
[DEBUG] 2025-09-08 21:49:21.507 - >>> ENTERING ChangeMapService.changeMap()
[DEBUG] 2025-09-08 21:49:21.507 - Player: Tập sự-1
[DEBUG] 2025-09-08 21:49:21.508 - Target MapId: -1, ZoneId: -1
[DEBUG] 2025-09-08 21:49:21.508 - >>> ENTERING ChangeMapService.changeMap()
[DEBUG] 2025-09-08 21:49:21.508 - Player: Tập sự-0
[DEBUG] 2025-09-08 21:49:21.508 - Target MapId: -1, ZoneId: -1
[DEBUG] 2025-09-08 21:49:21.508 - >>> ENTERING ChangeMapService.changeMap()
[DEBUG] 2025-09-08 21:49:21.508 - Player: Tập sự-4
[DEBUG] 2025-09-08 21:49:21.508 - Target MapId: -1, ZoneId: -1
[DEBUG] 2025-09-08 21:49:21.508 - >>> ENTERING ChangeMapService.changeMap()
[DEBUG] 2025-09-08 21:49:21.508 - Player: Tập sự-3
[DEBUG] 2025-09-08 21:49:21.510 - Target MapId: -1, ZoneId: -1
[DEBUG] 2025-09-08 21:49:21.510 - >>> ENTERING ChangeMapService.changeMap()
[DEBUG] 2025-09-08 21:49:21.510 - Player: Tập sự-2
[DEBUG] 2025-09-08 21:49:21.510 - Target MapId: -1, ZoneId: -1
[DEBUG] 2025-09-08 21:49:21.510 - >>> ENTERING ChangeMapService.changeMap()
[DEBUG] 2025-09-08 21:49:21.510 - Player: Tập sự-1
[DEBUG] 2025-09-08 21:49:21.510 - Target MapId: -1, ZoneId: -1
[DEBUG] 2025-09-08 21:49:21.510 - >>> ENTERING ChangeMapService.changeMap()
[DEBUG] 2025-09-08 21:49:21.511 - Player: Tập sự-0
[DEBUG] 2025-09-08 21:49:21.511 - Target MapId: -1, ZoneId: -1
[DEBUG] 2025-09-08 21:49:21.511 - >>> ENTERING ChangeMapService.changeMap()
[DEBUG] 2025-09-08 21:49:21.511 - Player: Tập sự-4
[DEBUG] 2025-09-08 21:49:21.511 - Target MapId: -1, ZoneId: -1
[DEBUG] 2025-09-08 21:49:21.511 - >>> ENTERING ChangeMapService.changeMap()
[DEBUG] 2025-09-08 21:49:21.511 - Player: Tập sự-3
[DEBUG] 2025-09-08 21:49:21.512 - Target MapId: -1, ZoneId: -1
[DEBUG] 2025-09-08 21:49:21.512 - >>> ENTERING ChangeMapService.changeMap()
[DEBUG] 2025-09-08 21:49:21.512 - Player: Tập sự-2
[DEBUG] 2025-09-08 21:49:21.512 - Target MapId: -1, ZoneId: -1
[DEBUG] 2025-09-08 21:49:21.512 - >>> ENTERING ChangeMapService.changeMap()
[DEBUG] 2025-09-08 21:49:21.512 - Player: Tập sự-1
[DEBUG] 2025-09-08 21:49:21.512 - Target MapId: -1, ZoneId: -1
[DEBUG] 2025-09-08 21:49:21.512 - >>> ENTERING ChangeMapService.changeMap()
[DEBUG] 2025-09-08 21:49:21.513 - Player: Tập sự-0
[DEBUG] 2025-09-08 21:49:21.513 - Target MapId: -1, ZoneId: -1
[DEBUG] 2025-09-08 21:49:21.513 - >>> ENTERING ChangeMapService.changeMap()
[DEBUG] 2025-09-08 21:49:21.513 - Player: Tập sự-4
[DEBUG] 2025-09-08 21:49:21.513 - Target MapId: -1, ZoneId: -1
[DEBUG] 2025-09-08 21:49:21.513 - >>> ENTERING ChangeMapService.changeMap()
[DEBUG] 2025-09-08 21:49:21.513 - Player: Tập sự-3
[DEBUG] 2025-09-08 21:49:21.513 - Target MapId: -1, ZoneId: -1
[DEBUG] 2025-09-08 21:49:21.513 - >>> ENTERING ChangeMapService.changeMap()
[DEBUG] 2025-09-08 21:49:21.513 - Player: Tập sự-2
[DEBUG] 2025-09-08 21:49:21.514 - Target MapId: -1, ZoneId: -1
[DEBUG] 2025-09-08 21:49:21.514 - >>> ENTERING ChangeMapService.changeMap()
[DEBUG] 2025-09-08 21:49:21.514 - Player: Tập sự-1
[DEBUG] 2025-09-08 21:49:21.514 - Target MapId: -1, ZoneId: -1
[DEBUG] 2025-09-08 21:49:21.514 - >>> ENTERING ChangeMapService.changeMap()
[DEBUG] 2025-09-08 21:49:21.514 - Player: Tập sự-0
[DEBUG] 2025-09-08 21:49:21.514 - Target MapId: -1, ZoneId: -1
[DEBUG] 2025-09-08 21:49:21.514 - >>> ENTERING ChangeMapService.changeMap()
[DEBUG] 2025-09-08 21:49:21.514 - Player: Tập sự-4
[DEBUG] 2025-09-08 21:49:21.515 - Target MapId: -1, ZoneId: -1
[DEBUG] 2025-09-08 21:49:21.515 - >>> ENTERING ChangeMapService.changeMap()
[DEBUG] 2025-09-08 21:49:21.515 - Player: Tập sự-3
[DEBUG] 2025-09-08 21:49:21.515 - Target MapId: -1, ZoneId: -1
[DEBUG] 2025-09-08 21:49:21.515 - >>> ENTERING ChangeMapService.changeMap()
[DEBUG] 2025-09-08 21:49:21.515 - Player: Tập sự-2
[DEBUG] 2025-09-08 21:49:21.515 - Target MapId: -1, ZoneId: -1
[DEBUG] 2025-09-08 21:49:21.515 - >>> ENTERING ChangeMapService.changeMap()
[DEBUG] 2025-09-08 21:49:21.515 - Player: Tập sự-1
[DEBUG] 2025-09-08 21:49:21.516 - Target MapId: -1, ZoneId: -1
[DEBUG] 2025-09-08 21:49:21.516 - >>> ENTERING ChangeMapService.changeMap()
[DEBUG] 2025-09-08 21:49:21.516 - Player: Tập sự-0
[DEBUG] 2025-09-08 21:49:21.516 - Target MapId: -1, ZoneId: -1
[DEBUG] 2025-09-08 21:49:21.516 - >>> ENTERING ChangeMapService.changeMap()
[DEBUG] 2025-09-08 21:49:21.516 - Player: Tập sự-4
[DEBUG] 2025-09-08 21:49:21.516 - Target MapId: -1, ZoneId: -1
[DEBUG] 2025-09-08 21:49:21.516 - >>> ENTERING ChangeMapService.changeMap()
[DEBUG] 2025-09-08 21:49:21.516 - Player: Tập sự-3
[DEBUG] 2025-09-08 21:49:21.517 - Target MapId: -1, ZoneId: -1
[DEBUG] 2025-09-08 21:49:21.517 - >>> ENTERING ChangeMapService.changeMap()
[DEBUG] 2025-09-08 21:49:21.517 - Player: Tập sự-2
[DEBUG] 2025-09-08 21:49:21.517 - Target MapId: -1, ZoneId: -1
[DEBUG] 2025-09-08 21:49:21.517 - >>> ENTERING ChangeMapService.changeMap()
[DEBUG] 2025-09-08 21:49:21.517 - Player: Tập sự-1
[DEBUG] 2025-09-08 21:49:21.517 - Target MapId: -1, ZoneId: -1
[DEBUG] 2025-09-08 21:49:21.518 - >>> ENTERING ChangeMapService.changeMap()
[DEBUG] 2025-09-08 21:49:21.518 - Player: Tập sự-0
[DEBUG] 2025-09-08 21:49:21.518 - Target MapId: -1, ZoneId: -1
[DEBUG] 2025-09-08 21:49:21.518 - >>> ENTERING ChangeMapService.changeMap()
[DEBUG] 2025-09-08 21:49:21.518 - Player: Tập sự-4
[DEBUG] 2025-09-08 21:49:21.518 - Target MapId: -1, ZoneId: -1
[DEBUG] 2025-09-08 21:49:21.518 - >>> ENTERING ChangeMapService.changeMap()
[DEBUG] 2025-09-08 21:49:21.519 - Player: Tập sự-3
[DEBUG] 2025-09-08 21:49:21.519 - Target MapId: -1, ZoneId: -1
[DEBUG] 2025-09-08 21:49:21.519 - >>> ENTERING ChangeMapService.changeMap()
[DEBUG] 2025-09-08 21:49:21.519 - Player: Tập sự-2
[DEBUG] 2025-09-08 21:49:21.519 - Target MapId: -1, ZoneId: -1
[DEBUG] 2025-09-08 21:49:21.519 - >>> ENTERING ChangeMapService.changeMap()
[DEBUG] 2025-09-08 21:49:21.519 - Player: Tập sự-1
[DEBUG] 2025-09-08 21:49:21.519 - Target MapId: -1, ZoneId: -1
[DEBUG] 2025-09-08 21:49:21.520 - >>> ENTERING ChangeMapService.changeMap()
[DEBUG] 2025-09-08 21:49:21.520 - Player: Tập sự-0
[DEBUG] 2025-09-08 21:49:21.520 - Target MapId: -1, ZoneId: -1
[DEBUG] 2025-09-08 21:49:21.520 - >>> ENTERING ChangeMapService.changeMap()
[DEBUG] 2025-09-08 21:49:21.520 - Player: Tập sự-4
[DEBUG] 2025-09-08 21:49:21.520 - Target MapId: -1, ZoneId: -1
[DEBUG] 2025-09-08 21:49:21.520 - >>> ENTERING ChangeMapService.changeMap()
[DEBUG] 2025-09-08 21:49:21.520 - Player: Tập sự-3
[DEBUG] 2025-09-08 21:49:21.520 - Target MapId: -1, ZoneId: -1
[DEBUG] 2025-09-08 21:49:21.520 - >>> ENTERING ChangeMapService.changeMap()
[DEBUG] 2025-09-08 21:49:21.521 - Player: Tập sự-2
[DEBUG] 2025-09-08 21:49:21.522 - Target MapId: -1, ZoneId: -1
[DEBUG] 2025-09-08 21:49:21.522 - >>> ENTERING ChangeMapService.changeMap()
[DEBUG] 2025-09-08 21:49:21.522 - Player: Tập sự-1
[DEBUG] 2025-09-08 21:49:21.522 - Target MapId: -1, ZoneId: -1
[DEBUG] 2025-09-08 21:49:21.523 - >>> ENTERING ChangeMapService.changeMap()
[DEBUG] 2025-09-08 21:49:21.523 - Player: Tập sự-0
[DEBUG] 2025-09-08 21:49:21.523 - Target MapId: -1, ZoneId: -1
[DEBUG] 2025-09-08 21:49:21.524 - >>> ENTERING ChangeMapService.changeMap()
[DEBUG] 2025-09-08 21:49:21.524 - Player: Tập sự-4
[DEBUG] 2025-09-08 21:49:21.524 - Target MapId: -1, ZoneId: -1
[DEBUG] 2025-09-08 21:49:21.525 - >>> ENTERING ChangeMapService.changeMap()
[DEBUG] 2025-09-08 21:49:21.525 - Player: Tập sự-3
[DEBUG] 2025-09-08 21:49:21.525 - Target MapId: -1, ZoneId: -1
[DEBUG] 2025-09-08 21:49:21.525 - >>> ENTERING ChangeMapService.changeMap()
[DEBUG] 2025-09-08 21:49:21.525 - Player: Tập sự-2
[DEBUG] 2025-09-08 21:49:21.526 - Target MapId: -1, ZoneId: -1
[DEBUG] 2025-09-08 21:49:21.526 - >>> ENTERING ChangeMapService.changeMap()
[DEBUG] 2025-09-08 21:49:21.527 - Player: Tập sự-1
[DEBUG] 2025-09-08 21:49:21.527 - Target MapId: -1, ZoneId: -1
[DEBUG] 2025-09-08 21:49:21.528 - >>> ENTERING ChangeMapService.changeMap()
[DEBUG] 2025-09-08 21:49:21.528 - Player: Tập sự-0
[DEBUG] 2025-09-08 21:49:21.528 - Target MapId: -1, ZoneId: -1
[DEBUG] 2025-09-08 21:49:21.529 - >>> ENTERING ChangeMapService.changeMap()
[DEBUG] 2025-09-08 21:49:21.529 - Player: Tập sự-4
[DEBUG] 2025-09-08 21:49:21.529 - Target MapId: -1, ZoneId: -1
[DEBUG] 2025-09-08 21:49:21.530 - >>> ENTERING ChangeMapService.changeMap()
[DEBUG] 2025-09-08 21:49:21.530 - Player: Tập sự-3
[DEBUG] 2025-09-08 21:49:21.530 - Target MapId: -1, ZoneId: -1
[DEBUG] 2025-09-08 21:49:21.531 - >>> ENTERING ChangeMapService.changeMap()
[DEBUG] 2025-09-08 21:49:21.531 - Player: Tập sự-2
[DEBUG] 2025-09-08 21:49:21.531 - Target MapId: -1, ZoneId: -1
[DEBUG] 2025-09-08 21:49:21.532 - >>> ENTERING ChangeMapService.changeMap()
[DEBUG] 2025-09-08 21:49:21.532 - Player: Tập sự-1
[DEBUG] 2025-09-08 21:49:21.533 - Target MapId: -1, ZoneId: -1
[DEBUG] 2025-09-08 21:49:21.533 - >>> ENTERING ChangeMapService.changeMap()
[DEBUG] 2025-09-08 21:49:21.533 - Player: Tập sự-0
[DEBUG] 2025-09-08 21:49:21.534 - Target MapId: -1, ZoneId: -1
[DEBUG] 2025-09-08 21:49:21.534 - >>> ENTERING ChangeMapService.changeMap()
[DEBUG] 2025-09-08 21:49:21.535 - Player: Tập sự-4
[DEBUG] 2025-09-08 21:49:21.535 - Target MapId: -1, ZoneId: -1
[DEBUG] 2025-09-08 21:49:21.536 - >>> ENTERING ChangeMapService.changeMap()
[DEBUG] 2025-09-08 21:49:21.536 - Player: Tập sự-3
[DEBUG] 2025-09-08 21:49:21.536 - Target MapId: -1, ZoneId: -1
[DEBUG] 2025-09-08 21:49:21.537 - >>> ENTERING ChangeMapService.changeMap()
[DEBUG] 2025-09-08 21:49:21.537 - Player: Tập sự-2
[DEBUG] 2025-09-08 21:49:21.537 - Target MapId: -1, ZoneId: -1
[DEBUG] 2025-09-08 21:49:21.538 - >>> ENTERING ChangeMapService.changeMap()
[DEBUG] 2025-09-08 21:49:21.538 - Player: Tập sự-1
[DEBUG] 2025-09-08 21:49:21.538 - Target MapId: -1, ZoneId: -1
[DEBUG] 2025-09-08 21:49:21.540 - >>> ENTERING ChangeMapService.changeMap()
[DEBUG] 2025-09-08 21:49:21.540 - Player: Tập sự-0
[DEBUG] 2025-09-08 21:49:21.541 - Target MapId: -1, ZoneId: -1
[DEBUG] 2025-09-08 21:49:21.541 - >>> ENTERING ChangeMapService.changeMap()
[DEBUG] 2025-09-08 21:49:21.542 - Player: Tập sự-4
[DEBUG] 2025-09-08 21:49:21.542 - Target MapId: -1, ZoneId: -1
[DEBUG] 2025-09-08 21:49:21.543 - >>> ENTERING ChangeMapService.changeMap()
[DEBUG] 2025-09-08 21:49:21.543 - Player: Tập sự-3
[DEBUG] 2025-09-08 21:49:21.544 - Target MapId: -1, ZoneId: -1
[DEBUG] 2025-09-08 21:49:21.544 - >>> ENTERING ChangeMapService.changeMap()
[DEBUG] 2025-09-08 21:49:21.544 - Player: Tập sự-2
[DEBUG] 2025-09-08 21:49:21.545 - Target MapId: -1, ZoneId: -1
[DEBUG] 2025-09-08 21:49:21.545 - >>> ENTERING ChangeMapService.changeMap()
[DEBUG] 2025-09-08 21:49:21.545 - Player: Tập sự-1
[DEBUG] 2025-09-08 21:49:21.546 - Target MapId: -1, ZoneId: -1
[DEBUG] 2025-09-08 21:49:21.546 - >>> ENTERING ChangeMapService.changeMap()
[DEBUG] 2025-09-08 21:49:21.547 - Player: Tập sự-0
[DEBUG] 2025-09-08 21:49:21.547 - Target MapId: -1, ZoneId: -1
[DEBUG] 2025-09-08 21:49:21.547 - >>> ENTERING ChangeMapService.changeMap()
[DEBUG] 2025-09-08 21:49:21.548 - Player: Tập sự-4
[DEBUG] 2025-09-08 21:49:21.548 - Target MapId: -1, ZoneId: -1
[DEBUG] 2025-09-08 21:49:21.548 - >>> ENTERING ChangeMapService.changeMap()
[DEBUG] 2025-09-08 21:49:21.549 - Player: Tập sự-3
[DEBUG] 2025-09-08 21:49:21.549 - Target MapId: -1, ZoneId: -1
[DEBUG] 2025-09-08 21:49:21.549 - >>> ENTERING ChangeMapService.changeMap()
[DEBUG] 2025-09-08 21:49:21.550 - Player: Tập sự-2
[DEBUG] 2025-09-08 21:49:21.550 - Target MapId: -1, ZoneId: -1
[DEBUG] 2025-09-08 21:49:21.550 - >>> ENTERING ChangeMapService.changeMap()
[DEBUG] 2025-09-08 21:49:21.551 - Player: Tập sự-1
[DEBUG] 2025-09-08 21:49:21.551 - Target MapId: -1, ZoneId: -1
[DEBUG] 2025-09-08 21:49:21.551 - >>> ENTERING ChangeMapService.changeMap()
[DEBUG] 2025-09-08 21:49:21.552 - Player: Tập sự-0
[DEBUG] 2025-09-08 21:49:21.552 - Target MapId: -1, ZoneId: -1
[DEBUG] 2025-09-08 21:49:21.552 - >>> ENTERING ChangeMapService.changeMap()
[DEBUG] 2025-09-08 21:49:21.553 - Player: Tập sự-4
[DEBUG] 2025-09-08 21:49:21.553 - Target MapId: -1, ZoneId: -1
[DEBUG] 2025-09-08 21:49:21.553 - >>> ENTERING ChangeMapService.changeMap()
[DEBUG] 2025-09-08 21:49:21.553 - Player: Tập sự-3
[DEBUG] 2025-09-08 21:49:21.553 - Target MapId: -1, ZoneId: -1
[DEBUG] 2025-09-08 21:49:21.554 - >>> ENTERING ChangeMapService.changeMap()
[DEBUG] 2025-09-08 21:49:21.554 - Player: Tập sự-2
[DEBUG] 2025-09-08 21:49:21.554 - Target MapId: -1, ZoneId: -1
[DEBUG] 2025-09-08 21:49:21.554 - >>> ENTERING ChangeMapService.changeMap()
[DEBUG] 2025-09-08 21:49:21.554 - Player: Tập sự-1
[DEBUG] 2025-09-08 21:49:21.554 - Target MapId: -1, ZoneId: -1
[DEBUG] 2025-09-08 21:49:21.554 - >>> ENTERING ChangeMapService.changeMap()
[DEBUG] 2025-09-08 21:49:21.555 - Player: Tập sự-0
[DEBUG] 2025-09-08 21:49:21.555 - Target MapId: -1, ZoneId: -1
[DEBUG] 2025-09-08 21:49:21.638 - >>> ENTERING ChangeMapService.changeMap()
[DEBUG] 2025-09-08 21:49:21.638 - Player: $
[DEBUG] 2025-09-08 21:49:21.640 - Target MapId: -1, ZoneId: -1
[DEBUG] 2025-09-08 21:49:21.640 - >>> ENTERING ChangeMapService.changeMap()
[DEBUG] 2025-09-08 21:49:21.641 - Player: $
[DEBUG] 2025-09-08 21:49:21.641 - Target MapId: -1, ZoneId: -1
[DEBUG] 2025-09-08 21:49:21.641 - >>> ENTERING ChangeMapService.changeMap()
[DEBUG] 2025-09-08 21:49:21.642 - Player: $
[DEBUG] 2025-09-08 21:49:21.642 - Target MapId: -1, ZoneId: -1
[DEBUG] 2025-09-08 21:49:21.643 - >>> ENTERING ChangeMapService.changeMap()
[DEBUG] 2025-09-08 21:49:21.643 - Player: $
[DEBUG] 2025-09-08 21:49:21.643 - Target MapId: -1, ZoneId: -1
[DEBUG] 2025-09-08 21:49:21.644 - >>> ENTERING ChangeMapService.changeMap()
[DEBUG] 2025-09-08 21:49:21.644 - Player: $
[DEBUG] 2025-09-08 21:49:21.644 - Target MapId: -1, ZoneId: -1
[DEBUG] 2025-09-08 21:49:24.084 - >>> ENTERING ChangeMapService.changeMap()
[DEBUG] 2025-09-08 21:49:24.085 - Player: Super Broly 12
[DEBUG] 2025-09-08 21:49:24.085 - Target MapId: -1, ZoneId: -1
[DEBUG] 2025-09-08 21:49:26.764 - >>> ENTERING ChangeMapService.changeMap()
[DEBUG] 2025-09-08 21:49:26.766 - Player: $
[DEBUG] 2025-09-08 21:49:26.766 - Target MapId: -1, ZoneId: -1
[DEBUG] 2025-09-08 21:49:26.768 - >>> ENTERING ChangeMapService.changeMap()
[DEBUG] 2025-09-08 21:49:26.768 - Player: $
[DEBUG] 2025-09-08 21:49:26.769 - Target MapId: -1, ZoneId: -1
[DEBUG] 2025-09-08 21:49:26.770 - >>> ENTERING ChangeMapService.changeMap()
[DEBUG] 2025-09-08 21:49:26.770 - Player: $
[DEBUG] 2025-09-08 21:49:26.770 - Target MapId: -1, ZoneId: -1
[DEBUG] 2025-09-08 21:49:26.771 - >>> ENTERING ChangeMapService.changeMap()
[DEBUG] 2025-09-08 21:49:26.772 - Player: $
[DEBUG] 2025-09-08 21:49:26.773 - Target MapId: -1, ZoneId: -1
[DEBUG] 2025-09-08 21:49:26.774 - >>> ENTERING ChangeMapService.changeMap()
[DEBUG] 2025-09-08 21:49:26.774 - Player: $
[DEBUG] 2025-09-08 21:49:26.775 - Target MapId: -1, ZoneId: -1
[DEBUG] 2025-09-08 21:49:26.775 - >>> ENTERING ChangeMapService.changeMap()
[DEBUG] 2025-09-08 21:49:26.776 - Player: $
[DEBUG] 2025-09-08 21:49:26.776 - Target MapId: -1, ZoneId: -1
[DEBUG] 2025-09-08 21:49:26.777 - >>> ENTERING ChangeMapService.changeMap()
[DEBUG] 2025-09-08 21:49:26.777 - Player: $
[DEBUG] 2025-09-08 21:49:26.778 - Target MapId: -1, ZoneId: -1
[DEBUG] 2025-09-08 21:49:26.779 - >>> ENTERING ChangeMapService.changeMap()
[DEBUG] 2025-09-08 21:49:26.779 - Player: $
[DEBUG] 2025-09-08 21:49:26.780 - Target MapId: -1, ZoneId: -1
[DEBUG] 2025-09-08 21:49:26.782 - >>> ENTERING ChangeMapService.changeMap()
[DEBUG] 2025-09-08 21:49:26.782 - Player: $
[DEBUG] 2025-09-08 21:49:26.783 - Target MapId: -1, ZoneId: -1
[DEBUG] 2025-09-08 21:49:26.784 - >>> ENTERING ChangeMapService.changeMap()
[DEBUG] 2025-09-08 21:49:26.785 - Player: $
[DEBUG] 2025-09-08 21:49:26.786 - Target MapId: -1, ZoneId: -1
[DEBUG] 2025-09-08 21:49:27.436 - >>> ENTERING ChangeMapService.changeMap()
[DEBUG] 2025-09-08 21:49:27.437 - Player: test2
[DEBUG] 2025-09-08 21:49:27.438 - Target MapId: -1, ZoneId: -1
[DEBUG] 2025-09-08 21:49:27.440 - ==================================================
[DEBUG] 2025-09-08 21:49:27.441 - Player entered map 47 - checking for boss spawn
[DEBUG] 2025-09-08 21:49:27.442 - Current task: 18432
[DEBUG] 2025-09-08 21:49:27.443 - TASK_9_0: 18432
[DEBUG] 2025-09-08 21:49:27.443 - TASK_10_2: 20484
[DEBUG] 2025-09-08 21:49:27.444 - Task condition NOT met - no boss spawn
[DEBUG] 2025-09-08 21:49:27.445 - ==================================================
[DEBUG] 2025-09-08 21:49:28.485 - >>> ENTERING TrainingService.callBoss()
[DEBUG] 2025-09-08 21:49:28.496 - Parameters - Player: test2, BossID: -457547, isThachDau: false
[DEBUG] 2025-09-08 21:49:28.497 - Player zone: 47
[DEBUG] 2025-09-08 21:49:28.499 - Setting isThachDau to: false
[DEBUG] 2025-09-08 21:49:28.500 - NPC ID for boss: -1
[DEBUG] 2025-09-08 21:49:28.501 - Creating boss with ID: -457547
[DEBUG] 2025-09-08 21:49:28.502 - Creating TauPayPay1 boss...
[DEBUG] 2025-09-08 21:49:28.506 - TauPayPay1 created successfully
[DEBUG] 2025-09-08 21:49:28.507 - <<< EXITING TrainingService.callBoss()
[DEBUG] 2025-09-08 21:49:28.795 - >>> ENTERING TauPayPay1.joinMap()
[DEBUG] 2025-09-08 21:49:28.796 - Changing status to CHAT_S...
[DEBUG] 2025-09-08 21:49:28.796 - Status changed successfully
[DEBUG] 2025-09-08 21:49:28.797 - <<< EXITING TauPayPay1.joinMap()
[DEBUG] 2025-09-08 21:49:35.675 - >>> ENTERING ChangeMapService.changeMap()
[DEBUG] 2025-09-08 21:49:35.676 - Player: test2
[DEBUG] 2025-09-08 21:49:35.677 - Target MapId: -1, ZoneId: -1
[DEBUG] 2025-09-08 21:49:42.358 - >>> ENTERING TrainingService.callBoss()
[DEBUG] 2025-09-08 21:49:42.358 - Parameters - Player: test2, BossID: -357, isThachDau: true
[DEBUG] 2025-09-08 21:49:42.359 - Player zone: 46
[DEBUG] 2025-09-08 21:49:42.360 - Setting isThachDau to: true
[DEBUG] 2025-09-08 21:49:42.360 - NPC ID for boss: 18
[DEBUG] 2025-09-08 21:49:42.362 - Hiding NPC: 18
[DEBUG] 2025-09-08 21:49:42.362 - Creating boss with ID: -357
[DEBUG] 2025-09-08 21:49:42.363 - <<< EXITING TrainingService.callBoss()
[DEBUG] 2025-09-08 21:49:42.528 - >>> ENTERING ChangeMapService.changeMap()
[DEBUG] 2025-09-08 21:49:42.529 - Player: Karin
[DEBUG] 2025-09-08 21:49:42.529 - Target MapId: -1, ZoneId: -1
[DEBUG] 2025-09-08 21:49:47.044 - >>> ENTERING ChangeMapService.changeMap()
[DEBUG] 2025-09-08 21:49:47.045 - Player: $
[DEBUG] 2025-09-08 21:49:47.045 - Target MapId: -1, ZoneId: -1
[DEBUG] 2025-09-08 21:49:47.047 - >>> ENTERING ChangeMapService.changeMap()
[DEBUG] 2025-09-08 21:49:47.048 - Player: $
[DEBUG] 2025-09-08 21:49:47.048 - Target MapId: -1, ZoneId: -1
[DEBUG] 2025-09-08 21:49:47.049 - >>> ENTERING ChangeMapService.changeMap()
[DEBUG] 2025-09-08 21:49:47.049 - Player: $
[DEBUG] 2025-09-08 21:49:47.049 - Target MapId: -1, ZoneId: -1
[DEBUG] 2025-09-08 21:49:47.050 - >>> ENTERING ChangeMapService.changeMap()
[DEBUG] 2025-09-08 21:49:47.051 - Player: $
[DEBUG] 2025-09-08 21:49:47.051 - Target MapId: -1, ZoneId: -1
[DEBUG] 2025-09-08 21:49:47.052 - >>> ENTERING ChangeMapService.changeMap()
[DEBUG] 2025-09-08 21:49:47.053 - Player: $
[DEBUG] 2025-09-08 21:49:47.053 - Target MapId: -1, ZoneId: -1
[DEBUG] 2025-09-08 21:50:00.606 - >>> ENTERING ChangeMapService.changeMap()
[DEBUG] 2025-09-08 21:50:00.609 - Player: test2
[DEBUG] 2025-09-08 21:50:00.609 - Target MapId: -1, ZoneId: -1
[DEBUG] 2025-09-08 21:50:00.611 - ==================================================
[DEBUG] 2025-09-08 21:50:00.612 - Player entered map 47 - checking for boss spawn
[DEBUG] 2025-09-08 21:50:00.613 - Current task: 20482
[DEBUG] 2025-09-08 21:50:00.614 - TASK_9_0: 18432
[DEBUG] 2025-09-08 21:50:00.614 - TASK_10_2: 20484
[DEBUG] 2025-09-08 21:50:00.615 - Task condition met - calling boss spawn
[DEBUG] 2025-09-08 21:50:00.615 - >>> ENTERING TrainingService.callBoss()
[DEBUG] 2025-09-08 21:50:00.616 - Parameters - Player: test2, BossID: -457547, isThachDau: false
[DEBUG] 2025-09-08 21:50:00.617 - Player zone: 47
[DEBUG] 2025-09-08 21:50:00.617 - Setting isThachDau to: false
[DEBUG] 2025-09-08 21:50:00.618 - NPC ID for boss: -1
[DEBUG] 2025-09-08 21:50:00.618 - Creating boss with ID: -457547
[DEBUG] 2025-09-08 21:50:00.619 - Creating TauPayPay1 boss...
[DEBUG] 2025-09-08 21:50:00.619 - TauPayPay1 created successfully
[DEBUG] 2025-09-08 21:50:00.620 - <<< EXITING TrainingService.callBoss()
[DEBUG] 2025-09-08 21:50:00.620 - BOSS_SPAWN - Player: test2, BossID: -457547, Success: true
[DEBUG] 2025-09-08 21:50:00.621 - ==================================================
[DEBUG] 2025-09-08 21:50:00.777 - >>> ENTERING TauPayPay1.joinMap()
[DEBUG] 2025-09-08 21:50:00.777 - Changing status to CHAT_S...
[DEBUG] 2025-09-08 21:50:00.778 - Status changed successfully
[DEBUG] 2025-09-08 21:50:00.778 - <<< EXITING TauPayPay1.joinMap()
